"die Ausgewogenheit","<b>Definition:</b> Balance or equilibrium — the quality of being well-proportioned, fair, or evenly weighted, in the sense of a diet, a report, an argument, a portfolio, or a person's temperament containing no excessive or one-sided element.<br><br><b>Grammar:</b> Feminine noun: <b>die Ausgewogenheit</b>; usually uncountable, no plural. Derived from the adjective <b>ausgewogen</b> (""balanced""), itself the past participle of the separable verb <b>etwas (Akkusativ) auswiegen</b> (""to weigh out/counterbalance""). Common constructions: <b>auf Ausgewogenheit achten</b> (""to pay attention to balance""), <b>die Ausgewogenheit der Berichterstattung</b> (""the balance of the reporting""), <b>die Ausgewogenheit einer Ernährung</b> (""the balance of a diet"").<br><br><b>Example:</b> <i>Die Redaktion legt großen Wert auf die Ausgewogenheit ihrer Berichterstattung.</i> — ""The editorial team places great importance on the balance of its reporting."" Another example: <i>Eine gute Ausgewogenheit zwischen Arbeit und Freizeit ist wichtig für die Gesundheit.</i> — ""A good balance between work and leisure is important for health.""<br><br><b>Synonym:</b> <b>das Gleichgewicht / die Balance / die Objektivität (for reporting/argument)</b> depending on context<br><br><b>English:</b> <b>balance / equilibrium / even-handedness</b> · <b>French:</b> <b>équilibre / impartialité</b> Useful nuance: <b>Ausgewogenheit</b> is often used for something that should fairly represent multiple sides or elements — a balanced diet, balanced media coverage, a balanced argument — with a connotation of deliberate fairness or proportion, closer to ""even-handedness"" than the more general <b>Gleichgewicht</b>, which is the standard word for ""equilibrium"" in physical, ecological, or political contexts (<i>das ökologische Gleichgewicht</i>, ""the ecological balance"").<br><br><b>CEFR:</b> roughly <b>B2–C1</b>."
"durchsetzen / sich (Akkusativ) durchsetzen","<b>Definition:</b> To enforce, push through, or successfully implement something, such as a demand, plan, law, or one's will (<b>etwas durchsetzen</b>); reflexively, to prevail, assert oneself, or gain acceptance — said of a person, idea, technology, or trend that wins out against resistance or competition (<b>sich durchsetzen</b>).<br><br><b>Grammar:</b> Separable weak verb: <b>durchsetzen – setzte durch – hat durchgesetzt</b>. Transitive: <b>etwas (Akkusativ) [gegen jemanden/etwas (Akkusativ)] durchsetzen</b> (<i>seine Forderungen gegen den Widerstand durchsetzen</i>, ""to push one's demands through against resistance""). Reflexive: <b>sich (Akkusativ) [gegen jemanden/etwas (Akkusativ)] durchsetzen</b> (<i>sich gegen die Konkurrenz durchsetzen</i>, ""to prevail over the competition""). The prefix separates in a main clause: <i>Er setzt sich durch</i>; infinitive with <b>zu</b> is <b>durchzusetzen</b>. Note: an inseparable, differently stressed verb <b>durchsétzen</b> (past participle <b>durchsetzt</b>, not <b>durchgesetzt</b>) exists with the unrelated meaning ""to permeate/intersperse something with something"" (<i>ein Gestein, das mit Quarz durchsetzt ist</i>, ""rock interspersed with quartz"") — a different word from the same root, distinguished by stress and by its participle.<br><br><b>Example:</b> <i>Die Gewerkschaft konnte ihre Forderungen nach höheren Löhnen durchsetzen.</i> — ""The union was able to push through its demands for higher wages."" Another example: <i>Das neue Modell hat sich schnell auf dem Markt durchgesetzt.</i> — ""The new model quickly prevailed/caught on in the market.""<br><br><b>Synonym:</b> <b>etwas durchsetzen: erzwingen / durchdrücken / durchbringen</b>; <b>sich durchsetzen: sich behaupten / Erfolg haben / sich etablieren</b> depending on context<br><br><b>English:</b> <b>to enforce / to push through / to implement</b>; <b>sich durchsetzen: to prevail / to assert oneself / to win out</b> · <b>French:</b> <b>imposer / faire valoir</b>; <b>sich durchsetzen: s'imposer / l'emporter</b> Useful nuance: <b>Durchsetzen</b> (transitive) emphasizes successfully making something happen despite obstacles or opposition — a policy, a demand, one's will. <b>Sich durchsetzen</b> (reflexive) shifts the focus to a person, idea, or product itself winning out or gaining acceptance, often in competition with alternatives. Don't confuse either with <b>sich einsetzen [für etwas]</b> (""to advocate/campaign for something""), which describes effort toward a goal without necessarily implying success.<br><br><b>CEFR:</b> roughly <b>B2</b>."
"jemanden von etwas (Dativ) abbringen","<b>Definition:</b> To dissuade or talk someone out of doing something, or to divert someone from a plan, opinion, or course of action, usually through persuasion or argument.<br><br><b>Grammar:</b> Separable strong verb: <b>abbringen – brachte ab – hat abgebracht</b>. Construction: <b>jemanden (Akkusativ) von etwas (Dativ) abbringen</b> (<i>ihn von seinem Plan abbringen</i>, ""to talk him out of his plan""). Often used in the negative to express that someone cannot be dissuaded: <b>sich von etwas nicht abbringen lassen</b> (""to not let oneself be talked out of something""). The prefix separates in a main clause: <i>Sie bringt ihn davon ab</i>; infinitive with <b>zu</b> is <b>abzubringen</b>.<br><br><b>Example:</b> <i>Seine Freunde konnten ihn nicht von seinem Vorhaben abbringen.</i> — ""His friends could not talk him out of his plan."" Another example: <i>Sie ließ sich von niemandem von ihrer Meinung abbringen.</i> — ""She would not let anyone talk her out of her opinion.""<br><br><b>Synonym:</b> <b>jemanden von etwas überzeugen, es nicht zu tun / jemandem etwas ausreden / jemanden umstimmen</b> depending on context<br><br><b>English:</b> <b>to dissuade / to talk out of / to divert from</b> · <b>French:</b> <b>dissuader / détourner de</b> Useful nuance: <b>Abbringen</b> always specifies what someone is being diverted <i>from</i> with <b>von + Dativ</b> — a plan, a decision, an opinion, a path. The common construction <b>sich nicht abbringen lassen</b> (""to not be dissuaded/deterred"") emphasizes stubborn resolve. It contrasts with <b>überreden</b> (""to persuade someone <i>to</i> do something""), which points the other direction.<br><br><b>CEFR:</b> roughly <b>B2</b>."
"bedächtig","<b>Definition:</b> Deliberate, careful, and unhurried in manner, thought, speech, or movement — thinking things through before acting or speaking, often at a measured, slow pace. Depending on context it can sound either positive (thoughtful, prudent) or mildly critical (overly slow, ponderous).<br><br><b>Grammar:</b> Adjective, also used adverbially: <i>eine bedächtige Antwort</i>, <i>Er sprach bedächtig</i>. Regular inflection before a noun according to case, gender, number, and determiner: <b>bedächtig, bedächtiger, am bedächtigsten</b>. Related to the verb <b>bedenken</b> (""to consider, think over"") and the adjective <b>bedacht</b> (""mindful, careful,"" often in <b>auf etwas (Akkusativ) bedacht sein</b>, ""to be intent on/mindful of something"").<br><br><b>Example:</b> <i>Der alte Mann ging langsam und bedächtig über den Hof.</i> — ""The old man walked slowly and deliberately across the yard."" Another example: <i>Sie antwortete bedächtig, nachdem sie kurz nachgedacht hatte.</i> — ""She answered thoughtfully, after considering briefly.""<br><br><b>Synonym:</b> <b>besonnen / überlegt / bedachtsam / langsam und überlegt</b> depending on context<br><br><b>English:</b> <b>deliberate / thoughtful / measured / unhurried</b> · <b>French:</b> <b>posé / réfléchi / mesuré</b> Useful nuance: <b>Bedächtig</b> emphasizes a slow, considered manner — someone who thinks before acting or speaking, whether admiringly (""prudent, careful"") or with a hint of impatience (""ponderous, slow""). <b>Besonnen</b> leans more purely positive, stressing level-headedness and composure, especially in a crisis, while <b>bedächtig</b> more strongly evokes physical or verbal slowness alongside the thoughtfulness.<br><br><b>CEFR:</b> roughly <b>B2</b>."
"jemandem etwas (Akkusativ) entziehen","<b>Definition:</b> To withdraw, take away, or revoke something from someone — a right, license, privilege, trust, or, as in the sample phrase <b>um ihm seine Verantwortung zu entziehen</b> (""in order to relieve/strip him of his responsibility""), a duty or area of authority. Reflexively, <b>sich (Dativ) etwas entziehen</b> or <b>sich einer Sache (Dativ) entziehen</b> means to withdraw oneself from something, to evade or escape it (a duty, judgment, someone's grasp or view).<br><br><b>Grammar:</b> Strong, inseparable verb: <b>entziehen – entzog – hat entzogen</b>. Construction: <b>jemandem (Dativ) etwas (Akkusativ) entziehen</b> (<i>ihm seine Verantwortung entziehen</i>, ""to relieve him of his responsibility""; <i>jemandem die Fahrerlaubnis entziehen</i>, ""to revoke someone's driving license""). Reflexive: <b>sich (Dativ) etwas (Dativ) entziehen</b> (<i>sich der Verantwortung entziehen</i>, ""to evade responsibility""; <i>sich jemandes Blicken entziehen</i>, ""to withdraw from someone's gaze""). Related noun: <b>der Entzug</b> (""withdrawal,"" also used for medical detox: <i>der Drogenentzug</i>).<br><br><b>Example:</b> <i>Der Vorstand beschloss, ihm seine Verantwortung zu entziehen und sie einem anderen Kollegen zu übertragen.</i> — ""The board decided to relieve him of his responsibility and hand it to another colleague."" Another example: <i>Sie versuchte, sich ihrer Verantwortung zu entziehen, indem sie die Schuld auf andere schob.</i> — ""She tried to evade her responsibility by shifting the blame onto others.""<br><br><b>Synonym:</b> <b>jemandem etwas wegnehmen / jemandem etwas aberkennen / jemandem etwas nehmen</b> depending on context; reflexively <b>sich einer Sache entziehen: sich einer Sache entwinden / sich einer Sache entziehen/ausweichen</b><br><br><b>English:</b> <b>to withdraw / to take away / to revoke / to deprive of</b>; reflexively <b>to evade / to escape / to withdraw from</b> · <b>French:</b> <b>retirer / priver de / soustraire</b>; <b>se soustraire à</b> Useful nuance: The dative person and accusative thing pattern (<b>jemandem etwas entziehen</b>) marks who loses something and what is taken; it's the standard verb for formally revoking a license, right, or area of authority. The reflexive <b>sich einer Sache entziehen</b> flips the direction — the subject actively withdraws from or dodges an obligation, scrutiny, or grasp, closer to ""evade"" than to being deprived of something.<br><br><b>CEFR:</b> roughly <b>B2–C1</b>."
"der Einsatz","<b>Definition:</b> Effort, dedication, or commitment put into an activity — as in the sample phrase <b>mit vollem Einsatz dabei sein</b> (""to be fully committed/giving it one's all""). The word has several other common senses: the deployment or use of resources, personnel, or equipment (<b>der Einsatz von Personal</b>, ""the deployment of staff""); a mission or operation, especially military or emergency-service (<b>im Einsatz sein</b>, ""to be on duty/deployed""); a stake or bet in gambling; and, in music, the entrance or cue for a voice or instrument to begin.<br><br><b>Grammar:</b> Masculine noun: <b>der Einsatz</b>; plural: <b>die Einsätze</b>. Derived from the separable verb <b>etwas (Akkusativ) einsetzen</b> (""to deploy, use, insert"") and reflexive <b>sich (Akkusativ) [für jemanden/etwas (Akkusativ)] einsetzen</b> (""to commit oneself/advocate for someone or something""). Common constructions: <b>mit vollem Einsatz</b> (""with full commitment/effort""), <b>im Einsatz sein</b> (""to be deployed/on duty""), <b>seinen Einsatz zeigen</b> (""to show one's commitment""), and <b>unter Einsatz seines Lebens</b> (""at the risk of one's life"").<br><br><b>Example:</b> <i>Die Mannschaft war den ganzen Abend mit vollem Einsatz dabei.</i> — ""The team was fully committed all evening, giving it everything."" Another example: <i>Die Feuerwehr war schon wenige Minuten nach dem Alarm im Einsatz.</i> — ""The fire department was already on the scene/deployed just a few minutes after the alarm.""<br><br><b>Synonym:</b> <b>effort/commitment sense: die Hingabe / das Engagement / die Anstrengung</b>; <b>deployment sense: die Verwendung / der Gebrauch</b>; <b>mission sense: der Auftrag / die Mission</b> depending on context<br><br><b>English:</b> <b>effort / commitment / dedication</b>; also <b>deployment / use / mission / stake (gambling) / entrance (music)</b> · <b>French:</b> <b>engagement / dévouement</b>; aussi <b>déploiement / usage / mission / mise</b> Useful nuance: In the phrase <b>mit vollem Einsatz</b>, <b>Einsatz</b> describes the visible energy and dedication someone puts into a task or competition, similar to English ""giving it your all."" This sense is closely tied to the reflexive verb <b>sich einsetzen</b> (""to commit oneself to something"") — someone who shows <b>Einsatz</b> is someone who <b>sich einsetzt</b>. Context determines which of the word's several meanings (effort, deployment, stake, musical entrance) applies.<br><br><b>CEFR:</b> roughly <b>B1–B2</b>."
"der Nachschub","<b>Definition:</b> Supplies, reinforcements, or fresh stock brought in to replenish what has been used up — originally and still commonly a military term for the resupply of troops with matériel, ammunition, or provisions, but also used more broadly and colloquially for replenishing any resource (food, goods, coffee, etc.).<br><br><b>Grammar:</b> Masculine noun: <b>der Nachschub</b>; usually uncountable, no plural. Derived from the separable verb <b>etwas (Akkusativ) nachschieben</b> (""to push/supply something afterward""). Common constructions: <b>Nachschub an etwas (Dativ)</b> (<i>Nachschub an Munition</i>, ""a resupply of ammunition""), <b>Nachschub bekommen/ brauchen</b> (""to get/need fresh supplies""), and <b>für Nachschub sorgen</b> (""to see to resupply/restocking""). Related to [[der Tross]] (a baggage/supply train).<br><br><b>Example:</b> <i>Die eingeschlossenen Truppen warteten dringend auf Nachschub an Lebensmitteln und Munition.</i> — ""The besieged troops were urgently waiting for a resupply of food and ammunition."" Another example: <i>Kannst du beim Einkaufen gleich Nachschub an Kaffee besorgen?</i> — ""Can you pick up more coffee while you're shopping?""<br><br><b>Synonym:</b> <b>die Versorgung / der Nachschubdienst / die Nachlieferung</b> depending on context<br><br><b>English:</b> <b>supplies / resupply / reinforcements / fresh stock</b> · <b>French:</b> <b>ravitaillement / réserves</b> Useful nuance: <b>Nachschub</b> keeps a military or logistical flavor even in its colloquial extensions — using it for coffee or snacks running low has a slightly jokey, mock-serious tone, as if treating the household supply like a military resupply operation. <b>Versorgung</b> is the more neutral, general word for ""supply/ provisioning.""<br><br><b>CEFR:</b> roughly <b>B2</b>."
"die Mäßigung","<b>Definition:</b> Moderation or restraint — the quality or act of keeping something (behavior, consumption, emotions, demands) within reasonable, measured limits rather than excessive or extreme; also used in political/diplomatic contexts for a policy of restraint or conciliation toward an opposing side.<br><br><b>Grammar:</b> Feminine noun: <b>die Mäßigung</b>; usually uncountable, no plural. Derived from the verb <b>etwas (Akkusativ) mäßigen</b> (""to moderate/temper something"") and reflexive <b>sich (Akkusativ) mäßigen</b> (""to restrain/moderate oneself""). Common constructions: <b>zur Mäßigung aufrufen</b> (""to call for restraint/ moderation""), <b>Mäßigung üben</b> (""to exercise restraint""), and <b>mit Mäßigung</b> (""with moderation"").<br><br><b>Example:</b> <i>Die Regierung rief beide Seiten zur Mäßigung auf.</i> — ""The government called on both sides to exercise restraint."" Another example: <i>Er isst und trinkt immer mit Mäßigung.</i> — ""He always eats and drinks in moderation.""<br><br><b>Synonym:</b> <b>die Zurückhaltung / die Beherrschung / das Maßhalten</b> depending on context; opposite: <b>die Maßlosigkeit / der Exzess</b><br><br><b>English:</b> <b>moderation / restraint / temperance</b> · <b>French:</b> <b>modération / retenue</b> Useful nuance: <b>Mäßigung</b> often appears in political and diplomatic register (<b>zur Mäßigung aufrufen</b>, calling on parties in a conflict to show restraint), giving it a more formal, public tone than the everyday <b>Zurückhaltung</b> (""restraint/reserve,"" more personal). The related reflexive verb <b>sich mäßigen</b> is common in everyday advice, e.g. telling someone to calm down or moderate their behavior.<br><br><b>CEFR:</b> roughly <b>C1</b>."
"maßvoll","<b>Definition:</b> Moderate, measured, or restrained — describing behavior, demands, tone, or actions that stay within sensible, appropriate limits rather than being excessive, extreme, or exaggerated.<br><br><b>Grammar:</b> Adjective, regular declension: <b>maßvoll, maßvolle, maßvoller, maßvolles</b>. Formed from <b>das Maß</b> (""measure/moderation"") + <b>-voll</b> (""full of""), literally ""full of measure."" Common constructions: <b>maßvolle Kritik</b> (""measured criticism""), <b>maßvoll reagieren</b> (""to react moderately/with restraint""), and <b>eine maßvolle Lohnerhöhung</b> (""a moderate pay raise"").<br><br><b>Example:</b> <i>Die Opposition übte maßvolle Kritik an der Reform.</i> — ""The opposition offered measured criticism of the reform."" Another example: <i>Er reagierte auch in der hitzigen Debatte maßvoll und sachlich.</i> — ""Even in the heated debate, he reacted moderately and matter-of-factly.""<br><br><b>Synonym:</b> <b>gemäßigt / zurückhaltend / besonnen</b> depending on context; opposite: <b>maßlos / übertrieben / exzessiv</b><br><br><b>English:</b> <b>moderate / measured / restrained</b> · <b>French:</b> <b>modéré / mesuré</b> Useful nuance: <b>maßvoll</b> is closely related to [[die Mäßigung]] and the verb <b>sich mäßigen</b> — where <b>Mäßigung</b> names the quality or act of restraint, <b>maßvoll</b> describes something (a reaction, a demand, a tone) that displays that quality. It's often used approvingly, especially in political or journalistic writing, to praise a response as sensible and proportionate rather than inflammatory.<br><br><b>CEFR:</b> roughly <b>C1</b>."
"die Anstrengung","<b>Definition:</b> Effort or exertion — the physical or mental energy expended to achieve something difficult or demanding; can refer to a single effort/endeavor or, in the plural, to sustained efforts/pains taken toward a goal.<br><br><b>Grammar:</b> Feminine noun: <b>die Anstrengung</b>; plural: <b>die Anstrengungen</b>. Derived from the reflexive verb <b>sich (Akkusativ) anstrengen</b> (""to exert oneself, make an effort"") and transitive <b>etwas (Akkusativ) anstrengen</b> (""to strain/tax something,"" e.g. <b>die Augen anstrengen</b>, ""to strain one's eyes""). Common constructions: <b>Anstrengungen unternehmen</b> (""to make efforts""), <b>unter großer Anstrengung</b> (""with great effort/exertion""), and <b>es ist der Anstrengung wert</b> (""it's worth the effort"").<br><br><b>Example:</b> <i>Trotz aller Anstrengungen konnte die Mannschaft die Niederlage nicht verhindern.</i> — ""Despite all efforts, the team could not prevent the defeat."" Another example: <i>Das lange Bergwandern war eine echte körperliche Anstrengung.</i> — ""The long mountain hike was a real physical exertion.""<br><br><b>Synonym:</b> <b>die Mühe / der Aufwand / die Bemühung</b> depending on context; intensified: <b>die Kraftanstrengung</b> (""major effort/exertion"")<br><br><b>English:</b> <b>effort / exertion / strain</b> · <b>French:</b> <b>effort / peine</b> Useful nuance: <b>Anstrengung</b> leans toward the effortful, taxing side of exertion — physical strain, mental concentration, or sustained endeavor — and pairs naturally with <b>groß, körperlich, geistig</b> (""great, physical, mental""). It differs from [[der Einsatz]], which emphasizes visible commitment/dedication (as in sport or duty) rather than the sheer exertion or strain involved.<br><br><b>CEFR:</b> roughly <b>B1/B2</b>."
"der Eifer","<b>Definition:</b> Zeal, ardor, or eagerness — enthusiastic, energetic dedication to a task, cause, or goal, often with a connotation of impatience or excessive keenness; can be positive (diligent enthusiasm) or slightly critical (overzealousness).<br><br><b>Grammar:</b> Masculine noun: <b>der Eifer</b>; uncountable, no plural. Related adjective: <b>eifrig</b> (""eager, zealous, diligent""). Common constructions: <b>mit Eifer bei der Sache sein</b> (""to be zealously engaged in something""), <b>im Eifer des Gefechts</b> (""in the heat of the moment,"" literally ""in the zeal of battle""), and <b>blinder Eifer</b> (""blind zeal,"" i.e. overenthusiasm that does more harm than good).<br><br><b>Example:</b> <i>Sie stürzte sich mit großem Eifer in die neue Aufgabe.</i> — ""She threw herself into the new task with great zeal."" Another example: <i>Im Eifer des Gefechts hatte er ganz vergessen, die Tür abzuschließen.</i> — ""In the heat of the moment, he had completely forgotten to lock the door.""<br><br><b>Synonym:</b> <b>die Begeisterung / der Elan / die Inbrunst</b> depending on context; overzealous sense: <b>der Übereifer</b><br><br><b>English:</b> <b>zeal / ardor / eagerness / fervor</b> · <b>French:</b> <b>zèle / ardeur / empressement</b> Useful nuance: <b>Eifer</b> sits close to [[die Anstrengung]] and [[der Einsatz]] but names the emotional drive/enthusiasm behind an effort rather than the exertion or commitment itself. The idiom <b>im Eifer des Gefechts</b> is very common for describing something said or done hastily amid excitement or heated activity, and <b>blinder Eifer</b> captures the specifically German-flavored caution that overzealousness can backfire — echoed in the proverb ""blinder Eifer schadet nur"" (""blind zeal only does harm"").<br><br><b>CEFR:</b> roughly <b>B2/C1</b>."
"sich davon abhalten","<b>Definition:</b> To keep oneself from (doing) something, to refrain — the reflexive counterpart of <b>jemanden davon abhalten</b> (""to keep/prevent someone from doing something""); <b>davon</b> is a pronominal adverb pointing forward or back to an infinitive clause (<b>..., etwas zu tun</b>), so <b>sich davon abhalten</b> literally means ""to hold oneself back from that [action].""<br><br><b>Grammar:</b> Separable strong verb: <b>abhalten, hielt ab, hat abgehalten</b>. Base transitive construction: <b>jemanden (Akkusativ) von etwas/davon (+ zu-Infinitiv) abhalten</b> (<i>ihn davon abhalten, zu gehen</i>, ""to keep him from leaving""). Reflexive: <b>sich (Akkusativ) von etwas/davon abhalten [lassen]</b> — used almost always with a modal (<b>lassen, können</b>) rather than as a bare main verb: <b>sich davon abhalten lassen</b> (""to let oneself be kept/deterred from it"") or, in the negative, <b>sich davon nicht abhalten lassen</b> (""to not let anything stop one""). The <b>davon</b> stands in for a <b>zu</b>-infinitive clause that follows or was just mentioned (<i>..., davon abzuhalten, etwas zu tun</i>). The prefix separates in a main clause: <i>Sie hält sich davon ab</i>; infinitive with <b>zu</b> is <b>abzuhalten</b>.<br><br><b>Example:</b> <i>Lass dich nicht davon abhalten, deine Ziele zu verfolgen.</i> — ""Don't let yourself be kept from pursuing your goals."" Another example: <i>Er konnte sich nicht davon abhalten, ständig aufs Handy zu schauen.</i> — ""He couldn't stop himself from constantly checking his phone.""<br><br><b>Synonym:</b> <b>sich zurückhalten / sich etwas verkneifen / auf etwas verzichten</b> depending on context; opposite construction: <b>sich nicht abhalten lassen</b> (""to not let oneself be stopped/deterred"")<br><br><b>English:</b> <b>to keep oneself from / to refrain from / (with lassen) to let oneself be deterred from</b> · <b>French:</b> <b>se retenir de / s'empêcher de</b> Useful nuance: In practice, <b>sich davon abhalten</b> rarely stands alone as a plain reflexive verb; it almost always appears with <b>lassen</b> (<b>sich davon abhalten lassen</b>, ""to let oneself be deterred/kept from it""), especially in the negative imperative or statement of resolve (<b>lass dich nicht davon abhalten...</b>, <b>sie ließ sich nicht davon abhalten...</b>). Compare the transitive <b>jemanden davon abhalten</b>, where one person actively stops another — the reflexive shifts this to stopping (or failing to stop) oneself.<br><br><b>CEFR:</b> roughly <b>B2</b>."
"erwecken","<b>Definition:</b> To awaken or arouse — literally, to rouse someone from sleep or, in elevated/literary use, to bring back to life (<b>zum Leben erwecken</b>); much more commonly used figuratively, to evoke or give rise to a feeling, interest, or impression, especially in the fixed phrase <b>den Eindruck erwecken, dass...</b> (""to create/ give the impression that..."").<br><br><b>Grammar:</b> Weak, inseparable verb: <b>erwecken, erweckte, hat erweckt</b>. Governs the accusative: <b>etwas/ jemanden (Akkusativ) erwecken</b>. Key fixed constructions: <b>den Eindruck erwecken, dass...</b> (""to give the impression that...""), <b>Interesse/Aufmerksamkeit erwecken</b> (""to arouse interest/attention""), <b>Hoffnungen erwecken</b> (""to raise hopes""), <b>jemanden/etwas zum Leben erwecken</b> (""to bring someone/something to life,"" literal in fiction/myth or figurative for a project, character, city district, etc.). Related noun: <b>die Erweckung</b> (""awakening,"" also religious, as in <b>die Erweckungsbewegung</b>, ""revivalist movement"").<br><br><b>Example:</b> <i>Seine Rede erweckte den Eindruck, dass er die Entscheidung bereits getroffen hatte.</i> — ""His speech gave the impression that he had already made the decision."" Another example: <i>Die alte Fabrikhalle wurde durch das neue Kulturzentrum wieder zum Leben erweckt.</i> — ""The old factory hall was brought back to life by the new cultural center.""<br><br><b>Synonym:</b> <b>wecken</b> (the everyday, non-figurative counterpart) · <b>hervorrufen / auslösen</b> (evoke/trigger, for feelings or reactions) · <b>zum Leben erwecken: wiederbeleben</b> (revive) depending on context<br><br><b>English:</b> <b>to awaken / arouse / evoke; (den Eindruck erwecken) to give the impression</b> · <b>French:</b> <b>éveiller / susciter; donner l'impression</b> Useful nuance: <b>erwecken</b> sits a register above plain <b>wecken</b> (""to wake someone up,"" e.g. with an alarm clock) and is reserved for figurative, literary, or elevated contexts — impressions, feelings, interest, hopes, or a dramatic ""return to life."" The idiom <b>den Eindruck erwecken, dass...</b> is extremely common in news and formal writing as a slightly more cautious/distancing way to report something than stating it as fact outright (implying ""it seems/appears that,"" without fully committing).<br><br><b>CEFR:</b> roughly <b>B2</b>."
"verderben / das Verderben","<b>Definition:</b> As a verb, <b>verderben</b> means to spoil or go bad (food, transitively or intransitively), to ruin or spoil something (a mood, an occasion, a plan), or to corrupt someone morally; the past participle <b>verdorben</b> also functions as an adjective (""spoiled, rotten; morally corrupt/depraved""). As a nominalized infinitive, <b>das Verderben</b> is a more literary/dramatic noun meaning ruin, doom, or perdition — utter downfall or destruction, often in a fateful sense.<br><br><b>Grammar:</b> Strong, irregular verb: <b>verderben, verdarb, hat/ist verdorben</b> — intransitive with <b>sein</b> when describing something going bad itself (<i>die Milch ist verdorben</i>, ""the milk has gone bad""), transitive with <b>haben</b> when someone/something spoils or ruins something else (<i>er hat mir den Abend verdorben</i>, ""he ruined my evening"" — dative of the person affected + accusative of the thing ruined). Common fixed constructions: <b>jemandem die Laune/den Tag/den Spaß verderben</b> (""to ruin someone's mood/day/fun""), <b>sich (Dativ) den Magen verderben</b> (""to upset one's stomach""), <b>es sich mit jemandem verderben</b> (""to fall out of favor with someone, spoil one's relationship with someone""). The adjective <b>verdorben</b> declines regularly: <b>verdorbene Lebensmittel</b> (""spoiled food""), <b>ein verdorbener Charakter</b> (""a corrupt/depraved character""). The nominalized <b>das Verderben</b> is uncountable, usually appearing in phrases like <b>jemanden ins Verderben stürzen/reißen</b> (""to plunge/drag someone into ruin"") and <b>sein eigenes Verderben</b> (""one's own downfall/undoing"").<br><br><b>Example:</b> <i>Die Hitze hat das Fleisch schnell verderben lassen.</i> — ""The heat quickly caused the meat to spoil."" Another example: <i>Seine Gier stürzte ihn schließlich ins Verderben.</i> — ""His greed ultimately plunged him into ruin.""<br><br><b>Synonym:</b> <b>verderben (spoil food): schlecht werden / faulen</b>; <b>verderben (ruin something): ruinieren / vermiesen / kaputtmachen</b>; <b>verderben (corrupt someone): korrumpieren</b>; <b>das Verderben: der Untergang / der Ruin / das Unheil</b> depending on context<br><br><b>English:</b> <b>verderben: to spoil / go bad / ruin; to corrupt; verdorben: spoiled, corrupt/depraved</b>; <b>das Verderben: ruin / doom / perdition</b> · <b>French:</b> <b>verderben: gâter / pourrir; corrompre</b>; <b>das Verderben: perte / perdition / ruine</b> Useful nuance: The everyday senses of <b>verderben</b> (spoiled milk, a ruined mood, an upset stomach) feel quite mundane, but the nominalized <b>das Verderben</b> keeps a heightened, almost biblical or tragic register — it's the word used for a fateful, often self-inflicted downfall (<b>sein eigenes Verderben</b>, <b>ins Verderben stürzen</b>), closer to English ""doom/perdition"" than to the plain verb's ""spoil/ruin."" Don't confuse <b>verderben</b> with <b>verderblich</b> (""perishable,"" as in <b>verderbliche Lebensmittel</b>, ""perishable food"").<br><br><b>CEFR:</b> roughly <b>B2</b>."
"verleihen","<b>Definition:</b> To lend out or rent out something (a physical item, for temporary use, typically for a fee); or, figuratively, to confer, bestow, or award something abstract — a prize, title, honor, or quality/characteristic — onto someone or something.<br><br><b>Grammar:</b> Strong, inseparable verb: <b>verleihen, verlieh, hat verliehen</b>. Governs dative of recipient + accusative of the thing given: <b>jemandem etwas (Akkusativ) verleihen</b>. Common fixed constructions: <b>einen Preis/Titel/Orden verleihen</b> (""to award a prize/title/medal""), <b>einer Sache (Dativ) Ausdruck verleihen</b> (""to give expression to something,"" e.g. a feeling), <b>jemandem Kraft/Mut verleihen</b> (""to give someone strength/courage,"" often figuratively), and, literally, <b>Fahrräder/Bücher verleihen</b> (""to rent out bikes/lend out books""). Related nouns: <b>die Verleihung</b> (""the awarding, presentation ceremony,"" e.g. <b>die Oscar-Verleihung</b>), and <b>der Verleih</b> (""a rental business or distribution agency,"" e.g. <b>der Fahrradverleih</b>, ""bike rental,"" <b>der Filmverleih</b>, ""film distribution company"").<br><br><b>Example:</b> <i>Der Nobelpreis wird jedes Jahr in Stockholm verliehen.</i> — ""The Nobel Prize is awarded every year in Stockholm."" Another example: <i>Die ruhige Musik verleiht dem Film eine besondere Atmosphäre.</i> — ""The calm music lends the film a special atmosphere.""<br><br><b>Synonym:</b> <b>lending sense: ausleihen / vermieten (for a fee)</b>; <b>conferring sense: vergeben / zuerkennen (award) / geben (give, more general)</b> depending on context<br><br><b>English:</b> <b>to lend/rent out; to confer/bestow/award</b> · <b>French:</b> <b>prêter/louer; conférer/décerner</b> Useful nuance: The figurative sense (<b>einer Sache Ausdruck/Kraft/eine Atmosphäre verleihen</b>) is extremely common in written and journalistic German for describing how one thing imparts a quality to another — a piece of music lending a film atmosphere, a gesture lending words emphasis — functioning much like English ""lend"" in ""lends credibility to."" Don't confuse it with <b>ausleihen</b> (to borrow/check out, from the borrower's perspective) — <b>verleihen</b> is always from the giver's/lender's side.<br><br><b>CEFR:</b> roughly <b>B2</b>."
"die Besorgnis","<b>Definition:</b> Concern, worry, or apprehension — a formal noun for unease about a potential negative development or outcome, often used in news, official, or medical/diagnostic register rather than everyday speech.<br><br><b>Grammar:</b> Feminine noun: <b>die Besorgnis</b>; plural <b>die Besorgnisse</b> (uncommon, mostly used in singular). Related adjective <b>besorgt</b> (""worried, concerned""), and the compound adjective <b>besorgniserregend</b> (""alarming, worrying,"" literally ""concern-arousing"" — see [[erwecken]]/erregen). Common fixed constructions: <b>Anlass zur Besorgnis geben</b> (""to give cause for concern""), <b>mit [wachsender] Besorgnis</b> (""with [growing] concern""), <b>Besorgnis äußern</b> (""to express concern""), <b>etwas erfüllt jemanden mit Besorgnis</b> (""something fills someone with concern"").<br><br><b>Example:</b> <i>Der starke Anstieg der Fälle gibt Anlass zur Besorgnis.</i> — ""The sharp rise in cases gives cause for concern."" Another example: <i>Die Ärzte äußerten Besorgnis über den Gesundheitszustand des Patienten.</i> — ""The doctors expressed concern about the patient's state of health.""<br><br><b>Synonym:</b> <b>die Sorge</b> (more everyday/general worry) · <b>die Beunruhigung</b> (unease, disquiet) · <b>die Befürchtung</b> (a specific fear/apprehension that something will happen) depending on context<br><br><b>English:</b> <b>concern / worry / apprehension</b> · <b>French:</b> <b>inquiétude / préoccupation</b> Useful nuance: <b>Besorgnis</b> is a notably formal, written-register word — common in news reports, official statements, and medical contexts (<b>Anlass zur Besorgnis</b>, <b>besorgniserregender Zustand</b>, ""an alarming/ worrying condition"") — where everyday spoken German would simply use <b>Sorge</b> or <b>Angst</b>. The derived adjective <b>besorgniserregend</b> is extremely common in journalism for describing statistics, trends, or situations that are cause for alarm.<br><br><b>CEFR:</b> roughly <b>B2/C1</b>."
"der Skrupel","<b>Definition:</b> A scruple or qualm — a moral hesitation or twinge of conscience that holds someone back from doing something they suspect is wrong; almost always used in the plural, <b>die Skrupel</b> (""scruples, qualms""), especially in the common phrase <b>keine Skrupel haben</b> (""to have no scruples, be unscrupulous"").<br><br><b>Grammar:</b> Masculine noun: <b>der Skrupel</b>; plural <b>die Skrupel</b> (identical form), overwhelmingly used in the plural. Related adjective: <b>skrupellos</b> (""unscrupulous, ruthless"") and its opposite <b>skrupulös</b> (""scrupulous, overly conscientious,"" rarer, sometimes with a critical ""fussy"" connotation). Common fixed constructions: <b>[keine] Skrupel haben, etwas zu tun</b> (""to have [no] qualms about doing something""), <b>Skrupel bekommen</b> (""to develop qualms""), <b>ohne die geringsten Skrupel</b> (""without the slightest scruples"").<br><br><b>Example:</b> <i>Er hatte keinerlei Skrupel, seine Kollegen zu hintergehen.</i> — ""He had absolutely no scruples about double-crossing his colleagues."" Another example: <i>Kurz vor der Tat bekam sie plötzlich Skrupel.</i> — ""Just before the act, she suddenly developed qualms.""<br><br><b>Synonym:</b> <b>die Bedenken</b> (reservations/misgivings, slightly broader) · <b>das Gewissen</b> (conscience, the underlying faculty) · <b>die Hemmung</b> (inhibition) depending on context<br><br><b>English:</b> <b>scruple(s) / qualm(s)</b> · <b>French:</b> <b>scrupule(s)</b> Useful nuance: <b>Skrupel</b> almost never appears in the singular in natural speech — English ""a scruple"" would still typically be rendered with the German plural, <b>Skrupel haben</b>. The adjective <b>skrupellos</b> (""unscrupulous"") is far more frequent in everyday and journalistic German than the noun itself, commonly describing ruthless business practices, criminals, or politicians (<b>ein skrupelloser Geschäftsmann</b>).<br><br><b>CEFR:</b> roughly <b>B2/C1</b>."
"bescheren","<b>Definition:</b> To give as a gift, especially in the context of Christmas present-giving; much more broadly and commonly used figuratively, to bring about or result in something (an outcome, good or bad) for someone — success, joy, a record, a disappointment, a setback.<br><br><b>Grammar:</b> Weak verb: <b>bescheren, bescherte, hat beschert</b>. Governs dative of recipient + accusative of the thing given/brought about: <b>jemandem etwas (Akkusativ) bescheren</b>. Common constructions: <b>jemandem ein Fest/ Weihnachten bescheren</b> (""to give someone presents at a celebration/Christmas,"" a specifically German Christmas-Eve tradition of gift-giving), and figuratively <b>jemandem einen Erfolg/eine Niederlage/eine Überraschung bescheren</b> (""to bring someone a success/defeat/surprise""). Related noun: <b>die Bescherung</b> — the literal Christmas Eve gift-giving ritual, but also, colloquially and often ironically, ""the mess/fiasco"" in the exclamation <b>Da haben wir die Bescherung!</b> (""Now we've got a right mess on our hands!"").<br><br><b>Example:</b> <i>Der ungewöhnlich warme Winter bescherte den Skigebieten enorme Probleme.</i> — ""The unusually warm winter brought enormous problems for the ski resorts."" Another example: <i>Am Heiligabend wird in vielen deutschen Familien schon am Nachmittag beschert.</i> — ""On Christmas Eve, many German families already exchange presents in the afternoon.""<br><br><b>Synonym:</b> <b>schenken</b> (give as a gift, more general/everyday) · <b>einbringen / bringen / verschaffen</b> (figurative ""bring about"") depending on context<br><br><b>English:</b> <b>to give (as a gift); to bring about (an outcome)</b> · <b>French:</b> <b>offrir (cadeaux); apporter/ causer (un résultat)</b> Useful nuance: Outside the literal Christmas context, <b>bescheren</b> is a very common, slightly formal/ journalistic way to say that some event or circumstance ""brought"" someone a particular outcome — often used with impersonal subjects like weather, a match, or a decision (<i>das Spiel bescherte dem Verein den ersten Titel seit Jahren</i>, ""the match brought the club its first title in years""). The idiom <b>da haben wir die Bescherung</b> wryly repurposes the cheerful Christmas noun to mean the opposite — an unwelcome mess has now arrived.<br><br><b>CEFR:</b> roughly <b>B2</b>."
"die Abschreckung","<b>Definition:</b> Deterrence — the act or strategy of discouraging an action (aggression, crime, an attack) by making its consequences appear too costly or frightening; a key term in military/political and legal contexts (e.g. nuclear deterrence, deterrent sentencing). Note: spelled <b>Abschreckung</b>, with an <b>c</b> before the <b>k</b> (not ""Abschrekung"").<br><br><b>Grammar:</b> Feminine noun: <b>die Abschreckung</b>; usually uncountable, no plural. Derived from the separable verb <b>jemanden [von etwas] abschrecken</b> (""to deter/put someone off [something]""; also, in cooking, literally ""to cool something rapidly under cold water,"" e.g. <b>die Eier nach dem Kochen abschrecken</b>, ""to rapid-cool the eggs after boiling""). Common constructions: <b>nukleare/atomare Abschreckung</b> (""nuclear deterrence""), <b>zur Abschreckung dienen</b> (""to serve as a deterrent""), <b>die Politik der Abschreckung</b> (""the policy of deterrence""), <b>abschreckende Wirkung</b> (""deterrent effect,"" from the adjective <b>abschreckend</b>, which also means ""off-putting, repulsive"" in non-military contexts, e.g. <i>ein abschreckendes Beispiel</i>, ""a cautionary/ deterrent example"").<br><br><b>Example:</b> <i>Während des Kalten Krieges beruhte die Sicherheitspolitik beider Blöcke auf nuklearer Abschreckung.</i> — ""During the Cold War, both blocs' security policy rested on nuclear deterrence."" Another example: <i>Härtere Strafen sollen zur Abschreckung potenzieller Straftäter beitragen.</i> — ""Harsher penalties are meant to help deter potential offenders.""<br><br><b>Synonym:</b> <b>die Abschreckungswirkung</b> (deterrent effect specifically) · in looser contexts <b>die Warnung</b> (warning) depending on context<br><br><b>English:</b> <b>deterrence</b> · <b>French:</b> <b>dissuasion</b> Useful nuance: <b>Abschreckung</b> is the standard term in military/strategic contexts (<b>nukleare Abschreckung</b>, echoing English ""nuclear deterrence""/French ""dissuasion nucléaire"") but the same root verb <b>abschrecken</b> doubles as an everyday cooking term for rapid-cooling boiled food under cold water — an unrelated, purely literal sense of ""shocking/startling [with cold]"" that has nothing to do with deterrence.<br><br><b>CEFR:</b> roughly <b>B2/C1</b>."
"umgekehrte Einschüchterung","<b>Definition:</b> ""Reverse intimidation"" — a would-be aggressor being intimidated, deterred, or made to hesitate themselves, rather than succeeding in intimidating their target; i.e., turning the dynamic of intimidation back onto the one who tried to impose it. <i>(Note: correct spelling is <b>umgekehrte</b>, from <b>umgekehrt</b>, not ""umgehehrte"".)</i> Not a standard fixed idiom — a transparent combination of <b>umgekehrt</b> (""reversed, the other way around"") + <b>die Einschüchterung</b> (""intimidation""), close in spirit to the idiom [[der Spieß]] <b>umdrehen</b> (""to turn the tables"").<br><br><b>Grammar:</b> <b>umgekehrt</b> — adjective/adverb, past participle of the separable verb <b>umkehren</b> (""to turn around, reverse""); declines like a normal adjective before a noun (<b>umgekehrte, umgekehrter, umgekehrtes</b>) and is also used adverbially meaning ""conversely, vice versa"" (<b>und umgekehrt</b>, ""and vice versa""). <b>die Einschüchterung</b> — feminine noun, plural <b>die Einschüchterungen</b>, from the separable weak verb <b>jemanden einschüchtern</b> (""to intimidate, cow, browbeat someone""), itself related to the adjective <b>schüchtern</b> (""shy, timid""). Together as a noun phrase: <b>die umgekehrte Einschüchterung</b>, or verbally <b>den Einschüchterer selbst einschüchtern/abschrecken</b> (""to intimidate/deter the intimidator himself"").<br><br><b>Example:</b> <i>Wer Aggressoren mit umgekehrter Einschüchterung begegnet, nimmt ihnen den Mut zum Angriff.</i> — ""Meeting aggressors with reverse intimidation takes away their nerve to attack."" Another example: <i>Statt sich einschüchtern zu lassen, drehte sie den Spieß um und schüchterte ihrerseits den Angreifer ein.</i> — ""Instead of letting herself be intimidated, she turned the tables and intimidated the attacker in turn.""<br><br><b>Synonym:</b> <b>den Spieß umdrehen</b> (to turn the tables, more idiomatic) · <b>Abschreckung</b> (deterrence, when framed as a strategy rather than a reversal) depending on context<br><br><b>English:</b> <b>reverse intimidation</b> · <b>French:</b> <b>intimidation inversée</b> Useful nuance: This phrase isn't a set idiom you'll find in a dictionary — it's a descriptive construction built from <b>umgekehrt</b> + <b>Einschüchterung</b>, and a German speaker would more naturally reach for the vivid idiom <b>den Spieß umdrehen</b> (""to turn the tables/turn the weapon around,"" see [[der Spieß]]) to express the same idea of flipping intimidation back onto its source. It directly echoes the deterrence logic in [[die Abschreckung]] and [[jemanden von etwas (Dativ) abbringen]]/[[sich davon abhalten]]: discouraging an aggressor by making the cost or risk to <i>them</i> outweigh the appeal of attacking.<br><br><b>CEFR:</b> roughly <b>B2/C1</b> (compositional phrase, not a fixed idiom)."
"schlicht","<b>Definition:</b> Plain, simple, or unadorned — describing something (clothing, style, a room, language) that is modest and free of decoration or complication, often with a positive connotation of tasteful restraint; also used adverbially as an intensifying particle meaning ""simply, plainly, just,"" especially to flatly assert something as an unqualified fact.<br><br><b>Grammar:</b> Adjective, regular declension: <b>schlicht, schlichte, schlichter, schlichtes</b>. Also used adverbially before an adjective or verb to mean ""simply/just,"" often doubled in the fixed phrase <b>schlicht und einfach</b> (""plain and simple,"" ""quite simply""): <i>das ist schlicht und einfach falsch</i> (""that's simply/ plainly wrong""). Related noun: <b>die Schlichtheit</b> (""simplicity, plainness""). Note: not to be confused with the similarly spelled but unrelated verb <b>schlichten</b> (""to mediate/settle a dispute,"" or literally ""to smooth/plane [wood]""), from a different root.<br><br><b>Example:</b> <i>Sie trug ein schlichtes, aber elegantes Kleid.</i> — ""She wore a plain but elegant dress."" Another example: <i>Das ist schlicht und einfach nicht wahr.</i> — ""That's simply not true.""<br><br><b>Synonym:</b> <b>einfach</b> (simple, more neutral/general) · <b>schmucklos</b> (unadorned, more about lack of decoration) · <b>bescheiden</b> (modest) depending on context; intensifier sense: <b>einfach / rundheraus / geradezu</b><br><br><b>English:</b> <b>plain / simple / unadorned; (adverbial) simply/plainly</b> · <b>French:</b> <b>simple / sobre; (adverbial) tout simplement</b> Useful nuance: As an intensifying adverb, <b>schlicht</b> (often as <b>schlicht und einfach</b> or <b>schlichtweg</b>) adds a tone of blunt, unqualified assertion — ""simply/flatly [true/false/impossible]"" — similar to English ""quite simply."" As a descriptive adjective, it carries a favorable connotation of tasteful minimalism (a plain but elegant style) rather than the more neutral or occasionally negative <b>einfach</b> (""simple,"" which can also mean ""basic/unsophisticated"").<br><br><b>CEFR:</b> roughly <b>B1/B2</b>."
"kühn","<b>Definition:</b> Bold, daring, or audacious — describing a plan, idea, claim, or action that takes a significant risk or breaks with convention, often admiringly (courageous, visionary) but sometimes with a hint of recklessness or presumption. <i>(Note: <b>kühnes</b> is simply the neuter strong-declension ending of <b>kühn</b>, as in <b>ein kühnes Unterfangen</b>, ""a bold undertaking."")</i><br><br><b>Grammar:</b> Adjective, regular declension: <b>kühn, kühne, kühner, kühnes</b>; comparative/superlative <b>kühner, am kühnsten</b>. Related noun: <b>die Kühnheit</b> (""boldness, audacity""). Common collocations: <b>ein kühner Plan</b> (""a bold plan""), <b>eine kühne Behauptung</b> (""a bold/audacious claim""), <b>kühne Fantasie</b> (""bold/vivid imagination""), <b>ein kühnes Unterfangen</b> (""a bold undertaking""), <b>es wagen, kühn zu sein</b> (""to dare to be bold"").<br><br><b>Example:</b> <i>Der Architekt entwarf ein kühnes Gebäude aus Glas und Stahl.</i> — ""The architect designed a bold building of glass and steel."" Another example: <i>Das war eine kühne Behauptung, die er nicht belegen konnte.</i> — ""That was a bold claim that he couldn't substantiate.""<br><br><b>Synonym:</b> <b>wagemutig / verwegen / gewagt</b> (daring/risky) · <b>mutig</b> (brave, more general) · <b>dreist</b> (more negative: brazen/presumptuous) depending on context<br><br><b>English:</b> <b>bold / daring / audacious</b> · <b>French:</b> <b>audacieux / hardi</b> Useful nuance: <b>kühn</b> sits between admiring <b>mutig</b> (""brave,"" about facing danger or fear) and more loaded <b>verwegen</b>/<b>dreist</b> (recklessly daring, or brazen/impudent) — it typically praises boldness of vision, imagination, or design (a bold plan, a bold architectural choice) rather than physical courage. Context determines whether it reads as complimentary (visionary) or mildly critical (overreaching).<br><br><b>CEFR:</b> roughly <b>B2</b>."
"der Anschein vs. die Erscheinung","<b>Definition:</b> <b>Der Anschein</b> is the outward impression something gives — how a situation, statement, or person <i>seems</i> to be, often with the implication that this surface impression may not match reality (a semblance, possibly deceptive). <b>Die Erscheinung</b> is broader: a person's physical presence or outward figure (<i>eine imposante Erscheinung</i>, ""an imposing figure""), a phenomenon or occurrence (<i>eine Naturerscheinung</i>, ""a natural phenomenon""), or a supernatural apparition/vision (<i>eine Erscheinung haben</i>, ""to have a vision/see an apparition""); it names the visible/perceptible thing itself, not a possibly-misleading impression about it.<br><br><b>Grammar:</b> Both masculine/feminine nouns respectively: <b>der Anschein</b> (uncountable, no plural, from the verb <b>scheinen</b>, ""to seem/shine"") and <b>die Erscheinung</b> (plural <b>die Erscheinungen</b>, from the verb <b>erscheinen</b>, ""to appear/be published""). Fixed <b>Anschein</b> constructions: <b>den Anschein erwecken/haben, dass...</b> (""to give/have the appearance that..."" — see [[erwecken]]), <b>allem Anschein nach</b> (""to all appearances, apparently""), <b>der Anschein trügt</b> (""appearances are deceiving""), <b>zum Schein</b> (related fixed phrase, ""for show, as a pretense""). Fixed <b>Erscheinung</b> constructions: <b>in Erscheinung treten</b> (""to appear, manifest, come to notice,"" e.g. of symptoms or public figures), <b>eine imposante/stattliche Erscheinung sein</b> (""to be an imposing/striking figure/presence""), <b>eine Erscheinung haben</b> (""to have a vision, see an apparition"").<br><br><b>Example:</b> <i>Allem Anschein nach hat er die Prüfung bestanden, auch wenn er selbst noch skeptisch ist.</i> — ""To all appearances he passed the exam, even though he himself is still skeptical."" Another example: <i>Mit ihrer roten Robe war sie eine auffällige Erscheinung auf der Gala.</i> — ""With her red gown, she was a striking figure/presence at the gala.""<br><br><b>Synonym:</b> <b>Anschein: der Eindruck / die Optik (colloquial)</b>; <b>Erscheinung: die Gestalt (figure) / das Phänomen (occurrence) / die Vision/das Gespenst (apparition sense)</b> depending on context<br><br><b>English:</b> <b>Anschein: appearance / semblance / (outward) impression</b>; <b>Erscheinung: appearance (physical presence) / phenomenon / apparition</b> · <b>French:</b> <b>Anschein: apparence / semblant</b>; <b>Erscheinung: apparition / phénomène / silhouette</b> Useful nuance: The key distinction: <b>Anschein</b> is always about how something <i>seems to an observer</i>, carrying an implicit ""...but maybe isn't really"" (<i>der Anschein trügt</i>, ""appearances deceive""); <b>Erscheinung</b> names the observable thing itself — a person's presence, a physical/natural phenomenon, or (in its more dramatic sense) a ghostly vision — without that same built-in doubt about truth versus surface. You'd say <b>den Anschein erwecken</b> for ""give a false/misleading impression,"" but <b>in Erscheinung treten</b> for ""to actually show up/ manifest"" — the latter makes no claim about deception.<br><br><b>CEFR:</b> roughly <b>B2/C1</b>."
"der Anschein","<b>Definition:</b> The outward appearance, semblance, or impression something gives — how a person, situation, or statement <i>seems</i> from the outside, typically with the implication that this surface impression may not correspond to the underlying reality. Compare [[der Anschein vs. die Erscheinung]].<br><br><b>Grammar:</b> Masculine noun: <b>der Anschein</b>; uncountable, no plural. From the verb <b>scheinen</b> (""to seem, appear; to shine""). Common fixed constructions: <b>den Anschein erwecken/haben, dass...</b> (""to give/have the appearance that...""; see [[erwecken]]), <b>allem Anschein nach</b> (""to all appearances, apparently""), <b>der Anschein trügt</b> (""appearances are deceiving/deceptive""), <b>sich den Anschein geben</b> (""to affect an air of something, put on the appearance of,"" reflexive and slightly pejorative — implying a deliberate pretense).<br><br><b>Example:</b> <i>Allem Anschein nach ist das Projekt gescheitert, auch wenn niemand es offiziell zugibt.</i> — ""To all appearances the project has failed, even though nobody admits it officially."" Another example: <i>Er gab sich den Anschein von Kompetenz, ohne wirklich etwas zu wissen.</i> — ""He put on an air of competence without actually knowing anything.""<br><br><b>Synonym:</b> <b>der Eindruck</b> (impression, more neutral/general) · <b>der Schein</b> (semblance/appearance, closely related, as in <b>zum Schein</b>, ""for show"") depending on context<br><br><b>English:</b> <b>appearance / semblance / (outward) impression</b> · <b>French:</b> <b>apparence / semblant</b> Useful nuance: <b>Anschein</b> almost always carries a latent contrast with reality — using it (rather than the more neutral <b>Eindruck</b>) subtly signals that the speaker isn't fully vouching for the impression being true, as crystallized in the proverb-like <b>der Anschein trügt</b> (""appearances are deceiving""). The reflexive <b>sich den Anschein geben</b> goes further, implying the person is actively performing/faking that impression.<br><br><b>CEFR:</b> roughly <b>B2</b>."
"eifersüchtig","<b>Definition:</b> Jealous — feeling or showing resentful suspicion or envy toward a rival, or fear of losing someone's affection or something one possesses, typically in romantic/relationship contexts but also usable more broadly (e.g. envy of another's success or possessions).<br><br><b>Grammar:</b> Adjective, regular declension: <b>eifersüchtig, eifersüchtige, eifersüchtiger, eifersüchtiges</b>. Formed from <b>die Eifersucht</b> (""jealousy,"" itself from [[der Eifer]] + <b>die Sucht</b>, ""addiction/compulsion"") + <b>-ig</b>. Governs <b>auf (+ Akkusativ)</b>: <b>eifersüchtig auf jemanden/etwas sein</b> (""to be jealous of someone/something""). Common constructions: <b>eifersüchtig werden</b> (""to become jealous""), <b>jemanden eifersüchtig machen</b> (""to make someone jealous"").<br><br><b>Example:</b> <i>Er wurde eifersüchtig, als seine Freundin mit einem anderen tanzte.</i> — ""He became jealous when his girlfriend danced with someone else."" Another example: <i>Sie ist eifersüchtig auf den Erfolg ihrer Schwester.</i> — ""She is jealous of her sister's success.""<br><br><b>Synonym:</b> <b>neidisch</b> (more envy-of-possessions/success); <b>misstrauisch</b> (suspicious) in overlapping contexts; opposite: <b>gelassen / vertrauensvoll</b><br><br><b>English:</b> <b>jealous</b> · <b>French:</b> <b>jaloux / jalouse</b> Useful nuance: Note the spelling has an <b>s</b> before <b>üchtig</b>: <b>eifersüchtig</b>, not ""eifersuchtig"" — it's built on the noun <b>die Eifersucht</b>, not directly on <b>der Eifer</b>. Unlike <b>neidisch</b>, which centers on wanting what someone else has, <b>eifersüchtig</b> centers on the fear of losing someone's love/attention to a rival, though the two senses can overlap in everyday usage.<br><br><b>CEFR:</b> roughly <b>B1</b>."
"das Gewichtheben","<b>Definition:</b> Weightlifting — the sport of lifting heavy weights (barbells), either as competitive Olympic weightlifting (snatch and clean & jerk) or more generally as a gym/strength-training activity.<br><br><b>Grammar:</b> Neuter noun: <b>das Gewichtheben</b>; uncountable, no plural (a nominalized infinitive). Compound of <b>das Gewicht</b> (""weight"") + <b>heben</b> (""to lift""). The agent noun is <b>der Gewichtheber / die Gewichtheberin</b> (""weightlifter""). Common constructions: <b>Gewichtheben betreiben/trainieren</b> (""to practice/ train weightlifting""), <b>beim Gewichtheben</b> (""while weightlifting"").<br><br><b>Example:</b> <i>Er betreibt seit Jahren Gewichtheben und nimmt an nationalen Wettkämpfen teil.</i> — ""He's been doing weightlifting for years and competes in national competitions."" Another example: <i>Gewichtheben stärkt nicht nur die Muskeln, sondern auch die Knochen.</i> — ""Weightlifting strengthens not only the muscles but also the bones.""<br><br><b>Synonym:</b> <b>das Krafttraining</b> (broader: strength training in general); <b>das Stemmen von Gewichten</b> (descriptive paraphrase)<br><br><b>English:</b> <b>weightlifting</b> · <b>French:</b> <b>haltérophilie</b> Useful nuance: <b>Gewichtheben</b> specifically evokes barbell lifting (often the Olympic lifts), whereas <b>Krafttraining</b> is the broader umbrella term for any strength training, including machines, dumbbells, or bodyweight work. In casual gym contexts, Germans may also just say <b>Gewichte heben</b> (""to lift weights"") as a verb phrase rather than the nominalized <b>Gewichtheben</b>.<br><br><b>CEFR:</b> roughly <b>B1</b>."
"vorausgesetzt","<b>Definition:</b> Provided that / assuming that — used to introduce a condition that must hold for the main statement to apply; can also function as a past participle meaning ""presupposed/assumed.""<br><br><b>Grammar:</b> Past participle of the verb <b>etwas (Akkusativ) voraussetzen</b> (""to presuppose, assume, require as a precondition""), used as a subordinating conjunction/conditional marker. Common constructions: <b>vorausgesetzt, dass...</b> (""provided that...""), and the shorter <b>vorausgesetzt + noun</b> (<i>vorausgesetzt gutes Wetter</i>, ""weather permitting""). Related noun: <b>die Voraussetzung</b> (""precondition, prerequisite"").<br><br><b>Example:</b> <i>Wir machen das Picknick, vorausgesetzt, dass es nicht regnet.</i> — ""We'll have the picnic, provided it doesn't rain."" Another example: <i>Vorausgesetzt gutes Wetter, findet das Konzert im Freien statt.</i> — ""Weather permitting, the concert takes place outdoors.""<br><br><b>Synonym:</b> <b>unter der Voraussetzung, dass / wenn / sofern</b> depending on context<br><br><b>English:</b> <b>provided that / assuming / given that</b> · <b>French:</b> <b>à condition que / pourvu que</b> Useful nuance: <b>vorausgesetzt</b> is closely tied to <b>die Voraussetzung</b> (""precondition/prerequisite"") — the conjunction literally frames the following clause as a precondition that has been ""set in advance"" (<b>voraus</b> + <b>setzen</b>). It reads as slightly more formal than <b>wenn</b> and is common in written German, contracts, and careful spoken registers when spelling out a condition explicitly.<br><br><b>CEFR:</b> roughly <b>B2</b>."
"beständig","<b>Definition:</b> Constant, steady, or durable — describing something that persists reliably over time without significant change: stable weather, a lasting relationship, a steady pace, or a material resistant to wear/ decay.<br><br><b>Grammar:</b> Adjective, regular declension: <b>beständig, beständige, beständiger, beständiges</b>. Related noun: <b>die Beständigkeit</b> (""constancy, stability, durability""). Related verb: <b>bestehen</b> (""to exist, persist, endure"" — literally underlying ""stand-through-ness""). Common constructions: <b>beständiges Wetter</b> (""stable weather""), <b>beständig gegen etwas (Akkusativ)</b> (""resistant to something,"" e.g. <i>hitzebeständig</i>, ""heat- resistant""), and <b>beständig bleiben</b> (""to remain constant"").<br><br><b>Example:</b> <i>Seit Tagen haben wir beständiges, sonniges Wetter.</i> — ""We've had stable, sunny weather for days."" Another example: <i>Das Material ist sehr beständig gegen Hitze und Feuchtigkeit.</i> — ""The material is very resistant to heat and moisture.""<br><br><b>Synonym:</b> <b>konstant / stabil / dauerhaft</b> depending on context; opposite: <b>unbeständig / wechselhaft</b><br><br><b>English:</b> <b>constant / steady / stable / durable / resistant</b> · <b>French:</b> <b>constant / stable / durable</b> Useful nuance: <b>beständig</b> appears both as a standalone adjective (steady weather, a steady pace) and as the second half of many compound ""resistant to X"" adjectives (<b>hitzebeständig</b>, <b>wetterbeständig</b>, <b>korrosionsbeständig</b>). In that compound role it functions much like English ""-proof"" or ""-resistant."" The noun <b>Beständigkeit</b> is the more abstract counterpart to [[die Mäßigung]]-type virtue words — steadfastness or consistency of character, as opposed to moderation.<br><br><b>CEFR:</b> roughly <b>B2</b>."
"der Antrieb","<b>Definition:</b> Drive or motivation — the inner impulse or incentive that moves someone to act; also, in a technical/mechanical sense, the propulsion system or drive mechanism of a vehicle or machine (engine, transmission, motor).<br><br><b>Grammar:</b> Masculine noun: <b>der Antrieb</b>; plural: <b>die Antriebe</b>. Derived from the separable verb <b>jemanden/etwas antreiben</b> (""to drive/propel someone or something forward, to spur on""). Common constructions: <b>aus eigenem Antrieb</b> (""on one's own initiative/of one's own accord""), <b>jemandem Antrieb geben</b> (""to give someone motivation/drive""), and, mechanically, <b>elektrischer Antrieb</b> (""electric drive/ powertrain""), <b>Antrieb auf alle vier Räder</b> (""all-wheel drive"").<br><br><b>Example:</b> <i>Ihr größter Antrieb war der Wunsch, ihrer Familie zu helfen.</i> — ""Her greatest motivation was the desire to help her family."" Another example: <i>Das neue Auto hat einen elektrischen Antrieb.</i> — ""The new car has an electric drive/ powertrain.""<br><br><b>Synonym:</b> <b>die Motivation / der Ansporn / der Impuls</b> (motivation sense); <b>der Motor / das Triebwerk</b> (mechanical sense)<br><br><b>English:</b> <b>drive / motivation / impetus; propulsion / drivetrain (mechanical)</b> · <b>French:</b> <b>motivation / élan; propulsion / motorisation</b> Useful nuance: The idiom <b>aus eigenem Antrieb</b> (""on one's own initiative,"" literally ""from one's own drive"") captures the word's core sense well — an internally generated impulse to act, without external prompting. This sits near [[der Eifer]] (zeal/enthusiasm) but <b>Antrieb</b> is more neutral and mechanical-sounding, describing the underlying motivational ""engine"" itself rather than the enthusiastic energy of pursuing something.<br><br><b>CEFR:</b> roughly <b>B2</b>."
"begrüßenswert","<b>Definition:</b> Welcome, commendable, or to be welcomed — describing a development, decision, or initiative that is viewed positively and deserves approval or endorsement, often in formal, journalistic, or official contexts.<br><br><b>Grammar:</b> Adjective, regular declension: <b>begrüßenswert, begrüßenswerte, begrüßenswerter, begrüßenswertes</b>. Formed from <b>begrüßen</b> (""to welcome, greet, approve of"") + <b>-wert</b> (""worthy of,"" as in <b>lobenswert</b>, ""praiseworthy""; <b>lesenswert</b>, ""worth reading""). Common constructions: <b>eine begrüßenswerte Initiative</b> (""a welcome initiative""), <b>es ist begrüßenswert, dass...</b> (""it is to be welcomed that..."").<br><br><b>Example:</b> <i>Die Reform ist ein begrüßenswerter Schritt in Richtung mehr Transparenz.</i> — ""The reform is a welcome step toward more transparency."" Another example: <i>Es ist begrüßenswert, dass sich immer mehr Unternehmen für Nachhaltigkeit einsetzen.</i> — ""It is welcome that more and more companies are committing themselves to sustainability.""<br><br><b>Synonym:</b> <b>erfreulich / löblich / positiv zu bewerten</b> depending on context; opposite: <b>bedauerlich / unerwünscht</b><br><br><b>English:</b> <b>welcome / commendable / laudable</b> · <b>French:</b> <b>louable / bienvenu(e)</b> Useful nuance: <b>begrüßenswert</b> belongs to a family of <b>-wert</b> adjectives (<b>lobenswert, lesenswert, empfehlenswert</b>) that all mean ""worthy of X."" It has a notably formal, written register — common in news commentary, official statements, and reports — and is rarely used in casual speech, where <b>gut/toll/schön</b> would be more natural.<br><br><b>CEFR:</b> roughly <b>C1</b>."
"derartig / Derartiges","<b>Definition:</b> Such, of such a kind, or something of that sort — a formal way of referring back to something previously mentioned or implied without repeating it, used both as an attributive adjective (""derartige Probleme,"" ""such problems"") and, capitalized, as a nominalized pronoun (""Derartiges,"" ""something of that kind/anything like that"").<br><br><b>Grammar:</b> Adjective <b>derartig, derartige, derartiger, derartiges</b> (declines like a normal adjective) built from <b>der Art</b> (""of the/that kind"") + <b>-ig</b>. When nominalized and capitalized, <b>Derartiges</b> functions like an indefinite pronoun (similar to <b>etwas Ähnliches</b>, ""something similar"") and is typically used after negation or in questions: <b>nichts Derartiges</b> (""nothing of the kind""), <b>so etwas wie Derartiges</b> (rare, usually just <b>so etwas</b>). Common constructions: <b>derartige Vorfälle</b> (""such incidents""), <b>habe ich noch nie erlebt</b> paired with <b>Derartiges</b> (""I have never experienced anything like that"").<br><br><b>Example:</b> <i>Derartige Vorfälle dürfen sich nicht wiederholen.</i> — ""Such incidents must not happen again."" Another example: <i>Ich habe noch nie Derartiges gesehen.</i> — ""I have never seen anything like that.""<br><br><b>Synonym:</b> <b>solch- / so etwas / dergleichen</b> depending on context<br><br><b>English:</b> <b>such / of that kind; something like that / anything of the sort</b> · <b>French:</b> <b>tel/telle; quelque chose de ce genre</b> Useful nuance: <b>derartig</b> and its nominalized form <b>Derartiges</b> are formal register, common in news reports, official statements, and legal/administrative language, where <b>so etwas</b> or <b>so ein(e)</b> would be the everyday spoken equivalent. <b>Derartiges</b> almost always appears with a negation (<b>nichts Derartiges</b>) or in a context implying ""nothing/anything comparable,"" much like English ""anything of the sort.""<br><br><b>CEFR:</b> roughly <b>B2/C1</b>."
"zurückgreifen","<b>Definition:</b> To fall back on, resort to, or draw upon — to make use of something (a resource, method, strategy, past experience, or reserve) when needed, typically because it is available, familiar, or necessary as an alternative or backup.<br><br><b>Grammar:</b> Separable verb: <b>zurückgreifen, griff zurück, hat zurückgegriffen</b>. Governs <b>auf (+ Akkusativ)</b>: <b>auf etwas (Akkusativ) zurückgreifen</b> (""to fall back on/resort to something""). Related to <b>greifen</b> (""to grasp/reach"") + <b>zurück</b> (""back""), literally ""to reach back [for something]."" Common constructions: <b>auf alte Methoden zurückgreifen</b> (""to fall back on old methods""), <b>auf Ersparnisse zurückgreifen</b> (""to draw on savings""), <b>auf Erfahrung zurückgreifen</b> (""to draw on experience"").<br><br><b>Example:</b> <i>In der Krise musste das Unternehmen auf seine Rücklagen zurückgreifen.</i> — ""In the crisis, the company had to draw on its reserves."" Another example: <i>Sie griff bei der Reparatur auf ihre jahrelange Erfahrung zurück.</i> — ""She drew on her years of experience during the repair.""<br><br><b>Synonym:</b> <b>zurückkommen auf / sich bedienen (+ Genitiv) / in Anspruch nehmen</b> depending on context<br><br><b>English:</b> <b>to fall back on / resort to / draw upon</b> · <b>French:</b> <b>recourir à / avoir recours à</b> Useful nuance: <b>zurückgreifen</b> carries a neutral-to-positive tone — using an available resource sensibly — unlike <b>sich mit etwas begnügen</b> or negatively-tinged ""resort to"" phrasings in English. It's very common in formal/written German for describing institutions or people making use of existing methods, funds, or knowledge rather than inventing something new.<br><br><b>CEFR:</b> roughly <b>B2</b>."
"der Spieß","<b>Definition:</b> A skewer, spit, or pike/lance — a long pointed rod used for roasting food (skewer/spit) or, historically, as a military weapon (pike/lance); colloquially, also a barracks slang term for a company sergeant major.<br><br><b>Grammar:</b> Masculine noun: <b>der Spieß</b>; plural: <b>die Spieße</b>. Related verb: <b>etwas aufspießen</b> (""to skewer/impale something""). Common idiom: <b>den Spieß umdrehen</b> (""to turn the tables,"" literally ""to turn the spit/pike around"" — i.e. to reverse a situation and use an opponent's own tactic against them). Also: <b>gespickt wie am Spieß</b> (colloquial, ""stuffed/crammed full"").<br><br><b>Example:</b> <i>Er hat das Fleisch für den Grill auf einen Spieß gesteckt.</i> — ""He put the meat on a skewer for the grill."" Another example: <i>Nachdem sie ständig kritisiert wurde, drehte sie den Spieß um und stellte ihm unbequeme Fragen.</i> — ""After being constantly criticized, she turned the tables and asked him uncomfortable questions.""<br><br><b>Synonym:</b> <b>der Grillspieß</b> (skewer specifically); <b>die Lanze / die Pike</b> (weapon sense)<br><br><b>English:</b> <b>skewer / spit; pike/lance (weapon)</b> · <b>French:</b> <b>brochette / broche; pique/lance</b> Useful nuance: The idiom <b>den Spieß umdrehen</b> is by far the most common modern use of <b>Spieß</b> in everyday speech — it vividly evokes flipping a weapon around to point it back at whoever was wielding it, and is used whenever someone reverses an attack, accusation, or disadvantageous situation back onto its originator.<br><br><b>CEFR:</b> roughly <b>B2</b>."
"das Hintertreffen","<b>Definition:</b> A position of disadvantage or being behind — used almost exclusively in the fixed phrase <b>ins Hintertreffen geraten/kommen</b> (""to fall behind, end up at a disadvantage"") and its counterpart <b>im Hintertreffen sein</b> (""to be at a disadvantage/behind"").<br><br><b>Grammar:</b> Neuter noun: <b>das Hintertreffen</b>; uncountable, essentially only used in the fixed phrases <b>ins Hintertreffen geraten/kommen</b> and <b>im Hintertreffen sein/liegen</b>. Historically derived from card-game/ military vocabulary describing being pushed to the rear or losing ground. Rarely used outside these set expressions.<br><br><b>Example:</b> <i>Ohne Investitionen in neue Technik gerät die Firma schnell ins Hintertreffen.</i> — ""Without investment in new technology, the company quickly falls behind."" Another example: <i>Im internationalen Vergleich liegt Deutschland bei der Digitalisierung im Hintertreffen.</i> — ""By international comparison, Germany is behind when it comes to digitalization.""<br><br><b>Synonym:</b> <b>der Nachteil / die Benachteiligung</b> (as a description of the resulting state)<br><br><b>English:</b> <b>a position of disadvantage / falling behind (in set phrases)</b> · <b>French:</b> <b>être désavantagé / prendre du retard</b> Useful nuance: <b>Hintertreffen</b> essentially only survives today inside the fixed idiom <b>ins Hintertreffen geraten/kommen</b>; it isn't used as a free-standing noun elsewhere in modern German. Related to [[geraten]], which supplies the ""falling into"" sense of ending up in that disadvantaged position.<br><br><b>CEFR:</b> roughly <b>C1</b>."
"geraten","<b>Definition:</b> To end up, fall into, or come to be in a certain (usually unplanned or undesirable) state or situation — used with <b>in/an/unter + Akkusativ</b> to describe drifting or unintentionally arriving at a condition, place, or circumstance. As a separate adjective (from a different verb, <b>raten</b>), <b>geraten</b> also means ""advisable/wise"" (e.g. <b>es wäre geraten...</b>, ""it would be advisable..."").<br><br><b>Grammar:</b> Strong verb: <b>geraten, geriet, ist geraten</b> (conjugates with <b>sein</b>). Governs prepositional phrases: <b>in Schwierigkeiten geraten</b> (""to get into difficulties""), <b>in Vergessenheit geraten</b> (""to fall into oblivion""), <b>außer Kontrolle geraten</b> (""to get out of control""), <b>an jemanden geraten</b> (""to run into/ end up dealing with someone,"" often a difficult person), <b>unter Verdacht geraten</b> (""to come under suspicion""). Related noun: <b>das Hintertreffen</b> in the phrase <b>ins Hintertreffen geraten</b>.<br><br><b>Example:</b> <i>Nach dem Unfall geriet er in Panik.</i> — ""After the accident, he fell into a panic."" Another example: <i>Die alte Tradition ist mittlerweile fast in Vergessenheit geraten.</i> — ""The old tradition has by now almost fallen into oblivion.""<br><br><b>Synonym:</b> <b>hineingeraten / hineinrutschen / verfallen (in)</b> depending on context<br><br><b>English:</b> <b>to end up / fall into / come to be (in a state); (separately, as adjective) advisable</b> · <b>French:</b> <b>tomber dans / se retrouver (dans un état)</b> Useful nuance: <b>geraten</b> describes arriving at a state somewhat passively or unintentionally — you don't deliberately ""geraten in Schwierigkeiten,"" it happens to you — which is why it pairs so naturally with negative or uncontrolled situations (panic, oblivion, suspicion, disadvantage as in [[das Hintertreffen]]). This is distinct from the homonymous adjective <b>geraten</b> (""advisable""), which comes from the unrelated verb <b>raten</b> (""to advise/guess"").<br><br><b>CEFR:</b> roughly <b>B2</b>."
"einschränken","<b>Definition:</b> To restrict, limit, or curtail — to reduce the scope, extent, or freedom of something (rights, spending, options, a statement) or, reflexively, to cut back on one's own consumption/spending/lifestyle.<br><br><b>Grammar:</b> Separable verb: <b>einschränken, schränkte ein, hat eingeschränkt</b>. Transitive <b>etwas (Akkusativ) einschränken</b> (""to restrict/limit something"") and reflexive <b>sich (Akkusativ) einschränken</b> (""to cut back, economize, limit oneself""). Related noun: <b>die Einschränkung</b> (""restriction, limitation, qualification""). Common constructions: <b>die Rechte einschränken</b> (""to restrict rights""), <b>den Konsum einschränken</b> (""to cut back consumption""), <b>ohne Einschränkung</b> (""without restriction/qualification, i.e. unreservedly"").<br><br><b>Example:</b> <i>Wegen der Pandemie mussten viele Geschäfte ihre Öffnungszeiten einschränken.</i> — ""Because of the pandemic, many shops had to restrict their opening hours."" Another example: <i>Nach dem Jobverlust musste sich die Familie finanziell stark einschränken.</i> — ""After losing the job, the family had to cut back a lot financially.""<br><br><b>Synonym:</b> <b>begrenzen / beschränken / reduzieren</b> depending on context; opposite: <b>ausweiten / erweitern</b><br><br><b>English:</b> <b>to restrict / limit / curtail; (reflexive) to cut back/economize</b> · <b>French:</b> <b>restreindre / limiter</b> Useful nuance: <b>einschränken</b> is closely related to [[maßvoll]] and [[die Mäßigung]] in spirit — where <b>Mäßigung</b> names the general virtue of restraint, <b>einschränken</b> is the concrete verb for actively reducing something specific (rights, spending, a claim). It also appears often as a qualifying phrase in argumentation, e.g. <b>das muss man einschränken</b> (""that needs to be qualified/that's not entirely true""), signaling a caveat to a previous statement.<br><br><b>CEFR:</b> roughly <b>B2</b>."
"überlassen","<b>Definition:</b> To leave (something) to someone, hand over, or entrust — to let another person take responsibility for, decide on, or have something, rather than dealing with it oneself; also used reflexively/ passively to mean ""to be left to"" a fate, chance, or one's own devices.<br><br><b>Grammar:</b> Inseparable strong verb: <b>überlassen, überließ, hat überlassen</b>. Governs dative of person + accusative of thing: <b>jemandem etwas (Akkusativ) überlassen</b> (""to leave/hand something over to someone""). Common constructions: <b>jemandem die Entscheidung überlassen</b> (""to leave the decision to someone""), <b>nichts dem Zufall überlassen</b> (""to leave nothing to chance""), <b>sich (Dativ) selbst überlassen sein</b> (""to be left to one's own devices"").<br><br><b>Example:</b> <i>Ich überlasse dir die Wahl des Restaurants.</i> — ""I'll leave the choice of restaurant to you."" Another example: <i>Ein guter Pilot überlässt nichts dem Zufall.</i> — ""A good pilot leaves nothing to chance.""<br><br><b>Synonym:</b> <b>übergeben / abtreten / anvertrauen</b> depending on context<br><br><b>English:</b> <b>to leave to / hand over / entrust; (passive) to be left to</b> · <b>French:</b> <b>laisser (à) / confier / abandonner (à)</b> Useful nuance: The idiom <b>nichts dem Zufall überlassen</b> (""to leave nothing to chance"") is extremely common and captures the verb's core sense well: actively choosing not to intervene or control something, ceding that control to another person, to fate, or to circumstance. <b>sich selbst überlassen sein</b> carries a notably bleaker connotation — being abandoned or left without support/guidance.<br><br><b>CEFR:</b> roughly <b>B2</b>."
"überstürzt","<b>Definition:</b> Hasty, rash, or precipitate — describing an action, decision, or departure carried out too quickly, without sufficient thought, preparation, or care, often with a negative connotation of recklessness.<br><br><b>Grammar:</b> Adjective/past participle of the reflexive verb <b>sich überstürzen</b> (""to happen too fast, to be rash, to fall over oneself [in haste]"" — literally ""to over-topple/over-tumble""); also transitive <b>etwas überstürzen</b> (""to rush something""). Declines like a normal adjective: <b>überstürzt, überstürzte, überstürzter, überstürztes</b> (as in the inflected form <b>überstürzten</b>, e.g. <b>überstürzten Entscheidungen</b>, ""hasty decisions""). Common constructions: <b>eine überstürzte Entscheidung</b> (""a rash/hasty decision""), <b>nichts überstürzen</b> (""not to rush anything""), <b>überstürzt handeln</b> (""to act hastily"").<br><br><b>Example:</b> <i>Er bereute später seine überstürzte Entscheidung, den Job zu kündigen.</i> — ""He later regretted his hasty decision to quit the job."" Another example: <i>Man sollte bei so wichtigen Fragen nichts überstürzen.</i> — ""One shouldn't rush anything on such important questions.""<br><br><b>Synonym:</b> <b>voreilig / übereilt / unüberlegt</b> depending on context; opposite: <b>besonnen / wohlüberlegt</b><br><br><b>English:</b> <b>hasty / rash / precipitate</b> · <b>French:</b> <b>précipité / hâtif</b> Useful nuance: <b>überstürzt</b> is closely related to [[maßvoll]] and [[die Mäßigung]] as its opposite pole — where those words praise measured restraint, <b>überstürzt</b> criticizes acting too fast without due consideration. The common advice phrase <b>nichts überstürzen</b> (""don't rush things"") is a very natural, everyday way to counsel patience before a decision.<br><br><b>CEFR:</b> roughly <b>B2/C1</b>."
"zufügen","<b>Definition:</b> To inflict or cause (something harmful) — to bring about pain, damage, injury, or loss for someone, typically used with abstract negative nouns like <b>Schaden, Schmerz, Leid, Unrecht</b>. The ""zu + infinitive"" form <b>zuzufügen</b> (""to inflict"") appears after modal-like constructions (e.g. <b>um... zuzufügen</b>, ""in order to inflict..."").<br><br><b>Grammar:</b> Separable verb: <b>zufügen, fügte zu, hat zugefügt</b>. Governs dative of person + accusative of harm: <b>jemandem etwas (Akkusativ) zufügen</b> (""to inflict something on someone""). Common constructions: <b>jemandem Schaden zufügen</b> (""to cause someone damage/harm""), <b>sich (Dativ) selbst Schaden zufügen</b> (""to harm oneself""), <b>jemandem Schmerzen/Leid zufügen</b> (""to inflict pain/suffering on someone"").<br><br><b>Example:</b> <i>Der Sturm hat der Region erheblichen Schaden zugefügt.</i> — ""The storm inflicted considerable damage on the region."" Another example: <i>Er wollte ihr mit seinen Worten keinen Schmerz zufügen.</i> — ""He didn't want to inflict any pain on her with his words.""<br><br><b>Synonym:</b> <b>verursachen / antun / bereiten</b> depending on context<br><br><b>English:</b> <b>to inflict / cause (harm)</b> · <b>French:</b> <b>infliger / causer</b> Useful nuance: <b>zufügen</b> almost always pairs with a negative abstract noun as its object (<b>Schaden, Leid, Schmerz, Unrecht</b>) — it's rarely used for inflicting something positive. Compare <b>jemandem etwas antun</b>, which is more personal/emotional in register (often used for betrayal or cruelty toward a specific person), whereas <b>zufügen</b> is more neutral/formal and works equally well for large-scale or impersonal harm (storm damage, economic damage).<br><br><b>CEFR:</b> roughly <b>B2</b>."
"stürzen","<b>Definition:</b> To fall (heavily/suddenly), plunge, or crash — describing a sudden, often uncontrolled fall or drop (a person tripping and falling, a plane crashing, prices/values plummeting); also transitively/ figuratively, to overthrow or topple (a government, a ruler), and reflexively, to rush or throw oneself into something.<br><br><b>Grammar:</b> Strong verb: <b>stürzen, stürzte, ist/hat gestürzt</b> — intransitive with <b>sein</b> (<b>er ist gestürzt</b>, ""he fell/took a tumble""), transitive with <b>haben</b> (<b>er hat die Regierung gestürzt</b>, ""he toppled the government""). Reflexive: <b>sich (Akkusativ) in/auf etwas (Akkusativ) stürzen</b> (""to throw oneself into/at something""). Common constructions: <b>die Treppe hinunterstürzen</b> (""to fall down the stairs""), <b>die Preise/Aktien stürzen</b> (""prices/stocks plunge""), <b>einen Diktator stürzen</b> (""to overthrow a dictator""), <b>sich in die Arbeit stürzen</b> (""to throw oneself into work"").<br><br><b>Example:</b> <i>Er ist auf der vereisten Straße gestürzt und hat sich das Bein gebrochen.</i> — ""He fell on the icy street and broke his leg."" Another example: <i>Nach dem Skandal stürzte die Regierung innerhalb weniger Tage.</i> — ""After the scandal, the government fell/collapsed within a few days.""<br><br><b>Synonym:</b> <b>fallen</b> (more general/neutral); <b>abstürzen</b> (crash, especially of planes/prices/computers); <b>umstürzen</b> (topple over); <b>stürmen</b> (rush, storm) for the reflexive sense<br><br><b>English:</b> <b>to fall/plunge/crash; to overthrow/topple (transitive); to throw oneself into (reflexive)</b> · <b>French:</b> <b>tomber/chuter; renverser (transitif); se jeter (réfléchi)</b> Useful nuance: <b>stürzen</b> carries more force and suddenness than plain <b>fallen</b> — it's the word for a heavy, dramatic fall (down stairs, off a horse) or a rapid, uncontrolled drop (stock prices, a government), not a gentle ""falling."" The reflexive <b>sich in etwas stürzen</b> extends this dramatic intensity metaphorically to eagerly throwing oneself into an activity, echoing the enthusiastic energy of [[der Eifer]].<br><br><b>CEFR:</b> roughly <b>B1/B2</b>."
"verwandeln","<b>Definition:</b> To transform or turn (something/someone) into something else — to change the nature, form, or character of a thing or person, often completely; reflexively, <b>sich in etwas (Akkusativ) verwandeln</b> means ""to turn into/become something"" (a change undergone by the subject itself). The present participle <b>verwandelnd</b> (""transforming"") appears in constructions like <b>etwas in etwas verwandelnd</b> (""transforming something into something"").<br><br><b>Grammar:</b> Weak, inseparable verb: <b>verwandeln, verwandelte, hat verwandelt</b>. Transitive <b>etwas (Akkusativ) in etwas (Akkusativ) verwandeln</b> (""to transform something into something"") and reflexive <b>sich in etwas (Akkusativ) verwandeln</b> (""to turn/transform into something""). Related noun: <b>die Verwandlung</b> (""transformation, metamorphosis""). Common constructions: <b>Wasser in Wein verwandeln</b> (""to turn water into wine""), <b>sich in einen Frosch verwandeln</b> (""to turn into a frog"").<br><br><b>Example:</b> <i>Die Kälte verwandelte den See innerhalb einer Nacht in eine Eisfläche.</i> — ""The cold transformed the lake into a sheet of ice within a single night."" Another example: <i>In der Geschichte verwandelt sich der Prinz in einen Frosch.</i> — ""In the story, the prince turns into a frog.""<br><br><b>Synonym:</b> <b>umwandeln / verändern / umformen</b> depending on context<br><br><b>English:</b> <b>to transform / turn into / change (into)</b> · <b>French:</b> <b>transformer / (se) changer (en)</b> Useful nuance: <b>verwandeln</b> (related to <b>die Verwandlung</b>, famously the title of Kafka's <i>Die Verwandlung</i>, ""The Metamorphosis"") implies a thorough, often dramatic change in essential nature or form, closer to English ""transform/metamorphose"" than the more neutral <b>verändern</b> (""to change/alter""), which can describe minor or gradual change.<br><br><b>CEFR:</b> roughly <b>B1/B2</b>."
"auffallen","<b>Definition:</b> To stand out, be noticeable, or catch one's attention — to strike someone as conspicuous, unusual, or worth noting, whether visually (bright colors, an odd appearance) or through behavior/qualities (a mistake, a talent, an unusual habit).<br><br><b>Grammar:</b> Separable strong verb: <b>auffallen, fiel auf, ist aufgefallen</b> (conjugates with <b>sein</b>). Governs dative of the observer: <b>jemandem auffallen</b> (""to catch someone's attention, be noticed by someone""), e.g. <b>mir ist aufgefallen, dass...</b> (""I noticed that...""). Related adjective: <b>auffallend / auffällig</b> (""noticeable, conspicuous, striking""). Common constructions: <b>positiv/negativ auffallen</b> (""to stand out favorably/unfavorably""), <b>jemandem fällt etwas auf</b> (""someone notices something"").<br><br><b>Example:</b> <i>Mir ist aufgefallen, dass du in letzter Zeit sehr müde wirkst.</i> — ""I've noticed that you've seemed very tired lately."" Another example: <i>Sie fiel schon als Kind durch ihr außergewöhnliches musikalisches Talent auf.</i> — ""Even as a child, she stood out for her extraordinary musical talent.""<br><br><b>Synonym:</b> <b>sich abheben / ins Auge fallen / bemerkbar sein</b> depending on context<br><br><b>English:</b> <b>to stand out / be noticeable / catch one's attention / notice</b> · <b>French:</b> <b>se faire remarquer / remarquer</b> Useful nuance: The impersonal construction <b>jemandem fällt etwas auf</b> (literally ""something falls onto someone['s attention]"") is the standard way to say ""I/you/someone noticed something"" — grammatically the thing noticed is the subject, and the observer takes the dative, which is a common trap for English speakers who instinctively want to make the observer the subject (as in ""I noticed"").<br><br><b>CEFR:</b> roughly <b>B1</b>."
"scheuen","<b>Definition:</b> To shy away from, avoid, or be averse to something — typically out of fear, discomfort, or reluctance; used transitively for effort/risk/cost (""to shun, not shrink from"") and reflexively with <b>vor + dative</b> for fears or reluctance about doing something. Also used specifically of animals, especially horses, to mean ""to shy, bolt, startle.""<br><br><b>Grammar:</b> Weak verb: <b>scheuen, scheute, hat gescheut</b>. Transitive use: <b>etwas scheuen</b> (""to shun/not shrink from something""), especially in the fixed idiom <b>keine Mühe/Kosten scheuen</b> (""to spare no effort/expense,"" literally ""to shy away from no effort/costs""). Reflexive use: <b>sich vor etwas scheuen</b> (""to be averse to / shrink from something""), often followed by an infinitive clause: <b>sich scheuen, etwas zu tun</b> (""to be afraid/reluctant to do something""). Intransitive use for animals: <b>das Pferd scheut</b> (""the horse shies/bolts"").<br><br><b>Example:</b> <i>Er scheute sich nicht, seine Meinung offen zu sagen.</i> — ""He wasn't afraid to say his opinion openly."" Another example: <i>Das Pferd scheute plötzlich vor dem lauten Geräusch.</i> — ""The horse suddenly shied at the loud noise.""<br><br><b>Synonym:</b> <b>meiden / vermeiden</b> (avoid) · <b>sich fürchten vor</b> (be afraid of) · <b>zurückschrecken vor</b> (shrink back from)<br><br><b>English:</b> <b>to shy away from / avoid / be averse to / (of animals) to shy, bolt</b> · <b>French:</b> <b>éviter / craindre / (cheval) s'effaroucher</b> Useful nuance: The idiom <b>keine Mühe/Kosten scheuen</b> (""to spare no effort/expense"") is very common in formal or business German and literally reverses the English phrasing — instead of saying what <i>is</i> spent, it says what is <i>not</i> avoided. Don't confuse <b>scheuen</b> with the reflexive <b>sich schämen</b> (""to be ashamed""): <b>scheuen</b> is about reluctance/fear of an action, not embarrassment about oneself.<br><br><b>CEFR:</b> roughly <b>B2</b>."
"ergreifen","<b>Definition:</b> To seize, grasp, or take hold of something — literally (an object, someone's hand) or, much more commonly, figuratively (a measure, an opportunity, power, a profession, the floor in a discussion). Separately, the past participle <b>ergriffen</b> functions as an adjective meaning ""moved, touched, deeply affected"" emotionally.<br><br><b>Grammar:</b> Strong, inseparable verb: <b>ergreifen, ergriff, hat ergriffen</b>. Governs the accusative: <b>etwas (Akkusativ) ergreifen</b>. Common fixed constructions: <b>Maßnahmen ergreifen</b> (""to take measures""), <b>die Gelegenheit/Chance ergreifen</b> (""to seize the opportunity""), <b>die Macht ergreifen</b> (""to seize power""), <b>einen Beruf ergreifen</b> (""to take up a profession""), <b>die Flucht ergreifen</b> (""to flee,"" literally ""to seize flight""), <b>das Wort ergreifen</b> (""to take the floor, start speaking""). The past participle <b>ergriffen</b> is also used as a standalone adjective: <b>von etwas ergriffen sein/werden</b> (""to be moved/overcome by something"").<br><br><b>Example:</b> <i>Die Regierung musste schnell Maßnahmen ergreifen, um die Ausbreitung der Krankheit zu stoppen.</i> — ""The government had to quickly take measures to stop the spread of the disease."" Another example: <i>Nach der bewegenden Rede war das gesamte Publikum sichtlich ergriffen.</i> — ""After the moving speech, the entire audience was visibly touched.""<br><br><b>Synonym:</b> <b>packen / fassen</b> (physical grasp) · <b>nutzen / wahrnehmen</b> (an opportunity) · <b>an sich reißen</b> (power, more forceful)<br><br><b>English:</b> <b>to seize / grasp / take hold of; to take (measures/action); (as adjective, ergriffen) moved / touched</b> · <b>French:</b> <b>saisir / prendre (des mesures); (ergriffen) ému(e)</b> Useful nuance: <b>ergreifen</b> adds the prefix <b>er-</b> (marking a completive, successful outcome) to the plain verb <b>greifen</b> (""to grasp/reach""), and extends easily from literal grasping to abstract ""seizing"" of opportunities, power, or a profession — much like English ""seize"" covers both a seized object and a seized chance. The adjectival <b>ergriffen</b> is the standard word for describing an audience or individual visibly moved by a speech, piece of music, or ceremony, distinct from <b>gerührt</b> (touched, more intimate/personal, e.g. by a kind gesture) which leans gentler and more personal.<br><br><b>CEFR:</b> roughly <b>B2</b>."
"der Narr","<b>Definition:</b> A fool or jester — someone acting foolishly or unwisely, or, historically, a court entertainer whose role was to jest, mock, and speak freely; also the central figure of German carnival (Karneval/Fastnacht) tradition, where costumed revelers are called <b>Narren</b>.<br><br><b>Grammar:</b> Masculine weak noun: <b>der Narr, des Narren, dem Narren, den Narren</b> — takes the weak <b>-en</b> ending in genitive, dative, and accusative singular (unlike a regular masculine noun); plural: <b>die Narren</b>. Related verb: <b>jemanden narren</b> (""to fool/dupe someone,"" somewhat literary/dated). Common idioms: <b>jemanden zum Narren halten</b> (""to make a fool of someone, to dupe/trick someone""), <b>Narrenfreiheit</b> (""fool's license,"" the freedom to say or do as one pleases without consequence).<br><br><b>Example:</b> <i>Am Rosenmontag ziehen Tausende von Narren in bunten Kostümen durch die Straßen.</i> — ""On Rosenmontag [carnival Monday], thousands of costumed fools/revelers parade through the streets."" Another example: <i>Er fühlte sich zum Narren gehalten, als er die Wahrheit erfuhr.</i> — ""He felt made a fool of when he learned the truth.""<br><br><b>Synonym:</b> <b>der Hofnarr</b> (court jester specifically) · <b>der Dummkopf</b> (fool/idiot, more insulting) · <b>der Clown</b><br><br><b>English:</b> <b>fool / jester / clown</b> · <b>French:</b> <b>fou / bouffon</b> Useful nuance: Note the weak noun declension — <b>der Narr</b> takes <b>-en</b> in the genitive, dative, and accusative singular (<b>des/dem/den Narren</b>), a common source of error since it looks like a regular masculine noun in the nominative. <b>Narrenfreiheit</b> captures the traditional social license granted to jesters and, by extension, to carnival revelers or outspoken individuals today, to mock authority or speak bluntly without facing the usual consequences.<br><br><b>CEFR:</b> roughly <b>B2</b>."
"immer gleich","<b>Definition:</b> Right away, immediately, or straightaway — an intensified adverbial phrase combining <b>immer</b> (""always"") with <b>gleich</b> in its temporal sense (""right away, at once""), typically used to emphasize that something happens instantly, every single time, often with a critical or impatient undertone (as in complaining that a reaction is too quick or reflexive).<br><br><b>Grammar:</b> Adverbial combination of <b>immer</b> (""always"") + <b>gleich</b> used as a temporal adverb (""right away, at once, in a moment,"" as in <i>Ich komme gleich</i>, ""I'm coming right away"") — not the homonymous adjective <b>gleich</b> meaning ""same, equal"" (<i>das gleiche Buch</i>, ""the same book""). No inflection; used directly before or after the verb it modifies. Common pattern: <b>immer gleich + adjective/verb</b> (<i>immer gleich beleidigt sein</i>, ""to always get offended right away""; <i>immer gleich Partei ergreifen</i>, ""to always immediately take sides"").<br><br><b>Example:</b> <i>Warum musst du immer gleich beleidigt sein?</i> — ""Why do you always have to get offended right away?"" Another example: <i>Nur Narren ergreifen immer gleich Partei.</i> — ""Only fools always immediately take sides.""<br><br><b>Synonym:</b> <b>sofort / auf der Stelle / augenblicklich</b> (immediately, without the ""always"" component) · <b>gleich</b> alone (right away, in a moment)<br><br><b>English:</b> <b>right away / immediately / straightaway (every time)</b> · <b>French:</b> <b>tout de suite / immédiatement (à chaque fois)</b> Useful nuance: <b>gleich</b> alone already carries the temporal meaning ""in a moment/right away"" (distinct from its adjectival sense ""same/equal""); adding <b>immer</b> turns a single instance of promptness into a criticized pattern — someone who reacts instantly and predictably every time, as in [[der Narr]]-type impulsiveness (jumping to take sides, getting offended) rather than showing restraint.<br><br><b>CEFR:</b> roughly <b>B1/B2</b>."
"Partei ergreifen","<b>Definition:</b> To take sides — to declare or show support for one side of a dispute, argument, or conflict, rather than remaining neutral.<br><br><b>Grammar:</b> Fixed idiom combining [[ergreifen]] (""to seize/take"") with <b>die Partei</b> used in its older, broader sense of ""side, party to a dispute"" (not ""political party""). Governs <b>für</b>: <b>für jemanden/etwas Partei ergreifen</b> (""to take someone's/something's side""). Conjugates as <b>ergreifen</b>: <i>er ergreift Partei, er ergriff Partei, er hat Partei ergriffen</i>.<br><br><b>Example:</b> <i>In dem Streit wollte sie nicht für eine Seite Partei ergreifen.</i> — ""In the dispute, she didn't want to take sides for either party."" Another example: <i>Nur Narren ergreifen immer gleich Partei.</i> — ""Only fools always immediately take sides.""<br><br><b>Synonym:</b> <b>Partei nehmen / Stellung beziehen (für)</b> depending on context; opposite: <b>neutral bleiben / sich heraushalten</b><br><br><b>English:</b> <b>to take sides / side with someone</b> · <b>French:</b> <b>prendre parti / prendre position</b> Useful nuance: <b>Partei</b> in this idiom keeps its older, broader meaning of ""side/party to a dispute"" — similar to English ""party"" in legal contexts (""a party to the lawsuit"") — rather than ""political party."" The phrase is neutral in register and works equally for personal quarrels, debates, and formal/legal contexts; adding <b>für jemanden</b> specifies exactly whose side is taken.<br><br><b>CEFR:</b> roughly <b>B2</b>."
"indem","<b>Definition:</b> By (doing something) — a subordinating conjunction introducing a clause that states the means or method by which the action in the main clause is achieved, equivalent to English ""by + -ing.""<br><br><b>Grammar:</b> Subordinating conjunction — sends the finite verb to the end of its own clause: <i>Er half ihr, indem er die Kinder betreute.</i> The <b>indem</b>-clause can also come first, in which case it occupies the first position and the main clause verb follows in second position: <i>Indem er die Kinder betreute, half er ihr.</i> Not to be confused with <b>während</b> (""while,"" expressing simultaneity or contrast, not means) or the archaic adverb <b>indessen</b> (""meanwhile / however"").<br><br><b>Example:</b> <i>Sie verbesserte ihre Aussprache, indem sie jeden Tag laut las.</i> — ""She improved her pronunciation by reading aloud every day."" Another example: <i>Indem er früh aufstand, schaffte er es, immer pünktlich zur Arbeit zu kommen.</i> — ""By getting up early, he managed to always get to work on time.""<br><br><b>Synonym:</b> <b>dadurch, dass...</b> (more explicit paraphrase, ""through the fact that..."")<br><br><b>English:</b> <b>by (doing something)</b> · <b>French:</b> <b>en (+ gérondif)</b>, e.g. <i>en lisant</i> (""by reading"") Useful nuance: <b>indem</b> specifically marks the <i>means or method</i> by which something is accomplished — the ""how."" English speakers often reach for <b>während</b> instead, since English ""while"" can loosely cover both simultaneity and method (""while reading, she...""), but German keeps the two apart: <b>während</b> signals two things happening at the same time (or a contrast), while <b>indem</b> signals that the subordinate clause's action <i>is the mechanism</i> that brings about the main clause's result.<br><br><b>CEFR:</b> roughly <b>B1</b>."
"erhören","<b>Definition:</b> To hear and grant, answer favorably, or heed — used especially of a prayer, wish, or plea that is heard and fulfilled (by God, fate, or someone with the power to grant it); in older, literary/romantic usage, said of a woman who ""hears"" and reciprocates a suitor's declaration of love or courtship.<br><br><b>Grammar:</b> Weak, inseparable verb: <b>erhören, erhörte, hat erhört</b>. Governs the accusative: <b>ein Gebet / eine Bitte / einen Wunsch erhören</b> (""to hear and grant a prayer/request/wish""), or, in the romantic sense, <b>jemandes Liebe/Werben erhören</b> (""to accept/reciprocate someone's love/courtship""). Very common in the passive: <b>sein Gebet wurde erhört</b> (""his prayer was answered/heard"").<br><br><b>Example:</b> <i>Endlich wurden ihre Gebete erhört, und der ersehnte Regen setzte ein.</i> — ""Finally her prayers were answered, and the longed-for rain began."" Another example: <i>In dem alten Roman erhört die Prinzessin schließlich das Werben des jungen Ritters.</i> — ""In the old novel, the princess finally accepts the young knight's courtship.""<br><br><b>Synonym:</b> <b>erfüllen</b> (to fulfill, more general) · <b>stattgeben (+ Dativ)</b> (to grant a request, more formal/legal register)<br><br><b>English:</b> <b>to hear and grant / answer (a prayer/wish); (literary) to accept a suitor's love</b> · <b>French:</b> <b>exaucer (une prière, un vœu); (littéraire) accepter les avances de qn</b> Useful nuance: <b>erhören</b> carries a formal, often religious or literary register — close to French <b>exaucer</b> for prayers and wishes. It's stronger than plain <b>hören</b> (""to hear""): <b>erhören</b> implies not just perceiving a request but responding to it favorably and granting it, and the idiom <b>sein Gebet/seine Bitte wurde erhört</b> is the standard, slightly elevated way to say a prayer or wish ""was answered.""<br><br><b>CEFR:</b> roughly <b>C1</b>."
"die Weigerung","<b>Definition:</b> Refusal — the act of declining or refusing to do something, or a statement expressing that refusal.<br><br><b>Grammar:</b> Feminine noun: <b>die Weigerung</b>; plural: <b>die Weigerungen</b>. Derived from the reflexive verb <b>sich weigern, etwas zu tun</b> (""to refuse to do something""). Common constructions: <b>seine Weigerung, etwas zu tun</b> (""his refusal to do something""), <b>trotz seiner Weigerung</b> (""despite his refusal"").<br><br><b>Example:</b> <i>Seine Weigerung, die Unterlagen vorzulegen, sorgte für großes Misstrauen.</i> — ""His refusal to submit the documents caused great suspicion."" Another example: <i>Trotz mehrfacher Aufforderung blieb sie bei ihrer Weigerung.</i> — ""Despite repeated requests, she stuck to her refusal.""<br><br><b>Synonym:</b> <b>die Ablehnung</b> (rejection, broader) · <b>die Verweigerung</b> (refusal in a more formal/ institutional sense, e.g. <b>die Kriegsdienstverweigerung</b>, ""conscientious objection"")<br><br><b>English:</b> <b>refusal</b> · <b>French:</b> <b>refus</b> Useful nuance: <b>die Weigerung</b> is the everyday, personal word for someone's simple refusal to do something, tied directly to the reflexive verb <b>sich weigern</b>. <b>die Verweigerung</b> sounds more formal or institutional and often appears in fixed legal/administrative compounds (<b>Aussageverweigerung</b>, ""refusal to testify""; <b>Kriegsdienstverweigerung</b>, ""conscientious objection"") rather than describing an individual's everyday refusal.<br><br><b>CEFR:</b> roughly <b>B2</b>."
"sich weigern","<b>Definition:</b> To refuse — to decline or resist doing something that is asked, expected, or required of one, often implying active resistance, defiance, or stubbornness rather than a neutral decline.<br><br><b>Grammar:</b> Weak reflexive verb: <b>sich weigern, weigerte sich, hat sich geweigert</b>. Standard construction: <b>sich weigern, etwas zu tun</b> (""to refuse to do something""). Related noun: [[die Weigerung]] (""refusal"").<br><br><b>Example:</b> <i>Er weigerte sich, den Vertrag zu unterschreiben.</i> — ""He refused to sign the contract."" Another example: <i>Die Arbeiter weigerten sich, unter diesen Bedingungen weiterzuarbeiten.</i> — ""The workers refused to keep working under these conditions.""<br><br><b>Synonym:</b> <b>sich widersetzen</b> (to oppose/resist, stronger) · <b>ablehnen</b> (to decline/reject an offer or proposal — a related but distinct meaning, see nuance below)<br><br><b>English:</b> <b>to refuse</b> · <b>French:</b> <b>refuser (de faire qc) / se refuser à</b> Useful nuance: <b>sich weigern</b> is about actively refusing to <i>perform</i> an action asked or expected of you — often with a tone of defiance or stubborn resistance (signing a document, following an order, continuing work) — whereas <b>ablehnen</b> is the more neutral verb for declining something <i>offered</i> to you (a request, an invitation, an application). Compare <i>er lehnt das Angebot ab</i> (""he declines the offer,"" neutral) with <i>er weigert sich, das zu unterschreiben</i> (""he refuses to sign it,"" resistant/defiant).<br><br><b>CEFR:</b> roughly <b>B1/B2</b>."
"beschwören","<b>Definition:</b> To swear (an oath) solemnly, to conjure or invoke (spirits, magic), to implore or beseech someone earnestly and urgently, or to evoke/conjure up (a memory, image, feeling).<br><br><b>Grammar:</b> Strong, inseparable verb: <b>beschwören, beschwor, hat beschworen</b>. Governs accusative: <b>einen Eid beschwören</b> (""to swear an oath""), <b>einen Geist beschwören</b> (""to conjure a spirit""), <b>jemanden beschwören, etwas [nicht] zu tun</b> (""to implore someone to [not] do something""), <b>Erinnerungen beschwören</b> (""to evoke memories""). Related noun: <b>die Beschwörung</b> (""incantation, conjuring, adjuration""). Related separable verb <b>heraufbeschwören</b> specifically means ""to conjure up/summon into being"" and is often used for unintentionally causing trouble: <b>ein Unglück heraufbeschwören</b> (""to bring disaster upon oneself/court disaster"").<br><br><b>Example:</b> <i>Er beschwor seinen Freund, die gefährliche Reise nicht anzutreten.</i> — ""He implored his friend not to embark on the dangerous journey."" Another example: <i>Der Zeuge musste vor Gericht beschwören, die Wahrheit gesagt zu haben.</i> — ""The witness had to swear before the court that he had told the truth.""<br><br><b>Synonym:</b> <b>schwören</b> (swear, more neutral) · <b>anflehen</b> (implore/beg, less solemn) · <b>herbeirufen / zitieren</b> (conjure/invoke, magical sense) · <b>heraufbeschwören</b> (closely related separable compound: to conjure up/bring about, often something negative)<br><br><b>English:</b> <b>to swear (an oath) / to conjure, invoke / to implore, beseech / to evoke</b> · <b>French:</b> <b>jurer (un serment) / invoquer, conjurer / supplier / évoquer</b> Useful nuance: The ""implore"" sense of <b>beschwören</b> is more solemn and urgent than everyday <b>bitten</b> or <b>anflehen</b> — it's typically used when someone begs another with great intensity to reconsider a dangerous or momentous decision. Don't confuse it with the compound <b>heraufbeschwören</b>, which specifically means to summon something (often a bad outcome) into being through one's own words or actions, as in <b>eine Krise heraufbeschwören</b> (""to bring about/precipitate a crisis"").<br><br><b>CEFR:</b> roughly <b>C1</b>."
"Bergungsoperation","<b>Definition:</b> A rescue, recovery, or salvage operation — an organized effort to retrieve people, vehicles, wreckage, or valuable objects from a dangerous, inaccessible, or disaster-stricken location (e.g., after a shipwreck, plane crash, avalanche, or mine collapse).<br><br><b>Grammar:</b> Feminine compound noun: <b>die Bergungsoperation</b>, plural <b>die Bergungsoperationen</b>. Formed from <b>die Bergung</b> (rescue/recovery/salvage, from the verb <b>bergen</b> — to rescue/recover/salvage) + <b>die Operation</b> (operation). Common collocations: <b>eine Bergungsoperation durchführen/starten/leiten</b> (""to carry out/start/lead a recovery operation"").<br><br><b>Example:</b> <i>Die Bergungsoperation nach dem Schiffsunglück dauerte mehrere Tage.</i> — ""The recovery operation after the shipping accident lasted several days."" Another example: <i>Die Küstenwache leitete die Bergungsoperation für das gesunkene U-Boot.</i> — ""The coast guard led the recovery operation for the sunken submarine.""<br><br><b>Synonym:</b> <b>Rettungsaktion</b> (rescue operation/action, more general, focused on saving lives) · <b>Rettungseinsatz</b> (rescue mission/deployment, esp. by emergency services) · <b>Bergungsaktion</b> (near-synonym, recovery action) · <b>Rettungsmission</b> (rescue mission)<br><br><b>English:</b> <b>rescue / recovery / salvage operation</b> · <b>French:</b> <b>opération de sauvetage / opération de récupération</b> Useful nuance: distinguish <b>Bergung</b> from <b>Rettung</b> — <b>Bergung</b> emphasizes retrieving or recovering something or someone from a difficult physical situation, often after the fact, and can apply equally to survivors or to bodies/wreckage; <b>Rettung</b> emphasizes saving a life and generally implies success. A <b>Bergungsoperation</b> may be mounted to recover the deceased or debris, whereas a <b>Rettungsaktion</b> always implies an attempt to save someone alive.<br><br><b>CEFR:</b> roughly <b>C1</b>."
"Sünde","<b>Definition:</b> Sin — a transgression against religious or moral law; a wrongful, immoral act, especially one considered an offense against God or a moral/ethical code. Also used loosely and playfully for a minor indulgence or guilty pleasure.<br><br><b>Grammar:</b> Feminine noun: <b>die Sünde</b>, plural <b>die Sünden</b>. Related verb: <b>sündigen</b> (to sin). Collocations: <b>eine Sünde begehen</b> (""to commit a sin""), <b>gegen etwas sündigen</b> (""to sin against something""), <b>eine Todsünde</b> (""a mortal/deadly sin"").<br><br><b>Example:</b> <i>Er bereute seine Sünden und bat um Vergebung.</i> — ""He repented his sins and asked for forgiveness."" Another example: <i>Naschen zwischen den Mahlzeiten ist meine kleine Sünde.</i> — ""Snacking between meals is my little sin.""<br><br><b>Synonym:</b> <b>Vergehen</b> (offense/misdemeanor, more legal/neutral) · <b>Verfehlung</b> (a lapse/failing, softer) · <b>Frevel</b> (sacrilege/outrage, more archaic/dramatic) · <b>Missetat</b> (misdeed, dated)<br><br><b>English:</b> <b>sin</b> · <b>French:</b> <b>péché</b> Useful nuance: <b>Sünde</b> spans a serious religious/moral register (<b>eine Todsünde</b>, ""a mortal sin"") down to a light, joking use for an indulgence or vice (<b>eine kleine Sünde</b>, ""a little sin,"" e.g., eating dessert). Tone and context decide whether it's meant earnestly or tongue-in-cheek.<br><br><b>CEFR:</b> roughly <b>B1/B2</b>."
"aufbrechen","<b>Definition:</b> (intransitive) To set off, depart, get going on a journey; (intransitive) to burst open, crack open, split open (of buds, wounds, ice); (transitive) to break open, force open, pry open (a door, lock, safe, crate).<br><br><b>Grammar:</b> Separable, strong verb: <b>aufbrechen, brach auf, ist/hat aufgebrochen</b>. Auxiliary depends on meaning: the intransitive senses (depart; burst open on its own) take <b>sein</b> — <b>ist aufgebrochen</b>; the transitive sense (forcibly open something) takes <b>haben</b> — <b>hat aufgebrochen</b>, governing the accusative: <b>eine Tür aufbrechen</b> (""to break open a door"").<br><br><b>Example:</b> <i>Wir sind früh am Morgen aufgebrochen, um den Stau zu vermeiden.</i> — ""We set off early in the morning to avoid the traffic jam."" Another example: <i>Die Einbrecher haben die Tür mit einem Brecheisen aufgebrochen.</i> — ""The burglars broke open the door with a crowbar.""<br><br><b>Synonym:</b> for ""depart"": <b>losgehen, abreisen, sich auf den Weg machen</b> · for ""force open"": <b>aufsprengen, knacken</b> (colloquial, esp. locks/safes), <b>gewaltsam öffnen</b><br><br><b>English:</b> <b>to set off/depart / to break open, force open / to burst open (buds, wounds)</b> · <b>French:</b> <b>partir, se mettre en route / forcer, fracturer / éclore, s'ouvrir</b> Useful nuance: the auxiliary tracks the meaning — <b>sein</b> for departure or something splitting open on its own (<b>Die Knospen sind aufgebrochen</b>, ""the buds have burst open""), <b>haben</b> when someone forcibly opens something (<b>Er hat den Safe aufgebrochen</b>, ""he broke open the safe""). Don't confuse with <b>ausbrechen</b> (to break out/escape) or <b>abbrechen</b> (to break off, cancel).<br><br><b>CEFR:</b> roughly <b>B1/B2</b>."
"verlocken","<b>Definition:</b> To tempt, entice, allure, or tantalize — to make something seem attractive or desirable in a way that draws someone toward an action, often one that's indulgent, risky, or otherwise not strictly sensible.<br><br><b>Grammar:</b> Weak, inseparable verb: <b>verlocken – verlockte – hat verlockt</b>. Construction: <b>jemanden zu etwas (Dativ) verlocken</b> (""to tempt someone into something"") or <b>etwas verlockt jemanden</b> (""something tempts someone,"" with the temptation as grammatical subject). The present participle <b>verlockend</b> is extremely common as a standalone adjective meaning ""tempting/appealing"" (<b>ein verlockendes Angebot</b>, ""a tempting offer""). Related noun: <b>die Verlockung, -en</b> (""temptation, allure, enticement"").<br><br><b>Example:</b> <i>Das gute Wetter verlockte uns zu einem Spaziergang.</i> — ""The nice weather tempted us into a walk."" Another example: <i>Es ist verlockend, jetzt einfach aufzugeben, aber wir sollten weitermachen.</i> — ""It's tempting to just give up now, but we should keep going.""<br><br><b>Synonym:</b> <b>verführen</b> (more seductive/morally loaded) · <b>reizen</b> (to appeal to/attract) · <b>ködern</b> (colloquial, ""to bait/lure"") · <b>anlocken</b> (to lure/draw in, more neutral or physical) depending on context<br><br><b>English:</b> <b>to tempt / entice / allure / tantalize</b> · <b>French:</b> <b>tenter / séduire / allécher</b> Useful nuance: <b>verlocken</b> is more general than <b>verführen</b> — it describes something (an offer, the weather, a price, an idea) making an option attractive, typically with an inanimate or abstract subject, without the stronger moral or romantic/seductive overtone that <b>verführen</b> carries (which often implies leading someone astray). The adjective <b>verlockend</b> shows up constantly in everyday German for anything appealing — a deal, a smell, a plan — roughly parallel to English ""tempting.""<br><br><b>CEFR:</b> roughly <b>B1/B2</b>."
"aufzehren","<b>Definition:</b> To use up completely, consume, deplete, or exhaust — typically said of a reserve such as savings, supplies, strength, or patience that is gradually drawn down until nothing is left.<br><br><b>Grammar:</b> Separable weak verb: <b>aufzehren – zehrte auf – hat aufgezehrt</b>. Transitive: <b>etwas (Akkusativ) aufzehren</b> (<i>die Vorräte aufzehren</i>, ""to use up the supplies""). Built on the root verb <b>zehren</b> (""to live off/draw sustenance from,"" used with <b>von</b>: <b>von etwas zehren</b>, ""to live off something,"" e.g., <b>von den Erinnerungen zehren</b>, ""to live off one's memories"").<br><br><b>Example:</b> <i>Die Familie musste ihre Ersparnisse aufzehren, um die schwere Zeit zu überstehen.</i> — ""The family had to use up their savings to get through the hard time."" Another example: <i>Der lange Streit hat seine Geduld völlig aufgezehrt.</i> — ""The long dispute completely exhausted his patience.""<br><br><b>Synonym:</b> <b>aufbrauchen</b> (to use up completely, close synonym, more neutral/administrative) · <b>verbrauchen</b> (to use up/consume, general) · <b>erschöpfen</b> (to exhaust) · <b>verzehren</b> (to consume, especially food, same root) depending on context<br><br><b>English:</b> <b>to use up / consume / deplete / exhaust</b> · <b>French:</b> <b>épuiser / consommer entièrement</b> Useful nuance: <b>aufzehren</b> carries a sense of gradual, complete depletion of a finite reserve, and often implies the process itself was draining or wearing — savings, strength, patience, supplies dwindling to nothing. It's close to <b>aufbrauchen</b>, but <b>aufbrauchen</b> is more neutral/administrative (simply finishing off a stock), while <b>aufzehren</b> more readily extends metaphorically to abstract things like patience, energy, or morale being worn down.<br><br><b>CEFR:</b> roughly <b>B2</b>."
"trügerisch","<b>Definition:</b> Deceptive, deceiving, illusory, or treacherous — appearing safe, true, or favorable while actually hiding something false or dangerous.<br><br><b>Grammar:</b> Adjective, regularly declined (<b>trügerische Ruhe</b>, <b>ein trügerisches Gefühl</b>, <b>trügerisches Eis</b>). Derived from the strong, mostly literary verb <b>trügen – trog – hat getrogen</b> (""to deceive,"" now largely confined to set phrases like <b>wenn mich nicht alles trügt</b>, ""if I'm not mistaken/if my instincts don't deceive me""). Frequent fixed collocations: <b>trügerische Sicherheit</b> (""a false sense of security""), <b>trügerische Ruhe/Stille</b> (""deceptive calm""), <b>trügerisches Eis</b> (""treacherous/unsafe-looking ice"").<br><br><b>Example:</b> <i>Die Ruhe vor dem Sturm ist oft trügerisch.</i> — ""The calm before the storm is often deceptive."" Another example: <i>Man sollte sich nicht von trügerischer Sicherheit einlullen lassen.</i> — ""One shouldn't be lulled by a false sense of security.""<br><br><b>Synonym:</b> <b>irreführend</b> (misleading) · <b>täuschend</b> (deceptive, close synonym) · <b>trügend</b> (rarer, present-participle form of the same root verb) depending on context<br><br><b>English:</b> <b>deceptive / misleading / illusory / treacherous</b> · <b>French:</b> <b>trompeur / illusoire</b> Useful nuance: <b>trügerisch</b> describes something whose appearance misleads about its true, often dangerous, nature — thin ice that looks solid, a calm that precedes danger, a sense of security with no real basis. Don't confuse it with <b>betrügerisch</b> (""fraudulent,"" from <b>betrügen</b>, ""to cheat/defraud someone""), which carries a moral or criminal charge about a person's intent, whereas <b>trügerisch</b> is about a thing or situation being inherently misleading rather than about someone actively deceiving.<br><br><b>CEFR:</b> roughly <b>B2</b>."
"überstürzt","<b>Definition:</b> Hasty, rash, precipitate, or rushed — done too quickly and without sufficient care, thought, or preparation.<br><br><b>Grammar:</b> Adjective/past participle of the weak, inseparable verb <b>überstürzen – überstürzte – hat überstürzt</b>. Transitive: <b>etwas überstürzen</b> (""to rush something""), very often in the negative imperative <b>nichts überstürzen</b> (""not to rush anything,"" ""let's not be hasty""). Reflexive: <b>sich überstürzen</b>, said of events, to tumble over one another in rapid succession (<b>die Ereignisse überstürzten sich</b>, ""events unfolded in rapid succession""). As an attributive adjective: <b>eine überstürzte Entscheidung</b> (""a rash/hasty decision"").<br><br><b>Example:</b> <i>Er bereute seine überstürzte Entscheidung, das Angebot abzulehnen.</i> — ""He regretted his hasty decision to turn down the offer."" Another example: <i>Die Ereignisse überstürzten sich nach der Ankündigung.</i> — ""Events tumbled over one another after the announcement.""<br><br><b>Synonym:</b> <b>hastig</b> (hasty, hurried) · <b>vorschnell</b> (premature/rash) · <b>unüberlegt</b> (ill-considered) · <b>Hals über Kopf</b> (colloquial idiom, ""headlong/in a mad rush"") depending on context<br><br><b>English:</b> <b>hasty / rash / precipitate / rushed</b> · <b>French:</b> <b>précipité / hâtif</b> Useful nuance: keep the three uses distinct — the adjective <b>überstürzt</b> describes a hasty decision or action taken without due care; the reflexive <b>sich überstürzen</b> describes events or developments piling up quickly one after another (not a person rushing); and the transitive <b>etwas überstürzen</b> describes a person rushing a process, most commonly heard as the warning <b>nichts überstürzen</b>, ""don't rush it.""<br><br><b>CEFR:</b> roughly <b>B2</b>."
"wittern","<b>Definition:</b> To scent, sniff out, or sense — literally, of an animal detecting prey or danger by smell; figuratively, to intuitively sense or suspect something (an opportunity, danger, betrayal) often before it is confirmed or obvious.<br><br><b>Grammar:</b> Weak verb: <b>wittern – witterte – hat gewittert</b>. Transitive: <b>etwas wittern</b>. Very common collocations: <b>Gefahr wittern</b> (""to sense danger""), <b>eine Chance/Gelegenheit wittern</b> (""to sense/sniff out an opportunity""), <b>Verrat wittern</b> (""to suspect betrayal""), <b>Morgenluft wittern</b> (idiom, literally ""to scent morning air,"" meaning to sense that circumstances are turning in one's favor and to seize the moment). Related noun: <b>die Witterung</b> (""weather"" in general use, but also a hunting term for a scent trail — <b>die Witterung aufnehmen</b>, ""to pick up the scent"").<br><br><b>Example:</b> <i>Der Wolf witterte die Beute schon aus großer Entfernung.</i> — ""The wolf scented the prey from a great distance already."" Another example: <i>Die Konkurrenz witterte sofort eine Chance, als das Unternehmen ins Wanken geriet.</i> — ""The competition immediately sensed an opportunity when the company began to falter.""<br><br><b>Synonym:</b> <b>riechen</b> (to smell, more literal) · <b>spüren</b> (to sense/feel) · <b>ahnen</b> (to have an inkling, to suspect) · <b>vermuten</b> (to presume/suspect) depending on context<br><br><b>English:</b> <b>to scent / sniff out / sense / smell (an opportunity, danger)</b> · <b>French:</b> <b>flairer / sentir</b> Useful nuance: <b>wittern</b> almost always implies an intuitive, pre-emptive detection — picking up on subtle cues before something becomes overt — much like the English idioms ""to smell blood"" or ""to sniff out an opportunity."" It's most at home with abstract objects like <b>Gefahr</b>, <b>Chance</b>, or <b>Verrat</b>, where it signals sharp, almost animal instinct rather than calm deduction.<br><br><b>CEFR:</b> roughly <b>B2</b>."
"seinerseits","<b>Definition:</b> For his/its part, on his/its side, in turn — used to point back to a masculine or neuter subject's own contribution, reaction, or perspective, typically when setting it alongside or against another party's action.<br><br><b>Grammar:</b> Adverb, part of a family of possessive-based forms built with <b>-seits</b> (from <b>die Seite</b>, ""side""): <b>meinerseits</b> (for my part), <b>deinerseits</b> (informal ""for your part""), <b>seinerseits</b> (for his/its part), <b>ihrerseits</b> (for her/their part), <b>unsererseits</b> (for our part), <b>eurerseits</b> (informal plural ""for your part""), <b>Ihrerseits</b> (formal ""for your part""). Each form agrees with the grammatical gender and number of the noun or pronoun it refers back to, not necessarily natural gender — e.g., <b>das Unternehmen ... seinerseits</b> (""the company ... for its part""), since <b>Unternehmen</b> is neuter. Mainly used in formal or written register, often in two-clause contrastive constructions.<br><br><b>Example:</b> <i>Er hatte hart gearbeitet; sein Chef erkannte das seinerseits an.</i> — ""He had worked hard; his boss, for his part, acknowledged it."" Another example: <i>Der Konzern kündigte Kürzungen an; der Betriebsrat reagierte seinerseits mit Protest.</i> — ""The corporation announced cuts; the works council, for its part, responded with protest.""<br><br><b>Synonym:</b> <b>von sich aus</b> (of his own accord, slightly different nuance) · <b>im Gegenzug</b> (in return/in turn) · <b>auf seiner Seite</b> (more literal paraphrase) depending on context<br><br><b>English:</b> <b>for his/its part / on his/its side / in turn</b> · <b>French:</b> <b>de son côté / pour sa part</b> Useful nuance: choosing the right member of the <b>-seits</b> family means matching the grammatical gender/number of whoever's ""side"" is being highlighted, not the natural gender of a person necessarily — a neuter noun like <b>das Ministerium</b> takes <b>seinerseits</b>, a feminine or plural one takes <b>ihrerseits</b>. The whole family signals a kind of reciprocal or parallel structure: one party did X, and this party, in turn/for its part, did Y.<br><br><b>CEFR:</b> roughly <b>B1/B2</b>."
"nachgeben","<b>Definition:</b> To give in, yield, relent, or give way — said of a person ceding to pressure, persuasion, or demands after resistance; or of a material or structure physically giving way, sagging, or buckling under weight or force.<br><br><b>Grammar:</b> Separable strong verb: <b>nachgeben – gab nach – hat nachgegeben</b>. Intransitive, usually with a dative object for the person/thing pressuring: <b>jemandem/etwas (Dativ) nachgeben</b> (<i>dem Druck nachgeben</i>, ""to give in to the pressure""; <i>einer Bitte nachgeben</i>, ""to give in to a request""). Also used absolutely, without a dative, for materials or structures: <b>das Eis/der Boden gibt nach</b> (""the ice/ground gives way"").<br><br><b>Example:</b> <i>Nach langem Streiten gab die Mutter schließlich nach und erlaubte den Ausflug.</i> — ""After a long argument, the mother finally gave in and allowed the trip."" Another example: <i>Das morsche Holz gab unter seinem Gewicht nach.</i> — ""The rotten wood gave way under his weight.""<br><br><b>Synonym:</b> for a person: <b>einlenken</b> (to come around/relent) · <b>sich beugen</b> (to submit/bow to) · <b>kapitulieren</b> (to capitulate); for a material: <b>einbrechen</b> (to cave in, more sudden) · <b>sich verformen</b> (to deform) depending on context<br><br><b>English:</b> <b>to give in / yield / relent / give way</b> · <b>French:</b> <b>céder / plier</b> Useful nuance: <b>nachgeben</b> implies there was some resistance or a conflict of wills first, and one side relents under continued pressure or persuasion — distinct from <b>aufgeben</b> (""to give up/quit""), which means abandoning an effort or goal altogether, with no requirement that anyone was pushing back. You can <b>einer Bitte nachgeben</b> without ever having wanted to <b>aufgeben</b> anything.<br><br><b>CEFR:</b> roughly <b>B1/B2</b>."
"ausweiten","<b>Definition:</b> To expand, extend, broaden, or widen out — transitively, to enlarge the scope or scale of something (business, powers, production); reflexively, to spread, escalate, or grow in scale on its own, especially said of a conflict, crisis, or problem.<br><br><b>Grammar:</b> Separable weak verb: <b>ausweiten – weitete aus – hat ausgeweitet</b>. Transitive: <b>etwas (Akkusativ) ausweiten</b> (<i>die Produktion ausweiten</i>, ""to expand production""; <i>seine Befugnisse ausweiten</i>, ""to expand one's powers""). Reflexive: <b>sich ausweiten</b>, used especially of something negative growing beyond its original bounds (<i>der Konflikt weitete sich aus</i>, ""the conflict escalated/spread""). Built on the adjective <b>weit</b> (""wide/far"").<br><br><b>Example:</b> <i>Die Firma plant, ihr Geschäft auf internationale Märkte auszuweiten.</i> — ""The company plans to expand its business into international markets."" Another example: <i>Der lokale Konflikt weitete sich schnell zu einem regionalen Krieg aus.</i> — ""The local conflict quickly escalated into a regional war.""<br><br><b>Synonym:</b> <b>erweitern</b> (to expand/enlarge, more general) · <b>ausdehnen</b> (to extend/expand, close synonym, especially spatial or temporal) · <b>sich ausbreiten</b> (reflexive, ""to spread,"" similar for disease or fire) depending on context<br><br><b>English:</b> <b>to expand / extend / broaden / widen</b> · <b>French:</b> <b>étendre / élargir</b> Useful nuance: because it's built on <b>weit</b> (""wide""), <b>ausweiten</b> evokes something being stretched wider in scope rather than just made bigger overall, the way <b>vergrößern</b> would. The reflexive <b>sich ausweiten</b> is especially common for negative developments spreading past their original limits — a conflict, a crisis, a scandal, an infection.<br><br><b>CEFR:</b> roughly <b>B2</b>."
"aufsparen","<b>Definition:</b> To save up, reserve, or set aside something for later — deliberately keeping something back, often for a more suitable, opportune, or strategic moment.<br><br><b>Grammar:</b> Separable weak verb: <b>aufsparen – sparte auf – hat aufgespart</b>. Transitive: <b>etwas (Akkusativ) [für/bis etwas] aufsparen</b> (<i>etwas für später aufsparen</i>, ""to save something for later""). Very often used reflexively with a dative of interest: <b>sich (Dativ) etwas aufsparen</b> (""to save/reserve something for oneself,"" e.g. <i>sich seine Fragen aufsparen</i>, ""to save one's questions"").<br><br><b>Example:</b> <i>Sie sparte sich ihre Fragen für die Diskussion am Ende auf.</i> — ""She saved her questions for the discussion at the end."" Another example: <i>Wir sollten uns einen Teil des Budgets für Notfälle aufsparen.</i> — ""We should set aside part of the budget for emergencies.""<br><br><b>Synonym:</b> <b>aufheben</b> (to keep/save, general) · <b>zurücklegen</b> (to put aside, e.g. money) · <b>aufbewahren</b> (to store/keep safe, more about storage than timing) depending on context<br><br><b>English:</b> <b>to save up / reserve / set aside (for later)</b> · <b>French:</b> <b>réserver / garder pour plus tard</b> Useful nuance: <b>aufsparen</b> implies a deliberate, often strategic reserving of something — money, energy, a question, an argument — for a specific future moment or purpose, in contrast to <b>aufbewahren</b>, which is about simply storing or keeping something safe with no particular ""right moment"" in mind.<br><br><b>CEFR:</b> roughly <b>B2</b>."
"gereizt","<b>Definition:</b> Irritated, irritable, on edge, or tetchy — describing a person's mood as easily annoyed or provoked, or an atmosphere charged with tension.<br><br><b>Grammar:</b> Adjective/past participle of the weak verb <b>reizen – reizte – hat gereizt</b> (""to irritate, provoke, stimulate; also to tempt/entice""). As a predicative or attributive adjective, regularly declined and compared: <b>gereizt – gereizter – am gereiztesten</b>. Common uses: <b>gereizt sein</b> (""to be irritated/on edge""), <b>gereizt reagieren</b> (""to react irritably""), <b>eine gereizte Stimmung</b> (""a tense/irritable mood or atmosphere"").<br><br><b>Example:</b> <i>Nach der langen Verhandlung war die Stimmung im Raum sehr gereizt.</i> — ""After the long negotiation, the mood in the room was very tense/irritable."" Another example: <i>Er reagierte gereizt auf die Kritik seines Kollegen.</i> — ""He reacted irritably to his colleague's criticism.""<br><br><b>Synonym:</b> <b>genervt</b> (annoyed, more colloquial) · <b>reizbar</b> (irritable, as an inherent trait rather than a temporary state) · <b>angespannt</b> (tense) · <b>nervös</b> (nervous, edgy) depending on context<br><br><b>English:</b> <b>irritated / irritable / on edge / tetchy</b> · <b>French:</b> <b>irrité / à cran / énervé</b> Useful nuance: <b>gereizt</b> describes a temporary state — irritated right now, often from stress, fatigue, or a specific trigger — as opposed to <b>reizbar</b>, which names a lasting character trait of being easily provoked. Also note that <b>reizen</b> itself is double-edged (it can mean both ""to irritate"" and ""to entice/tempt,"" as in <b>verlocken</b>'s near-synonym use); <b>gereizt</b> as an adjective draws only on the negative, irritation sense.<br><br><b>CEFR:</b> roughly <b>B1/B2</b>."
"umgehen","<b>Definition:</b> A minimal pair of two verbs distinguished only by stress and separability: <b>(1) separable ""úmgehen""</b> — to handle, deal with, treat, or manage a person, situation, or tool (<b>mit etwas/jemandem umgehen</b>), and, in older/idiomatic use, ""to go around/circulate"" (of rumors) or ""to haunt"" (of a ghost). <b>(2) inseparable ""umgéhen""</b> — to circumvent, bypass, evade, or get around a law, rule, obstacle, or question (<b>etwas umgehen</b>).<br><br><b>Grammar:</b> Separable, strong verb: <b>umgehen – ging um – ist umgegangen</b>; construction <b>mit jemandem/etwas (Dativ) umgehen</b>; infinitive with <b>zu</b> splits the prefix: <b>umzugehen</b>. Inseparable, strong verb: <b>umgehen – umging – hat umgangen</b>; construction <b>etwas (Akkusativ) umgehen</b>; infinitive with <b>zu</b> stays whole, since the prefix never separates: <b>zu umgehen</b>. The two are told apart in speech by stress (<b>Úmgehen</b> vs. <b>umgéhen</b>) and in writing by their different past participles and auxiliaries.<br><br><b>Example:</b> <i>Sie weiß, wie man mit schwierigen Kunden umgeht.</i> — ""She knows how to deal with difficult customers."" (separable) Another example: <i>Die Firma versuchte, die neuen Vorschriften zu umgehen.</i> — ""The company tried to circumvent the new regulations."" (inseparable)<br><br><b>Synonym:</b> separable sense: <b>behandeln, sich verhalten zu</b> (to treat/handle) · inseparable sense: <b>umschiffen, sich entziehen, ausweichen</b> (to sidestep/dodge) depending on context<br><br><b>English:</b> separable: <b>to handle / deal with / treat</b>; inseparable: <b>to circumvent / bypass / evade / get around</b> · <b>French:</b> separable: <b>traiter / gérer</b>; inseparable: <b>contourner / éluder</b> Useful nuance: this is one of the classic German minimal pairs where the same spelling hides two unrelated meanings depending on whether the prefix is separable or not. A quick test: if it can take <b>mit + Dativ</b> and forms <b>ist umgegangen</b>, it's the ""handle/deal with"" verb; if it takes a direct accusative object and forms <b>hat umgangen</b>, it's the ""circumvent/evade"" verb.<br><br><b>CEFR:</b> roughly <b>B2</b>."
"aussichtslos","<b>Definition:</b> Hopeless, without prospect, or futile — describing a situation, effort, or struggle that has no realistic chance of success or improvement.<br><br><b>Grammar:</b> Adjective, regularly declined and compared: <b>aussichtslos – aussichtsloser – am aussichtslosesten</b>. Formed from <b>die Aussicht</b> (""view, prospect, outlook"") plus the negating suffix <b>-los</b> (""-less/without""). Common collocations: <b>eine aussichtslose Lage/Situation</b> (""a hopeless situation""), <b>ein aussichtsloser Kampf</b> (""a hopeless/futile struggle""), <b>etwas für aussichtslos halten</b> (""to consider something hopeless"").<br><br><b>Example:</b> <i>Die Rettungsmannschaft kämpfte in einer aussichtslosen Situation weiter.</i> — ""The rescue team kept fighting in a hopeless situation."" Another example: <i>Er gab den aussichtslosen Versuch schließlich auf.</i> — ""He finally gave up the hopeless attempt.""<br><br><b>Synonym:</b> <b>hoffnungslos</b> (hopeless, close synonym but more emotional) · <b>chancenlos</b> (without a chance, especially in competitions) · <b>vergeblich</b> (futile/in vain, focused on wasted effort) · <b>sinnlos</b> (pointless/senseless) depending on context<br><br><b>English:</b> <b>hopeless / without prospect / futile</b> · <b>French:</b> <b>sans espoir / désespéré</b> Useful nuance: <b>aussichtslos</b> leans toward an objective assessment — a situation, case, or struggle actually has no realistic chance of success, based on the circumstances (<b>die Aussicht</b>, ""the prospect/outlook""). <b>Hoffnungslos</b> overlaps heavily but leans more toward the subjective, emotional despair a person feels, and can describe a broader existential state rather than just a specific situation's odds.<br><br><b>CEFR:</b> roughly <b>B1/B2</b>."
"verletzlich","<b>Definition:</b> Vulnerable, easily hurt, or susceptible to injury — describing a person, emotion, or system that can readily be wounded, harmed, or damaged, whether physically or emotionally.<br><br><b>Grammar:</b> Adjective, regularly declined and compared: <b>verletzlich – verletzlicher – am verletzlichsten</b>. Derived from the verb <b>verletzen – verletzte – hat verletzt</b> (""to injure/hurt/wound,"" also figuratively ""to offend/violate"") plus the adjectival suffix <b>-lich</b>. Related noun: <b>die Verletzlichkeit</b> (""vulnerability""). Common collocations: <b>sich verletzlich fühlen</b> (""to feel vulnerable""), <b>ein verletzliches System</b> (""a vulnerable system""), <b>in einer verletzlichen Phase</b> (""in a vulnerable phase/period"").<br><br><b>Example:</b> <i>Nach der Trennung fühlte sie sich sehr verletzlich.</i> — ""After the breakup, she felt very vulnerable."" Another example: <i>Ökosysteme in der Arktis sind besonders verletzlich gegenüber dem Klimawandel.</i> — ""Ecosystems in the Arctic are especially vulnerable to climate change.""<br><br><b>Synonym:</b> <b>verwundbar</b> (vulnerable, close synonym, often in military/security/strategic contexts) · <b>empfindlich</b> (sensitive, touchy, easily affected) · <b>zerbrechlich</b> (fragile, emphasizing breakability rather than exposure to harm) depending on context<br><br><b>English:</b> <b>vulnerable / easily hurt / fragile (emotionally)</b> · <b>French:</b> <b>vulnérable</b> Useful nuance: <b>verletzlich</b> centers on susceptibility to being hurt or wounded, physically or (very commonly) emotionally. <b>Verwundbar</b> is a close near-synonym that leans more toward strategic or structural exposure (<b>eine verwundbare Flanke</b>, ""a vulnerable flank""), while <b>zerbrechlich</b> (""breakable/fragile"") emphasizes delicacy itself — an object, or a person's fragile state — rather than exposure to an external threat.<br><br><b>CEFR:</b> roughly <b>B1/B2</b>."
"die Streitkraft","<b>Definition:</b> Armed force, military force — almost always used in the plural <b>die Streitkräfte</b> to refer collectively to a country's or organization's military (army, navy, air force, etc.).<br><br><b>Grammar:</b> Feminine noun: <b>die Streitkraft</b>, plural <b>die Streitkräfte</b> — overwhelmingly used in the plural. Compound of <b>der Streit</b> (""dispute, conflict, quarrel"") and <b>die Kraft</b> (""force, power, strength""). Common collocations: <b>die bewaffneten Streitkräfte</b> (""the armed forces""), <b>die Streitkräfte mobilisieren</b> (""to mobilize the armed forces""), <b>der Oberbefehlshaber der Streitkräfte</b> (""the commander-in-chief of the armed forces"").<br><br><b>Example:</b> <i>Die Streitkräfte des Landes wurden an die Grenze verlegt.</i> — ""The country's armed forces were deployed to the border."" Another example: <i>Die Vereinten Nationen riefen zu einem Rückzug der Streitkräfte auf.</i> — ""The United Nations called for a withdrawal of the armed forces.""<br><br><b>Synonym:</b> <b>das Militär</b> (the military, more general) · <b>die Armee</b> (the army, specifically) · <b>die Truppen</b> (the troops) depending on context<br><br><b>English:</b> <b>armed force(s) / military force</b> · <b>French:</b> <b>forces armées</b> Useful nuance: <b>die Streitkräfte</b> is the standard formal/official term for a country's collective armed forces, roughly equivalent to English ""the armed forces,"" and can be used generically for any nation's military. It's distinct from <b>die Bundeswehr</b>, which is the specific proper name of Germany's own armed forces — Germany's <b>Bundeswehr</b> is one country's <b>Streitkräfte</b>, but <b>Streitkräfte</b> itself names no particular country.<br><br><b>CEFR:</b> roughly <b>B2</b>."
"beweglich","<b>Definition:</b> Mobile, movable, agile, or flexible — able to move or be moved easily; of a person, physically agile or limber; of a mind or organization, adaptable; of a mechanical part, movable as opposed to fixed.<br><br><b>Grammar:</b> Adjective, regularly declined and compared: <b>beweglich – beweglicher – am beweglichsten</b>. Derived from the verb <b>bewegen – bewegte – hat bewegt</b> (""to move"") plus the adjectival suffix <b>-lich</b>. Related noun: <b>die Beweglichkeit</b> (""mobility, flexibility, agility""). Common collocations: <b>ein bewegliches Teil</b> (""a movable part""), <b>geistig beweglich</b> (""mentally agile/flexible""), <b>sich beweglich halten</b> (""to stay mobile/agile"").<br><br><b>Example:</b> <i>Trotz seines Alters ist der Großvater noch erstaunlich beweglich.</i> — ""Despite his age, the grandfather is still surprisingly agile."" Another example: <i>Die Maschine hat mehrere bewegliche Teile, die regelmäßig geschmiert werden müssen.</i> — ""The machine has several movable parts that need to be lubricated regularly.""<br><br><b>Synonym:</b> <b>mobil</b> (mobile, similar, often for people/vehicles/technology) · <b>flexibel</b> (flexible, more figurative, mind/schedule) · <b>gelenkig</b> (agile/supple, specifically of joints/body) depending on context<br><br><b>English:</b> <b>mobile / movable / agile / flexible</b> · <b>French:</b> <b>mobile / agile / souple</b> Useful nuance: <b>beweglich</b> spans both literal physical mobility (a body, a machine part) and figurative mental or organizational flexibility (<b>geistig beweglich</b>, ""mentally agile""; <b>ein bewegliches Unternehmen</b>, ""an adaptable company""). It's the general-purpose word, while <b>gelenkig</b> is specifically about joint/body suppleness, and <b>flexibel</b> leans more toward figurative adaptability (schedules, plans, thinking) without necessarily implying physical movement at all.<br><br><b>CEFR:</b> roughly <b>B1</b>."
"verwandeln","<b>Definition:</b> To transform, turn into, or change something/someone completely into something else, often dramatically; reflexively, to transform oneself or turn into something (<b>sich verwandeln</b>).<br><br><b>Grammar:</b> Weak, inseparable verb: <b>verwandeln – verwandelte – hat verwandelt</b>. Transitive: <b>etwas/jemanden in etwas (Akkusativ) verwandeln</b> (""to transform something/someone into something,"" e.g. <i>er verwandelte den Raum in ein Büro</i>, ""he transformed the room into an office""). Reflexive: <b>sich in etwas (Akkusativ) verwandeln</b> (<i>die Raupe verwandelt sich in einen Schmetterling</i>, ""the caterpillar transforms into a butterfly""). Related noun: <b>die Verwandlung</b> (""transformation, metamorphosis"" — as in Kafka's novella <i>Die Verwandlung</i>, ""The Metamorphosis"").<br><br><b>Example:</b> <i>Die Sonne verwandelte den Himmel in ein Meer aus Farben.</i> — ""The sun transformed the sky into a sea of colors."" Another example: <i>Nach dem Kuss verwandelte sich der Frosch in einen Prinzen.</i> — ""After the kiss, the frog transformed into a prince.""<br><br><b>Synonym:</b> <b>verändern</b> (to change, more general, doesn't imply a complete transformation) · <b>umwandeln</b> (to convert/transform, more technical, e.g. energy) · <b>umgestalten</b> (to redesign/reshape) depending on context<br><br><b>English:</b> <b>to transform / turn into / change completely</b> · <b>French:</b> <b>transformer / métamorphoser</b> Useful nuance: <b>verwandeln</b> implies a thorough, often dramatic or almost magical transformation into something qualitatively different — fairy-tale metamorphoses, a stark before/after change — stronger than <b>verändern</b>, which covers any kind of change, even a minor or gradual one. The construction <b>in + Akkusativ</b> marks what something or someone becomes.<br><br><b>CEFR:</b> roughly <b>B1/B2</b>."
"stets","<b>Definition:</b> Always, constantly, invariably — a more formal or literary synonym of <b>immer</b>, emphasizing unfailing consistency or regularity.<br><br><b>Grammar:</b> Adverb, invariable. Belongs to a formal or elevated register compared to everyday <b>immer</b> — common in written German, official correspondence, and polished speech, but can sound slightly stiff in casual conversation. Common collocations: <b>stets zu Diensten</b> (""always at your service""), <b>wie stets</b> (""as always""), <b>stets bemüht sein</b> (""to always strive/endeavor to"").<br><br><b>Example:</b> <i>Er war stets pünktlich zu seinen Terminen.</i> — ""He was always punctual for his appointments."" Another example: <i>Wir stehen Ihnen stets gerne zur Verfügung.</i> — ""We are always happy to be at your disposal.""<br><br><b>Synonym:</b> <b>immer</b> (always, standard/everyday) · <b>ständig</b> (constantly, often with a slightly negative/repetitive connotation) · <b>stetig</b> (steadily/continuously, gradual progression rather than ""every time"") · <b>fortwährend</b> (continually, formal) depending on context<br><br><b>English:</b> <b>always / constantly / invariably</b> · <b>French:</b> <b>toujours / constamment</b> Useful nuance: <b>stets</b> is essentially a more formal, literary stand-in for <b>immer</b> — reach for it in writing, business correspondence, or elevated speech, but default to <b>immer</b> in ordinary conversation. Don't confuse it with the similarly spelled <b>stetig</b> (""steady/continuous""), which describes gradual, consistent progression (a steady increase) rather than ""always/every single time.""<br><br><b>CEFR:</b> roughly <b>B2</b>."
"der Schmutz","<b>Definition:</b> Dirt, filth, grime, or muck — unwanted matter, mud, or dust that soils a surface, clothing, or a person; figuratively, moral filth, scandal, or smear (as in the idiom <b>mit Schmutz werfen</b>, ""to sling mud"").<br><br><b>Grammar:</b> Masculine noun: <b>der Schmutz</b>; uncountable, no plural in the literal sense. Related verb: <b>beschmutzen</b> (""to soil/dirty,"" also figuratively ""to besmirch""); related adjective: <b>schmutzig</b> (""dirty""). Common collocations: <b>Schmutz abwaschen</b> (""to wash off dirt""), <b>im Schmutz liegen</b> (""to lie in the dirt/mud""), <b>mit Schmutz werfen / jemanden mit Schmutz bewerfen</b> (""to sling mud at someone""), <b>jemanden durch den Schmutz ziehen</b> (""to drag someone through the mud"").<br><br><b>Example:</b> <i>Die Kinder kamen völlig verdreckt und voller Schmutz vom Spielen nach Hause.</i> — ""The children came home from playing completely filthy and covered in dirt."" Another example: <i>Die Boulevardpresse warf immer wieder mit Schmutz nach dem Politiker.</i> — ""The tabloid press kept slinging mud at the politician.""<br><br><b>Synonym:</b> <b>der Dreck</b> (dirt/filth, more colloquial and blunt) · <b>der Staub</b> (dust — a distinct, drier kind of grime) · <b>der Unrat</b> (refuse/filth, more formal/literary) depending on context<br><br><b>English:</b> <b>dirt / filth / grime / muck</b> · <b>French:</b> <b>saleté / crasse</b> Useful nuance: <b>Schmutz</b> covers both the literal sense (grime, mud, dust) and, very productively, the figurative sense of moral or reputational filth, seen in idioms like <b>mit Schmutz werfen</b> and <b>jemanden durch den Schmutz ziehen</b>. Compare <b>der Dreck</b>, which is more colloquial/blunt and can double as a mild exclamation of disgust (<b>so ein Dreck!</b>, ""what garbage/crap!""), whereas <b>Schmutz</b> stays more neutral and descriptive.<br><br><b>CEFR:</b> roughly <b>A2/B1</b>."
"entfachen","<b>Definition:</b> To kindle or ignite — literally, to start a fire or flame (<b>ein Feuer entfachen</b>); much more commonly used figuratively, to spark, stir up, or trigger something intense — enthusiasm, passion, hope, a conflict, a debate, or a crisis — bringing it suddenly and forcefully into being.<br><br><b>Grammar:</b> Weak, inseparable verb: <b>entfachen, entfachte, hat entfacht</b>. Governs the accusative: <b>etwas (Akkusativ) entfachen</b>. Common fixed constructions: <b>ein Feuer entfachen</b> (""to kindle a fire""), <b>Begeisterung/ Hoffnung entfachen</b> (""to spark enthusiasm/hope""), <b>einen Streit/Konflikt/eine Debatte entfachen</b> (""to ignite a quarrel/conflict/debate""), <b>einen Sturm der Entrüstung entfachen</b> (""to spark a storm of outrage""). Compare <b>schüren</b> (""to stoke/fan""), which presupposes something is already smoldering and intensifies it further, whereas <b>entfachen</b> captures the initial spark that brings something into being.<br><br><b>Example:</b> <i>Ein einziger Funke genügte, um das trockene Gras zu entfachen.</i> — ""A single spark was enough to set the dry grass alight."" Another example: <i>Seine Rede entfachte bei den Zuhörern neue Hoffnung auf Veränderung.</i> — ""His speech kindled new hope for change among the listeners.""<br><br><b>Synonym:</b> <b>literal sense: anzünden / entzünden</b>; <b>figurative sense: auslösen / hervorrufen / schüren (stoke, once already burning) / wecken (arouse)</b> depending on context<br><br><b>English:</b> <b>to kindle / ignite / spark / stir up</b> · <b>French:</b> <b>enflammer / attiser / susciter</b> Useful nuance: <b>Entfachen</b> almost always implies something sudden and forceful bursting into being — a fire catching, a debate erupting, enthusiasm surging — closer to ""ignite"" than to the more gradual <b>wecken</b> (""to awaken,"" see [[erwecken]]), which suggests calling forth something latent or dormant. It pairs naturally with dramatic, often journalistic subjects: a single remark, image, or event that <b>entfacht</b> a controversy, crisis, or wave of feeling.<br><br><b>CEFR:</b> roughly <b>B2/C1</b>."
"enttäuschen","<b>Definition:</b> To disappoint — to fail to meet someone's hopes, expectations, or trust, leaving them let down; can describe people, events, results, or products falling short of what was expected or hoped for.<br><br><b>Grammar:</b> Weak, inseparable verb: <b>enttäuschen, enttäuschte, hat enttäuscht</b>. Governs the accusative: <b>jemanden (Akkusativ) enttäuschen</b>. Past participle <b>enttäuscht</b> is also a common adjective (""disappointed""), used with <b>sein</b> (<i>ich bin enttäuscht</i>) or <b>von</b> (<i>enttäuscht von etwas/jemandem</i>, ""disappointed by/in something/someone""). Related noun: <b>die Enttäuschung</b> (""disappointment""). Common collocations: <b>jemandes Erwartungen enttäuschen</b> (""to disappoint someone's expectations""), <b>bitter enttäuscht sein</b> (""to be bitterly disappointed"").<br><br><b>Example:</b> <i>Der neue Film hat mich leider enttäuscht.</i> — ""Unfortunately, the new film disappointed me."" Another example: <i>Sie war enttäuscht von seiner Reaktion auf die gute Nachricht.</i> — ""She was disappointed by his reaction to the good news.""<br><br><b>Synonym:</b> <b>frustrieren</b> (to frustrate, more about thwarted effort than dashed hope) · <b>ernüchtern</b> (to sober/disillusion, softer, more about a reality check) · <b>im Stich lassen</b> (to let someone down/abandon, stronger, relational) depending on context<br><br><b>English:</b> <b>to disappoint</b> · <b>French:</b> <b>décevoir</b> Useful nuance: <b>Enttäuschen</b> centers on the gap between expectation and outcome — someone hoped for X and got less. The adjectival participle <b>enttäuscht</b> is extremely common in everyday speech (<i>ich bin so enttäuscht</i>), often paired with <b>von</b> to name the source. Compare <b>frustrieren</b>, which centers more on blocked effort or ongoing annoyance than on a single dashed hope.<br><br><b>CEFR:</b> roughly <b>A2/B1</b>."
"Stimme","<b>Definition:</b> Voice — the sound a person makes when speaking or singing; also, by extension, a vote (as in an election or ballot) and, more figuratively, an opinion or viewpoint that is ""heard"" (e.g., ""eine innere Stimme,"" an inner voice).<br><br><b>Grammar:</b> Feminine noun: <b>die Stimme</b>, plural <b>die Stimmen</b>. Related verb: <b>stimmen</b> (""to be correct/right,"" also ""to vote,"" also ""to tune"" an instrument); related adjective: <b>stimmhaft</b> (""voiced,"" phonetics). Common collocations: <b>die Stimme erheben</b> (""to raise one's voice""), <b>seine Stimme abgeben</b> (""to cast one's vote""), <b>mit lauter/leiser Stimme</b> (""in a loud/quiet voice""), <b>eine innere Stimme</b> (""an inner voice/gut feeling""), <b>stimmberechtigt</b> (""entitled to vote"").<br><br><b>Example:</b> <i>Ihre Stimme zitterte vor Aufregung, als sie die Ergebnisse verkündete.</i> — ""Her voice trembled with excitement as she announced the results."" Another example: <i>Bei der Abstimmung gab jeder Bürger seine Stimme ab.</i> — ""In the vote, every citizen cast their vote.""<br><br><b>Synonym:</b> none direct for the vocal sense (<b>Stimme</b> is the standard term); for the ""vote"" sense: <b>die Wahlstimme</b> (more specific, ""electoral vote""); for the ""voice/opinion"" sense: <b>die Meinung</b> (opinion, less literal) depending on context<br><br><b>English:</b> <b>voice / vote</b> · <b>French:</b> <b>voix</b> Useful nuance: <b>Stimme</b> neatly bridges the literal sense (the physical voice) and the political/procedural sense (a vote), much like French <b>voix</b> and English ""voice"" in phrases like ""make your voice heard"" — German extends this into the compound <b>Abstimmung</b> (""vote/ballot,"" literally ""a tuning/aligning of voices"") and the verb <b>stimmen</b>, which on its own means ""to be correct,"" reflecting the idea of voices being ""in tune"" or agreement.<br><br><b>CEFR:</b> roughly <b>A2</b>."
"sich gefasst machen","<b>Definition:</b> To brace oneself / be prepared — to mentally prepare for something (usually unpleasant or unexpected), so that it doesn't catch one off guard; most often in the set phrase <i>sich auf etwas gefasst machen</i> (""to brace oneself for something"").<br><br><b>Grammar:</b> Reflexive phrase with the accusative reflexive pronoun: <b>sich (Akk.) auf etwas (Akk.) gefasst machen</b>. <b>Gefasst</b> is the past participle of <b>fassen</b> used as an adjective; <b>machen</b> is conjugated normally: <b>machte sich gefasst, hat sich gefasst gemacht</b>. Without the reflexive, use <b>gefasst sein auf etwas</b> (""to be prepared for something""). Standalone <b>gefasst</b> also means ""composed/calm"" (<i>sie blieb gefasst</i>, ""she stayed composed""). Related: <b>sich fassen</b> (""to compose oneself""), <b>die Fassung verlieren</b> (""to lose one's composure""). Fixed idiom: <b>Mach dich auf etwas gefasst!</b> (""Brace yourself!"" — often a warning or threat).<br><br><b>Example:</b> <i>Gute Verhandlungsführer gehen in dem Wissen in eine Verhandlung, dass sie sich auf Überraschungen gefasst machen müssen.</i> — ""Good negotiators go into a negotiation knowing that they have to be prepared for surprises."" Another example: <i>Wenn du das noch einmal machst, kannst du dich auf etwas gefasst machen!</i> — ""If you do that again, you'd better brace yourself!""<br><br><b>Synonym:</b> <b>sich einstellen auf</b> (to adjust oneself to, more neutral) · <b>sich wappnen</b> (to arm oneself, more literary) · <b>mit etwas rechnen</b> (to reckon with/expect something, less about mental bracing) depending on context<br><br><b>English:</b> <b>to brace oneself / to be prepared for</b> · <b>French:</b> <b>s'attendre à / se préparer à</b> Useful nuance: <b>Sich gefasst machen</b> carries an emotional undertone — it's about steeling oneself psychologically, not just practical preparation (for that, use <b>sich vorbereiten auf</b>). The <b>sich</b> is easy to drop by mistake; without it, switch to <b>gefasst sein auf</b>. As a stand-alone imperative (<i>Mach dich auf was gefasst!</i>) it often works as a warning or threat, like English ""you're in for it.""<br><br><b>CEFR:</b> roughly <b>B2</b>."
"gängig","<b>Definition:</b> Common / customary / widely used — describes something that is standard, usual, or in general circulation (practices, opinions, methods, sizes, products); in commerce, also ""marketable"" or ""in demand"" (goods that sell well).<br><br><b>Grammar:</b> Adjective: <b>gängig, gängiger, am gängigsten</b>; declines normally (<i>die gängige Praxis</i>, <i>ein gängiges Modell</i>). Derived from <b>der Gang</b> / <b>gehen</b> (""what goes around,"" i.e., what is current). Common collocations: <b>gängige Praxis</b> (""common practice""), <b>die gängige Meinung</b> (""the prevailing view""), <b>gängige Größen</b> (""standard sizes""), <b>gängige Methoden</b> (""common methods""). Related idiom: <b>gang und gäbe sein</b> (""to be quite usual, par for the course""). Compounds: <b>leichtgängig</b> (""smooth-running,"" of mechanisms), <b>marktgängig</b> (""marketable"").<br><br><b>Example:</b> <i>Es ist gängige Praxis, vor einer Verhandlung die Interessen der Gegenseite zu analysieren.</i> — ""It is common practice to analyze the other side's interests before a negotiation."" Another example: <i>Das Ersatzteil gibt es in allen gängigen Größen.</i> — ""The spare part is available in all standard sizes.""<br><br><b>Synonym:</b> <b>üblich</b> (usual, customary, more neutral) · <b>verbreitet</b> (widespread, emphasizes reach) · <b>geläufig</b> (familiar, well-known, esp. words/expressions) · <b>marktgängig</b> (marketable, commercial sense) depending on context<br><br><b>English:</b> <b>common / customary / standard</b> · <b>French:</b> <b>courant / usuel</b> Useful nuance: <b>Gängig</b> stresses that something is <i>in circulation</i> and accepted as the norm — closer to French <b>courant</b> than to plain ""common."" Compared with <b>üblich</b> (what people usually do), <b>gängig</b> often has a slightly more technical or commercial flavor (methods, models, sizes, goods). For words and expressions, <b>geläufig</b> is the more natural choice (<i>ein geläufiger Ausdruck</i>).<br><br><b>CEFR:</b> roughly <b>B2</b>."
"übrigen (übrig / die übrigen / im Übrigen)","<b>Definition:</b> Remaining / the rest / the other(s) — inflected form of <b>übrig</b> (""left over, remaining""), used for what is left once something has been taken, mentioned, or dealt with (<i>die übrigen Gäste</i>, ""the remaining/other guests""); in the fixed phrase <b>im Übrigen</b> it means ""besides / moreover / incidentally / apart from that.""<br><br><b>Grammar:</b> Adjective <b>übrig</b>: predicative (<i>Es ist nichts übrig</i>, ""Nothing is left"") or attributive with normal adjective endings (<i>die übrigen Teilnehmer</i>, <i>das übrige Geld</i>). Nominalized: <b>die Übrigen</b> (""the others/the rest""), <b>das Übrige</b> (""the rest""). Fixed phrase <b>im Übrigen</b> (capitalized since the spelling reform; <i>im übrigen</i> is old spelling) = ""moreover / for the rest / incidentally."" Related: <b>übrigens</b> (""by the way""), <b>übrig bleiben</b> (""to be left over""), <b>übrig lassen</b> (""to leave over""), idiom <b>etwas übrig haben für</b> (""to have a soft spot for""), <b>zu wünschen übrig lassen</b> (""to leave something to be desired"").<br><br><b>Example:</b> <i>Zwei Teilnehmer kamen pünktlich, die übrigen verspäteten sich.</i> — ""Two participants arrived on time; the others were late."" Another example: <i>Der Vorschlag ist teuer. Im Übrigen glaube ich nicht, dass er funktioniert.</i> — ""The proposal is expensive. Besides, I don't think it will work.""<br><br><b>Synonym:</b> <b>restlich</b> (remaining, closest for the adjective sense) · <b>ander-</b> (other, more neutral) · <b>außerdem / übrigens</b> (besides / by the way, for <i>im Übrigen</i>) depending on context<br><br><b>English:</b> <b>remaining / the rest / the other(s); (im Übrigen) besides, moreover</b> · <b>French:</b> <b>restant / les autres; (im Übrigen) du reste, par ailleurs</b> Useful nuance: <b>Im Übrigen</b> and <b>übrigens</b> look alike but differ: <b>übrigens</b> is a casual ""by the way"" that introduces a new, often unrelated point, while <b>im Übrigen</b> is more formal and means ""apart from that / furthermore,"" adding a further argument along the same line — close to French <b>du reste / au demeurant</b>. For the adjective, <b>die übrigen</b> stresses ""the rest of a group already partly mentioned,"" where <b>die anderen</b> is more neutral.<br><br><b>CEFR:</b> roughly <b>B1</b> (<i>übrig</i>, <i>die übrigen</i>); <b>B2</b> (<i>im Übrigen</i>)."
"Beteiligten (der/die Beteiligte)","<b>Definition:</b> The parties involved / participants / stakeholders — the people (or organizations) who take part in, are involved in, or are affected by a matter, process, event, or decision; nominalized from the participle <b>beteiligt</b> (""involved"").<br><br><b>Grammar:</b> Adjectival noun from the past participle of <b>sich beteiligen</b> (""to take part""), so it declines like an adjective: <b>der Beteiligte / ein Beteiligter</b>, <b>die Beteiligte / eine Beteiligte</b>, plural <b>die Beteiligten / Beteiligte</b> (no article). Dative/genitive plural: <b>den/der Beteiligten</b>. Related: <b>beteiligt sein an + Dat.</b> (""to be involved in""), <b>sich beteiligen an + Dat.</b> (""to take part in, participate in""), <b>die Beteiligung</b> (""participation; stake/share""). Common collocations: <b>alle Beteiligten</b> (""everyone involved""), <b>die beteiligten Parteien</b> (""the parties involved""), <b>am Unfall Beteiligte</b> (""those involved in the accident"").<br><br><b>Example:</b> <i>Vor der Verhandlung sollte man die Interessen aller Beteiligten kennen.</i> — ""Before the negotiation, one should know the interests of all parties involved."" Another example: <i>Die Polizei befragte die am Unfall Beteiligten.</i> — ""The police questioned those involved in the accident.""<br><br><b>Synonym:</b> <b>die Teilnehmer</b> (participants, esp. in an event or course) · <b>die Betroffenen</b> (those affected, more passive) · <b>die Parteien</b> (the parties, legal/negotiation context) · <b>die Mitwirkenden</b> (contributors, collaborators) depending on context<br><br><b>English:</b> <b>those involved / the parties involved / participants / stakeholders</b> · <b>French:</b> <b>les parties prenantes / les intéressés / les personnes concernées</b> Useful nuance: <b>Beteiligte</b> emphasizes active involvement — having a part or a stake in something — while <b>Betroffene</b> are those affected, possibly without any active role. In business and negotiation German, <b>alle Beteiligten</b> is the standard way to say ""all stakeholders,"" often a more natural choice than the anglicism <b>Stakeholder</b>. Watch the adjectival declension: <i>ein Beteiligter</i>, but <i>der Beteiligte</i>.<br><br><b>CEFR:</b> roughly <b>B2</b>."
"Schweigen (das Schweigen / schweigen)","<b>Definition:</b> Silence — the act or state of not speaking, especially deliberately (keeping quiet, refusing to comment, or holding one's tongue); as a verb, <b>schweigen</b> means ""to be/remain silent, to say nothing.""<br><br><b>Grammar:</b> Noun: <b>das Schweigen</b> (neuter, nominalized infinitive, no plural). Verb: strong, intransitive: <b>schweigen, schwieg, hat geschwiegen</b>. Prepositions: <b>schweigen zu + Dat.</b> (""to say nothing about/in response to""), <b>über etwas (Akk.) schweigen</b> (""to keep silent about something""). Related: <b>schweigsam</b> (""taciturn, quiet""), <b>verschweigen</b> (""to conceal, keep quiet about,"" transitive), <b>die Schweigepflicht</b> (""duty of confidentiality""), <b>die Schweigeminute</b> (""minute of silence""). Common collocations: <b>das Schweigen brechen</b> (""to break the silence""), <b>sich in Schweigen hüllen</b> (""to wrap oneself in silence, refuse to comment""), <b>eisiges Schweigen</b> (""icy silence""), <b>zum Schweigen bringen</b> (""to silence"").<br><br><b>Example:</b> <i>Nach seinem Angebot ließ sie bewusst ein langes Schweigen entstehen.</i> — ""After his offer, she deliberately let a long silence develop."" Another example: <i>Der Minister schwieg zu den Vorwürfen.</i> — ""The minister said nothing in response to the allegations.""<br><br><b>Synonym:</b> <b>die Stille</b> (silence/quiet as the absence of noise, not of speech) · <b>die Ruhe</b> (calm, quiet, peace) · <b>verstummen</b> (to fall silent, verb) · <b>den Mund halten</b> (to keep one's mouth shut, colloquial) depending on context<br><br><b>English:</b> <b>silence / to be silent</b> · <b>French:</b> <b>le silence / se taire</b> Useful nuance: <b>Schweigen</b> is silence as the <i>absence of speech</i> — a human act, often deliberate and meaningful — whereas <b>Stille</b> is the <i>absence of sound</i> (a quiet forest, a still night). So: <i>ein peinliches Schweigen</i> (""an awkward silence"" in a conversation) but <i>die Stille der Nacht</i>. Proverb: <b>Reden ist Silber, Schweigen ist Gold</b> (""Speech is silver, silence is golden"") — very apt for negotiation, where strategic silence after an offer or a label is a key tool.<br><br><b>CEFR:</b> roughly <b>B1</b>."
"darüber hinaus","<b>Definition:</b> Furthermore / moreover / in addition / beyond that — a connective adverb that adds a further point on top of what was just said; also used literally for going ""beyond"" a limit or amount (<i>darüber hinaus gehen</i>, ""to go beyond that"").<br><br><b>Grammar:</b> Two-word adverbial phrase, written separately: <b>darüber hinaus</b> (from <b>darüber</b> + <b>hinaus</b>, ""out beyond that""). As a connective it takes the first position and triggers verb–subject inversion: <i>Darüber hinaus <b>stehen</b> sie ...</i> — or sits in the middle field after the verb: <i>Sie <b>stehen</b> darüber hinaus ...</i> (""They are, in addition, ...""). Literal use: <b>über etwas (Akk.) hinausgehen</b> (""to exceed, go beyond""), so <i>Das geht darüber hinaus</i> = ""That goes beyond it."" Don't confuse with <b>über etwas (Dat.) stehen / darüber stehen</b> (""to be above something, not let it get to you"").<br><br><b>Example:</b> <i>Gute Verhandlungsführer sind gut vorbereitet. Darüber hinaus stehen sie Überraschungen offen gegenüber.</i> — ""Good negotiators are well prepared. Furthermore, they are open to surprises."" Another example: <i>Die Kosten gehen weit darüber hinaus, was wir geplant hatten.</i> — ""The costs go far beyond what we had planned.""<br><br><b>Synonym:</b> <b>außerdem</b> (besides, more everyday) · <b>zudem</b> (moreover, slightly formal) · <b>ferner</b> (furthermore, formal/written) · <b>im Übrigen</b> (apart from that, for the rest) · <b>überdies</b> (moreover, elevated) depending on context<br><br><b>English:</b> <b>furthermore / moreover / in addition / beyond that</b> · <b>French:</b> <b>en outre / de plus / au-delà</b> Useful nuance: <b>Darüber hinaus</b> is the go-to ""furthermore"" of written and professional German — more formal than <b>außerdem</b>, less stiff than <b>ferner</b> or <b>überdies</b>. Its literal image (""out beyond that"") makes it especially fitting when the added point goes <i>further</i> than the previous one, rather than merely sitting alongside it. Remember inversion when it opens a clause: <i>Darüber hinaus <b>ist</b> er ...</i>, never <i>Darüber hinaus er ist ...</i>.<br><br><b>CEFR:</b> roughly <b>B1/B2</b>."
"außerhalb","<b>Definition:</b> Outside (of) / beyond — a preposition or adverb for something located outside a place, area, or boundary (<i>außerhalb der Stadt</i>, ""outside the city""), or falling outside a period of time or a domain (<i>außerhalb der Öffnungszeiten</i>, ""outside opening hours""; <i>außerhalb meiner Zuständigkeit</i>, ""outside my responsibility"").<br><br><b>Grammar:</b> Preposition with the <b>genitive</b>: <b>außerhalb + Genitiv</b> (<i>außerhalb des Hauses</i>, <i>außerhalb der Saison</i>). Before names, or nouns without an article, use <b>von + Dativ</b>: <i>außerhalb von Berlin</i>, <i>außerhalb von Europa</i>. Without a noun, it works as an adverb: <i>Wir wohnen etwas außerhalb</i> (""We live a bit outside [of town]""); <i>von außerhalb kommen</i> (""to come from out of town""). In spoken German you may hear the dative (<i>außerhalb dem Haus</i>), but the genitive is the standard form.<br><br><b>Example:</b> <i>Außerhalb der Geschäftszeiten ist der Kundendienst nicht erreichbar.</i> — ""Customer service cannot be reached outside business hours."" Another example: <i>Viele Familien ziehen nach außerhalb, weil die Mieten in der Stadt zu hoch sind.</i> — ""Many families move out of town because rents in the city are too high.""<br><br><b>Synonym:</b> <b>draußen</b> (outside, adverb only, more everyday/physical) · <b>jenseits</b> (beyond, elevated) · <b>nicht innerhalb</b> depending on context; <b>antonym: innerhalb</b> (inside, within)<br><br><b>English:</b> <b>outside (of) / beyond / out of town</b> · <b>French:</b> <b>en dehors de / à l'extérieur de / hors de</b> Useful nuance: <b>außerhalb</b> marks a <i>boundary</i>: something is outside a defined area, time, or scope. It pairs naturally with abstract nouns: <i>außerhalb der Arbeitszeit</i>, <i>außerhalb der Reichweite</i> (""out of reach""), <i>außerhalb jeder Kontrolle</i> (""beyond all control""). <b>draußen</b> is just ""outdoors / out there"" with no reference point: <i>Die Kinder spielen draußen</i>, not <i>außerhalb</i>. Mirror pair: <b>innerhalb + Genitiv</b> (""within""), which is also used for time limits: <i>innerhalb einer Woche</i> (""within a week"").<br><br><b>CEFR:</b> roughly <b>B1</b>."
