"tadellos","<b>Definition:</b> Completely without faults, defects, or grounds for criticism; impeccable in quality, behavior, or condition.<br><br><b>Grammar:</b> Adjective. <i>tadellose</i> is a declined form of <i>tadellos</i>; the ending depends on case, gender, number, and article.<br><br><b>Example:</b> <i>Sie hat eine tadellose Arbeit geleistet.</i> — “She did an impeccable job.”<br><br><b>English:</b> <b>impeccable</b><br><br><b>CEFR:</b> roughly <b>B2–C1</b>."
"der Eckpfeiler","<b>Definition:</b> Literally a corner pillar; figuratively, a fundamental element or principle on which something depends.<br><br><b>Grammar:</b> Masculine noun: <i>der Eckpfeiler</i>; plural: <i>die Eckpfeiler</i>.<br><br><b>Example:</b> <i>Vertrauen ist ein Eckpfeiler jeder guten Beziehung.</i> — “Trust is a cornerstone of every good relationship.”<br><br><b>English:</b> <b>cornerstone</b><br><br><b>CEFR:</b> roughly <b>B2–C1</b>."
"jemanden (Akkusativ) einschüchtern","<b>Definition:</b> To make someone feel afraid, insecure, or less confident, often in order to influence their behavior.<br><br><b>Grammar:</b> Separable weak verb: <i>einschüchtern – schüchterte ein – hat eingeschüchtert</i>. Usually takes an accusative object: <i>jemanden einschüchtern</i>.<br><br><b>Example:</b> <i>Lass dich von ihm nicht einschüchtern.</i> — “Don’t let him intimidate you.”<br><br><b>English:</b> <b>intimidate</b><br><br><b>CEFR:</b> roughly <b>B2</b>."
"schwinden","<b>Definition:</b> To gradually become smaller, weaker, less, or disappear.<br><br><b>Grammar:</b> Strong verb: <i>schwinden – schwand – ist geschwunden</i>. <i>schwindet</i> is 3rd-person singular present.<br><br><b>Example:</b> <i>Seine Hoffnung schwindet langsam.</i> — “His hope is slowly fading.”<br><br><b>English:</b> <b>fade</b><br><br><b>CEFR:</b> roughly <b>B2–C1</b>."
"verwundbar","<b>Definition:</b> Able to be harmed, injured, attacked, or emotionally hurt; also used for systems or positions susceptible to damage.<br><br><b>Grammar:</b> Adjective. It can be used predicatively (<i>Das System ist verwundbar</i>) or declined before a noun.<br><br><b>Example:</b> <i>Ohne Unterstützung ist das System besonders verwundbar.</i> — “Without support, the system is especially vulnerable.”<br><br><b>English:</b> <b>vulnerable</b><br><br><b>CEFR:</b> roughly <b>B2</b>."
"etwas (Akkusativ) vereiteln","<b>Definition:</b> To deliberately prevent a plan, attempt, or intended event from succeeding or taking place.<br><br><b>Grammar:</b> Weak, inseparable verb: <i>vereiteln – vereitelte – hat vereitelt</i>. Usually takes an accusative object.<br><br><b>Example:</b> <i>Die Polizei konnte den Anschlag vereiteln.</i> — “The police were able to thwart the attack.”<br><br><b>English:</b> <b>thwart</b><br><br><b>CEFR:</b> roughly <b>B2–C1</b>."
"etwas (Akkusativ) untergraben","<b>Definition:</b> Literally to dig beneath something; figuratively, to gradually weaken authority, stability, trust, or effectiveness.<br><br><b>Grammar:</b> Strong, inseparable verb: <i>untergraben – untergrub – hat untergraben</i>. Takes an accusative object.<br><br><b>Example:</b> <i>Sein Verhalten untergräbt das Vertrauen im Team.</i> — “His behavior undermines trust within the team.”<br><br><b>English:</b> <b>undermine</b><br><br><b>CEFR:</b> roughly <b>B2–C1</b>."
"die Umkehrung","<b>Definition:</b> The act or result of reversing, inverting, or turning something into its opposite or reverse order.<br><br><b>Grammar:</b> Feminine noun: <i>die Umkehrung</i>; plural: <i>die Umkehrungen</i>. Related to <i>umkehren</i>.<br><br><b>Example:</b> <i>Die Umkehrung dieser Entwicklung wäre schwierig.</i> — “Reversing this development would be difficult.”<br><br><b>English:</b> <b>reversal</b><br><br><b>CEFR:</b> roughly <b>B2</b>."
"etwas (Akkusativ) erwerben","<b>Definition:</b> To obtain or acquire something such as property, rights, qualifications, knowledge, or a product.<br><br><b>Grammar:</b> Strong verb: <i>erwerben – erwarb – hat erworben</i>. Takes an accusative object: <i>etwas erwerben</i>.<br><br><b>Example:</b> <i>Dieses Zertifikat können Sie online erwerben.</i> — “You can acquire this certificate online.”<br><br><b>English:</b> <b>acquire</b><br><br><b>CEFR:</b> roughly <b>B1–B2</b>."
"jemanden/etwas (Akkusativ) vernachlässigen","<b>Definition:</b> To fail to give a person, thing, responsibility, or area the care, attention, or effort it requires.<br><br><b>Grammar:</b> Weak, inseparable verb: <i>vernachlässigen – vernachlässigte – hat vernachlässigt</i>. Takes an accusative object.<br><br><b>Example:</b> <i>Er hat seine Gesundheit jahrelang vernachlässigt.</i> — “He neglected his health for years.”<br><br><b>English:</b> <b>neglect</b><br><br><b>CEFR:</b> roughly <b>B2</b>."
"die Anmaßung","<b>Definition:</b> An unjustified or presumptuous claim to authority, importance, rights, or competence.<br><br><b>Grammar:</b> Feminine noun: <i>die Anmaßung</i>; plural: <i>die Anmaßungen</i>. Related verb: <b>sich (Dativ) etwas (Akkusativ) anmaßen</b> (<i>Ich maße mir kein Urteil an</i>).<br><br><b>Example:</b> <i>Es wäre eine Anmaßung, für alle Menschen sprechen zu wollen.</i> — “It would be presumptuous to claim to speak for everyone.”<br><br><b>English:</b> <b>presumption</b><br><br><b>CEFR:</b> roughly <b>B2–C1</b>."
"jemanden/etwas (Akkusativ) beurteilen","<b>Definition:</b> To form or express a judgment about someone or something on the basis of information, qualities, or criteria.<br><br><b>Grammar:</b> Weak, inseparable verb: <i>beurteilen – beurteilte – hat beurteilt</i>. <i>beurteilt</i> can be the past participle or a present-tense form.<br><br><b>Example:</b> <i>Man sollte andere nicht zu schnell beurteilen.</i> — “One should not judge others too quickly.”<br><br><b>English:</b> <b>judge</b><br><br><b>CEFR:</b> roughly <b>B1–B2</b>."
"das Äußere","<b>Definition:</b> A person’s or thing’s outward appearance, as opposed to inner qualities or substance.<br><br><b>Grammar:</b> Substantivized adjective: <i>das Äußere</i>. In <i>nach seinem Äußeren</i>, <i>nach</i> governs the dative, so <i>Äußeren</i> is dative singular.<br><br><b>Example:</b> <i>Man sollte einen Menschen nicht nur nach seinem Äußeren beurteilen.</i> — “One should not judge a person solely by their appearance.”<br><br><b>English:</b> <b>appearance</b><br><br><b>CEFR:</b> roughly <b>B1–B2</b>."
"eingeschüchtert sein / sich (Akkusativ) eingeschüchtert fühlen","<b>Definition:</b> Feeling afraid, insecure, or lacking in confidence because of another person, situation, or perceived threat.<br><br><b>Grammar:</b> <b>Eingeschüchtert</b> is the past participle of <b>jemanden (Akkusativ) einschüchtern – schüchterte ein – hat eingeschüchtert</b>, often used adjectivally. Common constructions: <b>eingeschüchtert sein</b>, <b>sich (Akkusativ) eingeschüchtert fühlen</b>, and <b>von jemandem/etwas (Dativ) eingeschüchtert sein</b>.<br><br><b>Example:</b> <i>Ich fühle mich von meinem neuen Chef eingeschüchtert.</i> — “I feel intimidated by my new boss.”<br><br><b>English:</b> <b>intimidated</b><br><br><b>CEFR:</b> roughly <b>B2</b>."
"etwas (Akkusativ) erringen","<b>Definition:</b> To achieve, win, or obtain something through considerable effort, struggle, or persistence. Commonly used with victories, successes, titles, and achievements.<br><br><b>Grammar:</b> Strong verb: <i>erringen – errang – hat errungen</i>. <i>errungen</i> is the past participle and the verb usually takes an accusative object.<br><br><b>Example:</b> <i>Die Mannschaft hat einen wichtigen Sieg errungen.</i> — “The team achieved an important victory.”<br><br><b>English:</b> <b>win</b><br><br><b>CEFR:</b> roughly <b>B2–C1</b>."
"der Zorn","<b>Definition:</b> A strong feeling of anger, generally more intense and elevated in tone than everyday <i>Ärger</i>. It can sound literary or solemn.<br><br><b>Grammar:</b> Masculine noun: <i>der Zorn</i>. It is normally used in the singular and has no common plural in ordinary usage. Common complements: <b>der Zorn auf jemanden/etwas (Akkusativ)</b> and <b>der Zorn über etwas (Akkusativ)</b>.<br><br><b>Example:</b> <i>Er konnte seinen Zorn kaum verbergen.</i> — “He could hardly hide his anger.”<br><br><b>English:</b> <b>wrath</b><br><br><b>CEFR:</b> roughly <b>B2</b>."
"jemandem/etwas (Dativ) zukommen","<b>Definition:</b> In this formal construction, <i>zukommen</i> means that something has, assumes, or is assigned a particular function, significance, or role.<br><br><b>Grammar:</b> Strong, separable verb: <i>zukommen – kam zu – ist zugekommen</i>. Pattern: <b>jemandem/etwas (Dativ) zukommen</b>. The role or importance is the subject: <i>Der Sprache (Dativ) kommt eine wichtige Funktion (Nominativ) zu</i>. In <i>Argumenten kommt eine Funktion zu</i>, <i>Argumenten</i> is dative while <i>eine Funktion</i> is nominative.<br><br><b>Example:</b> <i>Der Sprache kommt dabei eine wichtige Funktion zu.</i> — “Language serves an important function in this context.”<br><br><b>English:</b> <b>serve</b><br><br><b>CEFR:</b> roughly <b>B2–C1</b>."
"entscheidend","<b>Definition:</b> Extremely important in determining an outcome or development; decisive or crucial.<br><br><b>Grammar:</b> Adjective. Common complement: <b>für jemanden/etwas (Akkusativ) entscheidend sein</b>. Its ending changes according to gender, number, case, and determiner: <i>eine entscheidende Funktion</i>, <i>ein entscheidender Moment</i>.<br><br><b>Example:</b> <i>Vertrauen spielt dabei eine entscheidende Rolle.</i> — “Trust plays a crucial role in this.”<br><br><b>English:</b> <b>crucial</b><br><br><b>CEFR:</b> roughly <b>B1–B2</b>."
"jemanden (Akkusativ) von etwas (Dativ) ablenken","<b>Definition:</b> To divert someone’s attention away from something, especially from the real issue, problem, or activity.<br><br><b>Grammar:</b> Separable weak verb: <i>ablenken – lenkte ab – hat abgelenkt</i>. Common construction: <b>jemanden (Akkusativ) von etwas (Dativ) ablenken</b>. Reflexive: <b>sich (Akkusativ) ablenken</b> (“to distract oneself”). With the topic alone: <b>von etwas (Dativ) ablenken</b> (“to divert attention from something”).<br><br><b>Example:</b> <i>Er versuchte, mich von der eigentlichen Frage abzulenken.</i> — “He tried to distract me from the real question.”<br><br><b>English:</b> <b>distract</b><br><br><b>CEFR:</b> roughly <b>B1–B2</b>."
"die Spur / seine Spuren (Akkusativ) verbergen","<b>Definition:</b> A <i>Spur</i> is a trace, track, clue, or sign left behind. <i>Seine Spuren verbergen</i> means to conceal evidence of one’s actions, similar to “cover one’s tracks.”<br><br><b>Grammar:</b> Feminine noun: <i>die Spur</i>; plural: <i>die Spuren</i>. Pattern: <b>etwas (Akkusativ) vor jemandem (Dativ) verbergen</b>. <i>verbergen</i> is strong: <i>verbergen – verbarg – hat verborgen</i>.<br><br><b>Example:</b> <i>Er versuchte, seine Spuren zu verbergen.</i> — “He tried to cover his tracks.”<br><br><b>English:</b> <b>trace</b><br><br><b>CEFR:</b> roughly <b>B2</b>."
"die List","<b>Definition:</b> A clever but deceptive plan or method used to achieve something by misleading another person. It is more literary or formal than <i>Trick</i>.<br><br><b>Grammar:</b> Feminine noun: <i>die List</i>; plural: <i>die Listen</i>. Do not confuse it with <i>die Liste</i>, which means “list.”<br><br><b>Example:</b> <i>Mit einer List gelang es ihm, seine Gegner zu täuschen.</i> — “Through a ruse, he managed to deceive his opponents.”<br><br><b>English:</b> <b>ruse</b><br><br><b>CEFR:</b> roughly <b>B2–C1</b>."
"jemanden (Akkusativ) bei etwas (Dativ) ertappen","<b>Definition:</b> To catch or discover someone in the act of doing something wrong, dishonest, or intended to remain hidden.<br><br><b>Grammar:</b> Weak verb: <i>ertappen – ertappte – hat ertappt</i>. Common construction: <b>jemanden (Akkusativ) bei etwas (Dativ) ertappen</b>. Reflexive: <b>sich (Akkusativ) bei etwas (Dativ) ertappen</b> or <b>sich (Akkusativ) dabei ertappen, etwas zu tun</b> (“to catch oneself doing something”).<br><br><b>Example:</b> <i>Sie wurde beim Lügen ertappt.</i> — “She was caught lying.”<br><br><b>English:</b> <b>catch</b><br><br><b>CEFR:</b> roughly <b>B2–C1</b>."
"der Hochstapler","<b>Definition:</b> A person who deceives others by pretending to possess a higher status, qualifications, wealth, expertise, or identity than they actually have.<br><br><b>Grammar:</b> Masculine noun: <i>der Hochstapler</i>; plural: <i>die Hochstapler</i>. <i>Hochstaplern</i> is dative plural, e.g. <i>von Hochstaplern</i>.<br><br><b>Example:</b> <i>Er ließ sich von den Hochstaplern täuschen.</i> — “He was deceived by the impostors.”<br><br><b>English:</b> <b>impostor</b><br><br><b>CEFR:</b> roughly <b>B2–C1</b>."
"der Schwindler","<b>Definition:</b> Someone who deceives or cheats other people through lies, tricks, or fraudulent claims. It is broader in meaning than <i>Hochstapler</i>.<br><br><b>Grammar:</b> Masculine noun: <i>der Schwindler</i>; plural: <i>die Schwindler</i>. Feminine form: <i>die Schwindlerin</i>.<br><br><b>Example:</b> <i>Er entpuppte sich als geschickter Schwindler.</i> — “He turned out to be a skilled fraudster.”<br><br><b>English:</b> <b>fraudster</b><br><br><b>CEFR:</b> roughly <b>B2</b>."
"der Tölpel","<b>Definition:</b> A clumsy, foolish, socially awkward, or unsophisticated person. The word is derogatory and can have an old-fashioned or literary flavor.<br><br><b>Grammar:</b> Masculine noun: <i>der Tölpel</i>; plural: <i>die Tölpel</i>. <i>Tölpeln</i> is dative plural, e.g. <i>mit diesen Tölpeln</i>.<br><br><b>Example:</b> <i>Er wollte sich nicht mit diesen Tölpeln abgeben.</i> — “He didn’t want to associate with these oafs.”<br><br><b>English:</b> <b>oaf</b><br><br><b>CEFR:</b> roughly <b>B2–C1</b>."
"der Kasten","<b>Definition:</b> A box, case, crate, or other usually rectangular container. It can also refer to a crate of drinks or, colloquially, a bulky rectangular object.<br><br><b>Grammar:</b> Masculine noun: <i>der Kasten</i>; plural: <i>die Kästen</i>. This is distinct from <i>die Kaste → die Kasten</i>, meaning “caste/castes.”<br><br><b>Example:</b> <i>Im Keller steht noch ein Kasten Bier.</i> — “There’s still a crate of beer in the basement.”<br><br><b>English:</b> <b>box</b><br><br><b>CEFR:</b> roughly <b>A2–B1</b>."
"jemanden/etwas (Akkusativ) ausfindig machen","<b>Definition:</b> To find or locate someone after searching for them, often implying that the person was difficult to find or that some investigation was necessary.<br><br><b>Grammar:</b> Fixed expression: <i>jemanden/etwas ausfindig machen</i>. The person or thing being located is in the accusative. Conjugation follows <i>machen</i>: <i>macht ausfindig – machte ausfindig – hat ausfindig gemacht</i>.<br><br><b>Example:</b> <i>Die Polizei konnte den Verdächtigen schließlich ausfindig machen.</i> — “The police were finally able to locate the suspect.”<br><br><b>English:</b> <b>locate</b><br><br><b>CEFR:</b> roughly <b>B2</b>."
"das Klopfen","<b>Definition:</b> A knocking or tapping sound, usually produced by striking a surface such as a door, wall, or window. It can also describe a pounding sensation.<br><br><b>Grammar:</b> Neuter noun derived from the verb <i>klopfen</i>: <i>das Klopfen</i>. <i>Ein Klopfen</i> can be nominative or accusative singular depending on the sentence.<br><br><b>Example:</b> <i>Plötzlich hörte sie ein Klopfen an der Tür.</i> — “Suddenly she heard a knock at the door.”<br><br><b>English:</b> <b>knocking</b><br><br><b>CEFR:</b> roughly <b>A2–B1</b>."
"der Gewehrlauf","<b>Definition:</b> The long metal tube of a rifle or firearm through which the projectile travels when the weapon is fired.<br><br><b>Grammar:</b> Masculine compound noun: <i>der Gewehrlauf</i>; plural: <i>die Gewehrläufe</i>. Formed from <i>Gewehr</i> + <i>Lauf</i>.<br><br><b>Example:</b> <i>Der Gewehrlauf war auf den Boden gerichtet.</i> — “The rifle barrel was pointed at the ground.”<br><br><b>English:</b> <b>barrel</b><br><br><b>CEFR:</b> roughly <b>B2–C1</b>."
"jemanden/etwas (Akkusativ) ausschließen","<b>Definition:</b> To exclude, rule out, or prevent something from being considered or possible. <i>Ausgeschlossen</i> can also mean “out of the question” or “impossible.”<br><br><b>Grammar:</b> Strong separable verb: <i>ausschließen – schloss aus – hat ausgeschlossen</i>. <i>Ausgeschlossen</i> is the past participle and can also be used adjectivally. For exclusion from a group or activity, use <b>jemanden (Akkusativ) aus etwas (Dativ) / von etwas (Dativ) ausschließen</b>, for example <i>aus dem Verein</i> or <i>von der Teilnahme</i>.<br><br><b>Example:</b> <i>Ein technischer Fehler kann nicht ausgeschlossen werden.</i> — “A technical error cannot be ruled out.”<br><br><b>English:</b> <b>exclude</b><br><br><b>CEFR:</b> roughly <b>B1–B2</b>."
"jemanden/etwas (Akkusativ) bedienen / sich (Akkusativ) bedienen / sich (Akkusativ) einer Sache (Genitiv) bedienen","<b>Definition:</b> To serve a person, especially a customer, or to operate/use a machine or device. The exact meaning depends strongly on context.<br><br><b>Grammar:</b> Weak verb: <i>bedienen – bediente – hat bedient</i>. <i>Bedient</i> can be the past participle or a present-tense form: <i>er bedient / ihr bedient</i>. Reflexive <b>sich (Akkusativ) bedienen</b> means “to help oneself.” <b>Sich (Akkusativ) einer Sache (Genitiv) bedienen</b> means “to make use of something,” for example <i>sich eines Tricks bedienen</i>.<br><br><b>Example:</b> <i>Der Kellner hat die Gäste schnell bedient.</i> — “The waiter served the guests quickly.”<br><br><b>English:</b> <b>serve</b><br><br><b>CEFR:</b> roughly <b>B1–B2</b>."
"sich (Akkusativ) senken","<b>Definition:</b> To gradually move downward, become lower, or descend. <i>Nach und nach</i> emphasizes that the change happens little by little rather than suddenly.<br><br><b>Grammar:</b> Reflexive weak verb: <i>sich senken – senkte sich – hat sich gesenkt</i>. <i>Nach und nach</i> is an adverbial expression meaning “gradually.” A directional phrase can describe where something descends: <b>sich (Akkusativ) über etwas (Akkusativ) senken</b>, for example <i>über das Tal</i>. The verb can also stand without this phrase.<br><br><b>Example:</b> <i>Der Nebel senkte sich nach und nach über das Tal.</i> — “The fog gradually descended over the valley.”<br><br><b>English:</b> <b>descend</b><br><br><b>CEFR:</b> roughly <b>B1–B2</b>."
"jemanden/etwas (Akkusativ) mit etwas (Dativ) überschütten","<b>Definition:</b> Literally, to pour or shower something over someone or something. Figuratively, it often means to overwhelm someone with praise, criticism, gifts, questions, or similar things.<br><br><b>Grammar:</b> Weak inseparable verb: <i>überschütten – überschüttete – hat überschüttet</i>. Common construction: <i>jemanden mit etwas überschütten</i>.<br><br><b>Example:</b> <i>Nach dem Erfolg wurde sie mit Glückwünschen überschüttet.</i> — “After the success, she was showered with congratulations.”<br><br><b>English:</b> <b>shower</b><br><br><b>CEFR:</b> roughly <b>B2–C1</b>."
"die Anleitung","<b>Definition:</b> Instructions or guidance explaining how to do, use, assemble, or operate something. Depending on context, it can mean a manual, set of instructions, or guidance.<br><br><b>Grammar:</b> Feminine noun: <i>die Anleitung</i>; plural: <i>die Anleitungen</i>. Common constructions: <b>die Anleitung für etwas (Akkusativ)</b> and <b>die Anleitung zu etwas (Dativ)</b>, for example <i>eine Anleitung für das Gerät</i> and <i>eine Anleitung zum Aufbau</i>.<br><br><b>Example:</b> <i>Bitte lesen Sie zuerst die Anleitung.</i> — “Please read the instructions first.”<br><br><b>English:</b> <b>instructions</b><br><br><b>CEFR:</b> roughly <b>A2–B1</b>."
"mit etwas (Dativ) zögern / zögern, etwas zu tun","<b>Definition:</b> To hesitate or delay acting because of uncertainty or reluctance. <b>Zögernd</b> describes acting hesitantly or without confidence.<br><br><b>Grammar:</b> Weak verb: <b>zögern – zögerte – hat gezögert</b>. Common patterns: <b>mit etwas (Dativ) zögern</b> and <b>zögern, etwas zu tun</b>. <b>Zögernd</b> is its present participle, used adjectivally or adverbially: <i>eine zögernde Antwort</i> / <i>zögernd antworten</i>.<br><br><b>Example:</b> <i>Er öffnete zögernd die Tür.</i> — “He hesitantly opened the door.”<br><br><b>English:</b> <b>hesitate</b>; <b>zögernd:</b> <b>hesitant / hesitantly</b><br><br><b>CEFR:</b> roughly <b>B1–B2</b>."
"jemanden (Akkusativ) belästigen","<b>Definition:</b> To bother, disturb, annoy, or harass someone, especially in an intrusive or repeated way.<br><br><b>Grammar:</b> Weak verb: <i>belästigen – belästigte – hat belästigt</i>. Usually takes an accusative object: <i>jemanden belästigen</i>.\<br><br><b>Example:</b> <i>Bitte belästigen Sie die anderen Gäste nicht.</i> — “Please do not bother the other guests.”<br><br><b>English:</b> <b>harass</b><br><br><b>CEFR:</b> roughly <b>B2</b>."
"allmählich","<b>Definition:</b> Happening slowly and progressively over time, rather than suddenly; little by little.<br><br><b>Grammar:</b> Adverb. It describes a gradual change or development over time.\<br><br><b>Example:</b> <i>Sein Vertrauen schwand allmählich.</i> — “His trust gradually faded.”\<br><br><b>English:</b> <b>gradually</b><br><br><b>CEFR:</b> roughly <b>B1–B2</b>."
"verdächtig","<b>Definition:</b> Making someone seem suspicious or likely to be involved in wrongdoing, or giving the impression that something is questionable, dishonest, or dangerous. It can describe a person, behavior, object, or situation.<br><br><b>Grammar:</b> Adjective. It can be used predicatively (<i>Er wirkt verdächtig</i>) or declined before a noun: <i>ein verdächtiger Mann</i>, <i>eine verdächtige Situation</i>. Formal complement: <b>einer Sache (Genitiv) verdächtig sein</b>, for example <i>des Diebstahls verdächtig sein</i> (“to be suspected of theft”). It is often used in police, legal, and everyday contexts.<br><br><b>Example:</b> <i>Die Polizei hielt den Mann wegen seines verdächtigen Verhaltens an.</i> — “The police stopped the man because of his suspicious behavior.”<br><br><b>English:</b> <b>suspicious / suspect / dubious</b><br><br><b>CEFR:</b> roughly <b>B1–B2</b>."
"der Strich","<b>Definition:</b> A line, stroke, mark, or strip; also used figuratively for a small amount, a trace, or a single act of crossing out or making a mark. In context, it can also mean a streak, a slash, or a short line segment.<br><br><b>Grammar:</b> Masculine noun: <i>der Strich</i>; plural: <i>die Striche</i>. It appears in expressions such as <i>ein Strich durch die Rechnung</i> (“a spanner in the works”), <i>den Strich ziehen</i> (“to draw the line / to set a limit”), and <i>eine Linie ziehen</i> in some contexts. The exact meaning depends heavily on context.<br><br><b>Example:</b> <i>Ein Strich durch die Rechnung! Jetzt müssen wir alles neu planen.</i> — “A spanner in the works! Now we have to plan everything again.”<br><br><b>English:</b> <b>line / stroke / mark / streak</b><br><br><b>CEFR:</b> roughly <b>A2–B1</b>."
"jemanden/etwas (Akkusativ) als … einstufen","<b>Definition:</b> To classify, categorize, rate, or assess someone or something by assigning them to a particular category, level, group, or degree of importance or risk.<br><br><b>Grammar:</b> Separable weak verb: <i>einstufen – stufte ein – hat eingestuft</i>. Common constructions: <b>jemanden/etwas (Akkusativ) als … einstufen</b> and <b>jemanden/etwas (Akkusativ) in eine Kategorie (Akkusativ) einstufen</b>. <b>Als</b> can introduce an adjective (<i>als gefährlich</i>) or a noun phrase matching the object's case (<i>ihn als einen zuverlässigen Mitarbeiter einstufen</i>); it does not independently govern a fixed case.<br><br><b>Example:</b> <i>Die Behörden stuften die Situation als gefährlich ein.</i> — “The authorities classified the situation as dangerous.”<br><br><b>English:</b> <b>classify</b><br><br><b>CEFR:</b> roughly <b>B2–C1</b>."
"schändlich","<b>Definition:</b> Morally disgraceful, shameful, or dishonorable; describing an action or behavior that deserves strong condemnation. It has a somewhat elevated or literary tone.<br><br><b>Grammar:</b> Adjective. It can be used predicatively (<i>Das war schändlich</i>) or declined before a noun: <i>eine schändliche Tat</i>.<br><br><b>Example:</b> <i>Er wurde für sein schändliches Verhalten scharf kritisiert.</i> — “He was harshly criticized for his disgraceful behavior.”<br><br><b>English:</b> <b>disgraceful</b><br><br><b>CEFR:</b> roughly <b>B2–C1</b>."
"die Wohltätigkeit","<b>Definition:</b> The act or practice of helping people in need, especially through donations, financial support, or organized charitable work. It can also refer more generally to charitable activity or benevolence.<br><br><b>Grammar:</b> Feminine noun: <i>die Wohltätigkeit</i>. It is usually used in the singular. The related adjective is <i>wohltätig</i> (“charitable”).<br><br><b>Example:</b> <i>Sie engagiert sich seit Jahren für wohltätige Zwecke.</i> — “She has been involved in charitable causes for years.”<br><br><b>English:</b> <b>charity</b><br><br><b>CEFR:</b> roughly <b>B2–C1</b>."
"jemandem (Dativ) einen Schritt voraus sein","<b>Definition:</b> To be in a more advanced, informed, or advantageous position than someone else, often because you have anticipated what will happen next.<br><br><b>Grammar:</b> Idiomatic expression, usually used with <i>sein</i>: <i>jemandem einen Schritt voraus sein</i>. The person being surpassed is in the dative.<br><br><b>Example:</b> <i>Sie ist ihren Konkurrenten immer einen Schritt voraus.</i> — “She is always one step ahead of her competitors.”<br><br><b>Synonym:</b> <b>im Vorteil / voraus</b><br><br><b>English:</b> <b>one step ahead</b> · <b>French:</b> <b>avoir une longueur d’avance</b><br><br><b>CEFR:</b> roughly <b>B1–B2</b>."
"die Leibwache","<b>Definition:</b> A group of guards responsible for protecting an important, powerful, or endangered person from attack or other threats.<br><br><b>Grammar:</b> Feminine noun: <i>die Leibwache</i>; plural: <i>die Leibwachen</i>. Often used collectively for a person’s bodyguards.<br><br><b>Example:</b> <i>Der Präsident wurde von seiner Leibwache zum Fahrzeug begleitet.</i> — “The president was escorted to the vehicle by his bodyguards.”<br><br><b>Synonym:</b> <b>der Personenschutz / die Schutztruppe</b><br><br><b>English:</b> <b>bodyguard / security detail</b> · <b>French:</b> <b>garde du corps</b><br><br><b>CEFR:</b> roughly <b>B2–C1</b>."
"jemanden/etwas (Akkusativ) mit etwas (Dativ) versorgen","<b>Definition:</b> To provide a person, group, or place with something they need, such as food, energy, information, or medical care. It can also mean to look after or care for someone.<br><br><b>Grammar:</b> Weak, inseparable verb: <i>versorgen – versorgte – hat versorgt</i>. Common construction: <i>jemanden mit etwas versorgen</i> (“to provide someone with something”), where <i>jemanden</i> is accusative and <i>mit etwas</i> takes the dative.<br><br><b>Example:</b> <i>Das Krankenhaus versorgt die Patienten mit Medikamenten.</i> — “The hospital provides the patients with medication.”<br><br><b>Synonym:</b> <b>beliefern / betreuen / sich (Akkusativ) um jemanden/etwas (Akkusativ) kümmern</b><br><br><b>English:</b> <b>provide / supply / care for</b> · <b>French:</b> <b>fournir / approvisionner / soigner</b><br><br><b>CEFR:</b> roughly <b>B1–B2</b>."
"gewaltig","<b>Definition:</b> Very large, powerful, intense, or impressive in size, force, extent, or effect. Depending on context, it can describe physical magnitude, strength, impact, or degree.<br><br><b>Grammar:</b> Adjective. It can be used predicatively (<i>Der Unterschied ist gewaltig</i>) or declined before a noun (<i>eine gewaltige Kraft</i>).<br><br><b>Example:</b> <i>Der Sturm richtete gewaltige Schäden an.</i> — “The storm caused tremendous damage.”<br><br><b>Synonym:</b> <b>enorm / riesig / mächtig</b><br><br><b>English:</b> <b>enormous / tremendous</b> · <b>French:</b> <b>énorme / formidable</b><br><br><b>CEFR:</b> roughly <b>B1–B2</b>."
"der Rückzug","<b>Definition:</b> A retreat, withdrawal, or pulling back from a position, conflict, responsibility, or public engagement. It can refer to a physical retreat, a strategic withdrawal, or a gradual disengagement from a situation.<br><br><b>Grammar:</b> Masculine noun: <i>der Rückzug</i>; plural: <i>die Rückzüge</i>. It is often used in military, political, personal, or strategic contexts, e.g. <i>einen Rückzug vorbereiten</i> (“to prepare a withdrawal”). Common complement: <b>der Rückzug aus etwas (Dativ)</b>, for example <i>der Rückzug aus der Politik</i>.<br><br><b>Example:</b> <i>Nach dem Streit kündigte er seinen Rückzug aus dem Verein an.</i> — “After the argument, he announced that he would leave the club.”<br><br><b>English:</b> <b>retreat / withdrawal</b><br><br><b>CEFR:</b> roughly <b>B2</b>."
"jemandem (Dativ) zu etwas (Dativ) verhelfen","<b>Definition:</b> To help someone obtain or achieve something, such as success, recognition, or independence.<br><br><b>Grammar:</b> <i>verhelfen</i> is a strong, inseparable verb: <i>verhelfen – verhalf – hat verholfen</i>. Standard construction: <i>jemandem zu etwas verhelfen</i>, with the person in the dative and <i>zu</i> + dative for the thing achieved. Reflexive <i>sich verhelfen</i> is possible only in limited contexts and is less idiomatic.<br><br><b>Example:</b> <i>Der neue Job verhalf ihm zu finanzieller Unabhängigkeit.</i> — “The new job helped him achieve financial independence.”<br><br><b>Synonym:</b> <b>jemandem (Dativ) helfen, etwas zu erreichen / jemandem (Dativ) etwas (Akkusativ) ermöglichen</b><br><br><b>English:</b> <b>help attain / enable to achieve</b> · <b>French:</b> <b>aider à obtenir / permettre d’atteindre</b><br><br><b>CEFR:</b> roughly <b>B2–C1</b>."
"jemanden (Akkusativ) täuschen / sich (Akkusativ) in jemandem/etwas (Dativ) täuschen","<b>Definition:</b> To make someone believe something that is false or misleading, either deliberately or because appearances create a wrong impression. Reflexively, <i>sich täuschen</i> means to be mistaken.<br><br><b>Grammar:</b> Weak verb: <i>täuschen – täuschte – hat getäuscht</i>. Common constructions: <b>jemanden (Akkusativ) täuschen</b>; <b>sich (Akkusativ) in jemandem/etwas (Dativ) täuschen</b>; <b>sich (Akkusativ) bei etwas (Dativ) täuschen</b>.<br><br><b>Example:</b> <i>Der Betrüger versuchte, die Kunden mit gefälschten Unterlagen zu täuschen.</i> — “The fraudster tried to deceive the customers with forged documents.”<br><br><b>Synonym:</b> <b>irreführen / betrügen / einen falschen Eindruck vermitteln</b><br><br><b>English:</b> <b>deceive / mislead</b> · <b>French:</b> <b>tromper / induire en erreur</b><br><br><b>CEFR:</b> roughly <b>B1–B2</b>."
"der Ermittler","<b>Definition:</b> A person who investigates a crime, suspicious event, or other matter in order to establish what happened and identify those responsible.<br><br><b>Grammar:</b> Masculine noun: <b>der Ermittler</b>; plural: <b>die Ermittler</b>; feminine: <b>die Ermittlerin</b>. <b>Ermittlern</b> is the dative plural. In <i>den Ermittlern</i>, the dative plural normally takes the additional <b>-n</b>: <i>den Ermittlern</i>.<br><br><b>Example:</b> <i>Nach tagelanger Suche gelang es den Ermittlern, den Zeugen ausfindig zu machen.</i> — “After days of searching, the investigators managed to locate the witness.”<br><br><b>Synonym:</b> <b>der Untersuchungsbeamte / der Fahnder</b><br><br><b>English:</b> <b>investigator / detective</b> · <b>French:</b> <b>enquêteur / enquêtrice</b><br><br><b>CEFR:</b> roughly <b>B2</b>."
"jemandem/etwas (Dativ) überlegen sein","<b>Definition:</b> Better, stronger, more capable, or in a more advantageous position than someone or something else.<br><br><b>Grammar:</b> Adjective. Very commonly used with the dative: <i>jemandem überlegen sein</i>.<br><br><b>Example:</b> <i>Sie war ihren Konkurrenten strategisch überlegen.</i> — “She was strategically superior to her competitors.”<br><br><b>Synonym:</b> <b>besser / stärker / im Vorteil</b><br><br><b>English:</b> <b>superior / better</b> · <b>French:</b> <b>supérieur / avantagé</b><br><br><b>CEFR:</b> roughly <b>B2</b>."
"die Feindseligkeit","<b>Definition:</b> A hostile, unfriendly, or antagonistic attitude or behavior toward another person, group, or idea. It can refer either to a general feeling of hostility or to specific hostile actions or remarks.<br><br><b>Grammar:</b> Feminine noun: <i>die Feindseligkeit</i>; plural: <i>die Feindseligkeiten</i>. The plural often refers to hostile acts or open conflict between opposing sides. Common complement: <b>die Feindseligkeit gegenüber jemandem/etwas (Dativ)</b>.<br><br><b>Example:</b> <i>Zwischen den beiden Gruppen herrschte offene Feindseligkeit.</i> — “There was open hostility between the two groups.”<br><br><b>Synonym:</b> <b>die Feindschaft / die Ablehnung / die feindliche Haltung</b><br><br><b>English:</b> <b>hostility / animosity</b> · <b>French:</b> <b>hostilité / animosité</b><br><br><b>CEFR:</b> roughly <b>B2–C1</b>."
"jemanden/etwas (Akkusativ) verabscheuen","<b>Definition:</b> To feel very strong dislike, disgust, or moral rejection toward someone or something. It is stronger and often more emphatic than <i>nicht mögen</i> and can express both hatred and deep aversion.<br><br><b>Grammar:</b> Weak, inseparable verb: <i>verabscheuen – verabscheute – hat verabscheut</i>. Usually takes an accusative object: <i>jemanden/etwas verabscheuen</i>.<br><br><b>Example:</b> <i>Sie verabscheut jede Form von Gewalt.</i> — “She detests every form of violence.”<br><br><b>Synonym:</b> <b>hassen / zutiefst ablehnen / abscheulich finden</b><br><br><b>English:</b> <b>detest / loathe / abhor</b> · <b>French:</b> <b>détester / abhorrer</b><br><br><b>CEFR:</b> roughly <b>B2–C1</b>."
"das Leid","<b>Definition:</b> Physical or emotional suffering, pain, sorrow, or distress. Compared with <i>Elend</i>, <i>Leid</i> is broader and often refers more directly to the experience of suffering itself rather than to a miserable condition or severe poverty.<br><br><b>Grammar:</b> Neuter noun: <i>das Leid</i>. Usually used in the singular. Common expressions include <i>jemandem Leid zufügen</i> (“to cause someone suffering”), <i>Leid erfahren</i> (“to experience suffering”), and <i>es tut mir leid</i> (“I’m sorry”), although the last expression has developed an idiomatic meaning.<br><br><b>Example:</b> <i>Der Krieg brachte der Bevölkerung großes Leid.</i> — “The war brought great suffering to the population.”<br><br><b>Synonym:</b> <b>der Kummer / der Schmerz / die Qual / das Elend</b><br><br><b>English:</b> <b>suffering / sorrow / pain / grief</b> · <b>French:</b> <b>souffrance / peine / douleur / chagrin</b><br><br><b>CEFR:</b> roughly <b>B1–B2</b>."
"das Elend","<b>Definition:</b> A state of severe suffering, misery, hardship, or poverty. It can describe both material deprivation and intense emotional or human suffering.<br><br><b>Grammar:</b> Neuter noun: <i>das Elend</i>. It is usually used in the singular and has no common plural in standard usage.<br><br><b>Example:</b> <i>Viele Menschen lebten nach dem Krieg in großem Elend.</i> — “Many people lived in great misery after the war.”<br><br><b>Synonym:</b> <b>die Not / der Jammer / das große Leid</b><br><br><b>English:</b> <b>misery / destitution / suffering</b> · <b>French:</b> <b>misère / détresse</b><br><br><b>CEFR:</b> roughly <b>B1–B2</b>."
"etwas (Akkusativ) abnutzen / sich (Akkusativ) abnutzen","<b>Definition:</b> To wear something down through use; reflexively, to become worn through use. <b>Abgenutzt</b> means worn out or showing signs of heavy use, and can also describe an expression or idea that has become stale through repetition.<br><br><b>Grammar:</b> Separable weak verb: <b>abnutzen – nutzte ab – hat abgenutzt</b>. Patterns: <b>etwas (Akkusativ) abnutzen</b> and <b>sich (Akkusativ) abnutzen – nutzte sich ab – hat sich abgenutzt</b>. <b>Abgenutzt</b> is the past participle, also used adjectivally.<br><br><b>Example:</b> <i>Der Teppich ist an den Rändern stark abgenutzt.</i> — “The carpet is badly worn at the edges.”<br><br><b>Synonym:</b> <b>etwas (Akkusativ) verschleißen / sich (Akkusativ) verschleißen</b>; <b>abgenutzt:</b> <b>verschlissen / abgetragen</b><br><br><b>English:</b> <b>wear down / wear out</b>; <b>abgenutzt:</b> <b>worn / worn out / threadbare</b> · <b>French:</b> <b>user / s’user</b>; <b>abgenutzt:</b> <b>usé / élimé</b><br><br><b>CEFR:</b> roughly <b>B2</b>."
"die Geistesgegenwart","<b>Definition:</b> The ability to remain mentally alert, calm, and capable of reacting quickly and appropriately in a sudden, difficult, or dangerous situation.<br><br><b>Grammar:</b> Feminine noun: <i>die Geistesgegenwart</i>. It is generally used in the singular. Common expression: <i>Geistesgegenwart beweisen / zeigen</i>.<br><br><b>Example:</b> <i>Dank ihrer Geistesgegenwart konnte sie Schlimmeres verhindern.</i> — “Thanks to her presence of mind, she was able to prevent something worse.”<br><br><b>Synonym:</b> <b>die Besonnenheit / die Reaktionsschnelligkeit / die Umsicht</b><br><br><b>English:</b> <b>presence of mind / quick-wittedness</b> · <b>French:</b> <b>présence d’esprit / sang-froid</b><br><br><b>CEFR:</b> roughly <b>B2–C1</b>."
"widrig","<b>Definition:</b> Unfavorable, adverse, or obstructive; used for circumstances, conditions, or situations that make something more difficult or work against a desired outcome. It is especially common in the expression <i>widrige Umstände</i>.<br><br><b>Grammar:</b> Adjective. Often used attributively: <i>widrige Umstände</i>, <i>widrige Bedingungen</i>. The declined ending changes according to case, gender, number, and article.<br><br><b>Example:</b> <i>Trotz widriger Umstände setzte sie ihre Arbeit fort.</i> — “Despite adverse circumstances, she continued her work.”<br><br><b>Synonym:</b> <b>ungünstig / hinderlich / nachteilig / schwierig</b><br><br><b>English:</b> <b>adverse / unfavorable</b> · <b>French:</b> <b>défavorable / adverse</b><br><br><b>CEFR:</b> roughly <b>B2–C1</b>."
"der Aufruhr","<b>Definition:</b> A state of intense public disturbance, disorder, or agitation, often involving a crowd, protest, rebellion, or violent unrest. It can also be used figuratively for great emotional or social turmoil.<br><br><b>Grammar:</b> Masculine noun: <i>der Aufruhr</i>. It is usually used in the singular. Common expressions: <i>in Aufruhr geraten</i>, <i>für Aufruhr sorgen</i>.<br><br><b>Example:</b> <i>Die umstrittene Entscheidung versetzte die Bevölkerung in Aufruhr.</i> — “The controversial decision threw the population into uproar.”<br><br><b>Synonym:</b> <b>die Unruhe / der Tumult / der Aufstand / die Unruhen (Plural)</b><br><br><b>English:</b> <b>uproar / unrest / turmoil</b> · <b>French:</b> <b>agitation / troubles / tumulte</b><br><br><b>CEFR:</b> roughly <b>B2–C1</b>."
"unmittelbar","<b>Definition:</b> Directly, immediately, or without anything intervening in space, time, or connection. Depending on context, it can mean “right next to,” “straight after,” or “directly connected.”<br><br><b>Grammar:</b> Adjective or adverb. As an adjective, it is declined: <i>die unmittelbare Nähe</i>, <i>ein unmittelbarer Zusammenhang</i>. As an adverb, it remains unchanged: <i>unmittelbar danach</i>.<br><br><b>Example:</b> <i>Das Hotel liegt unmittelbar am Bahnhof.</i> — “The hotel is located directly next to the train station.”<br><br><b>Synonym:</b> <b>direkt / sofort / unmittelbar folgend</b><br><br><b>English:</b> <b>immediate / direct / directly</b> · <b>French:</b> <b>immédiat / direct / directement</b><br><br><b>CEFR:</b> roughly <b>B1–B2</b>."
"gerecht","<b>Definition:</b> Fair, just, or appropriate according to moral principles, rules, or what someone deserves. Depending on context, it can describe a person, decision, treatment, distribution, or outcome.<br><br><b>Grammar:</b> Adjective. It can be used predicatively (<i>Das ist gerecht</i>) or declined before a noun: <i>eine gerechte Entscheidung</i>, <i>ein gerechter Lohn</i>.<br><br><b>Example:</b> <i>Alle Mitarbeiter sollten gerecht behandelt werden.</i> — “All employees should be treated fairly.”<br><br><b>Synonym:</b> <b>fair / angemessen / rechtmäßig</b><br><br><b>English:</b> <b>fair / just / equitable</b> · <b>French:</b> <b>juste / équitable</b><br><br><b>CEFR:</b> roughly <b>A2–B1</b>."
"auf etwas (Dativ) beharren","<b>Definition:</b> To continue firmly insisting on an opinion, demand, position, or course of action and refuse to change it, even when others disagree or apply pressure.<br><br><b>Grammar:</b> Inseparable weak verb: <i>beharren – beharrte – hat beharrt</i>. Most commonly used with <b>auf + dative</b>: <i>auf etwas beharren</i> (“to insist on something”).<br><br><b>Example:</b> <i>Sie beharrte auf ihrer ursprünglichen Entscheidung.</i> — “She insisted on her original decision.”<br><br><b>Synonym:</b> <b>auf etwas (Dativ) bestehen / an etwas (Dativ) festhalten / nicht nachgeben</b><br><br><b>English:</b> <b>insist / persist / stand firm</b> · <b>French:</b> <b>insister / persister / maintenir</b><br><br><b>CEFR:</b> roughly <b>B2–C1</b>."
"der Gipfel","<b>Definition:</b> The highest point or summit of a mountain. Figuratively, it can also refer to the highest point, peak, or culmination of an achievement, development, or period.<br><br><b>Grammar:</b> Masculine noun: <i>der Gipfel</i>; plural: <i>die Gipfel</i>. Common expressions include <i>den Gipfel erreichen</i> (“to reach the summit”) and <i>auf dem Gipfel stehen</i> (“to stand at the summit”).<br><br><b>Example:</b> <i>Nach mehreren Stunden erreichten die Bergsteiger endlich den Gipfel.</i> — “After several hours, the climbers finally reached the summit.”<br><br><b>English:</b> <b>summit / peak</b> · <b>French:</b> <b>sommet</b><br><br><b>CEFR:</b> roughly <b>A2–B1</b>."
"etwas (Akkusativ) erklimmen","<b>Definition:</b> To climb or ascend something, especially a mountain, summit, steep path, or height. It often suggests reaching a high point through physical effort and is somewhat more elevated in style than simply <i>steigen</i>.<br><br><b>Grammar:</b> Strong verb: <b>erklimmen – erklomm – hat erklommen</b>. It takes an accusative object: <i>einen Berg / einen Gipfel erklimmen</i>.<br><br><b>Example:</b> <i>Sie wollten den höchsten Gipfel der Region erklimmen.</i> — “They wanted to climb the highest peak in the region.”<br><br><b>English:</b> <b>climb / scale / ascend</b> · <b>French:</b> <b>gravir / escalader</b><br><br><b>CEFR:</b> roughly <b>B2–C1</b>."
"der Neid","<b>Definition:</b> A feeling of resentment or dissatisfaction caused by wanting something that another person has, such as success, possessions, abilities, or advantages.<br><br><b>Grammar:</b> Masculine noun: <i>der Neid</i>. It is usually used in the singular. Common complement: <b>der Neid auf jemanden/etwas (Akkusativ)</b>. Common expressions include <i>Neid auf jemanden haben</i> (“to be envious of someone”) and <i>vor Neid erblassen</i> (“to turn pale with envy”).<br><br><b>Example:</b> <i>Er betrachtete den Erfolg seines Kollegen mit unverhohlenem Neid.</i> — “He looked at his colleague’s success with undisguised envy.”<br><br><b>English:</b> <b>envy / jealousy</b> · <b>French:</b> <b>envie / jalousie</b><br><br><b>CEFR:</b> roughly <b>B1–B2</b>."
"töricht","<b>Definition:</b> Foolish, unwise, or lacking good judgment; describing a decision, action, or person that shows poor sense.<br><br><b>Grammar:</b> Adjective. It can be used predicatively (<i>Das war töricht</i>) or declined before a noun: <i>eine törichte Entscheidung</i>.<br><br><b>Example:</b> <i>Es wäre töricht, diese Warnung einfach zu ignorieren.</i> — “It would be foolish to simply ignore this warning.”<br><br><b>English:</b> <b>foolish / unwise</b> · <b>French:</b> <b>insensé / imprudent / sot</b><br><br><b>CEFR:</b> roughly <b>B2–C1</b>."
"der Rang","<b>Definition:</b> A position or level within a hierarchy, organization, profession, or social structure. It can also refer more generally to status, standing, or importance.<br><br><b>Grammar:</b> Masculine noun: <i>der Rang</i>; plural: <i>die Ränge</i>. Common expressions include <i>einen hohen Rang haben</i> (“to hold a high rank”), <i>im Rang über jemandem stehen</i> (“to outrank someone”), and <i>von hohem Rang sein</i> (“to be of high importance”).<br><br><b>Example:</b> <i>Er bekleidete einen hohen Rang innerhalb der Organisation.</i> — “He held a high rank within the organization.”<br><br><b>English:</b> <b>rank / status / standing</b> · <b>French:</b> <b>rang / statut / position</b><br><br><b>CEFR:</b> roughly <b>B2</b>."
"sich (Akkusativ) mit etwas (Dativ) brüsten","<b>Definition:</b> To boast, brag, or speak proudly about one’s achievements, possessions, qualities, or connections, often in a way that seems self-important or excessive.<br><br><b>Grammar:</b> Reflexive verb: <i>sich brüsten – brüstete sich – hat sich gebrüstet</i>. Common construction: <i>sich mit etwas brüsten</i>, where <i>mit</i> takes the dative.<br><br><b>Example:</b> <i>Er brüstete sich mit seinen beruflichen Erfolgen.</i> — “He boasted about his professional achievements.”<br><br><b>English:</b> <b>boast / brag</b> · <b>French:</b> <b>se vanter / se targuer</b><br><br><b>CEFR:</b> roughly <b>B1–B2</b>."
"die Zuneigung","<b>Definition:</b> A warm feeling of affection, fondness, or emotional attachment toward another person, animal, or sometimes a place or thing.<br><br><b>Grammar:</b> Feminine noun: <i>die Zuneigung</i>. Usually used in the singular. Common complements: <b>die Zuneigung zu jemandem/etwas (Dativ)</b> and <b>die Zuneigung für jemanden/etwas (Akkusativ)</b>. Common expressions include <i>Zuneigung zu jemandem empfinden</i> (“to feel affection for someone”) and <i>jemandem Zuneigung zeigen</i> (“to show someone affection”).<br><br><b>Example:</b> <i>Mit der Zeit entwickelte sie eine tiefe Zuneigung zu ihm.</i> — “Over time, she developed a deep affection for him.”<br><br><b>English:</b> <b>affection / fondness</b> · <b>French:</b> <b>affection / tendresse</b><br><br><b>CEFR:</b> roughly <b>B1–B2</b>."
"erschreckend","<b>Definition:</b> Causing fear, shock, concern, or alarm; describing something that is disturbing or frightening because of its seriousness or intensity.<br><br><b>Grammar:</b> Present participle/adjectival form of <b>jemanden (Akkusativ) erschrecken – erschreckte – hat erschreckt</b> (“to frighten someone”). Distinguish intransitive <b>erschrecken – erschrak – ist erschrocken</b> (“to get a fright”). It can be used predicatively (<i>Das ist erschreckend</i>) or declined before a noun (<i>eine erschreckende Entwicklung</i>).<br><br><b>Example:</b> <i>Die Zahl der Unfälle ist erschreckend hoch.</i> — “The number of accidents is alarmingly high.”<br><br><b>Synonym:</b> <b>beunruhigend / alarmierend / schockierend</b><br><br><b>English:</b> <b>alarming / frightening / shocking</b> · <b>French:</b> <b>alarmant / effrayant / inquiétant</b><br><br><b>CEFR:</b> roughly <b>B2–C1</b>."
"jemanden/etwas (Akkusativ) übertrumpfen","<b>Definition:</b> To surpass or outdo someone, especially by performing better, achieving more, or presenting something even more impressive. Originally, it also refers to beating a card by playing a trump card.<br><br><b>Grammar:</b> Weak verb: <i>übertrumpfen – übertrumpfte – hat übertrumpft</i>. Usually takes an accusative object: <i>jemanden/etwas übertrumpfen</i>. Common expression: <i>sich gegenseitig übertrumpfen</i> (“to try to outdo one another”).<br><br><b>Example:</b> <i>Die beiden Konkurrenten versuchten ständig, sich gegenseitig zu übertrumpfen.</i> — “The two competitors constantly tried to outdo each other.”<br><br><b>Synonym:</b> <b>übertreffen / überbieten / in den Schatten stellen</b><br><br><b>English:</b> <b>outdo / surpass / trump</b> · <b>French:</b> <b>surpasser / surclasser</b><br><br><b>CEFR:</b> roughly <b>B2–C1</b>."
"der Konkurrent","<b>Definition:</b> A person, company, team, or organization that competes with another for the same goal, customers, position, prize, or advantage.<br><br><b>Grammar:</b> Masculine noun: <i>der Konkurrent</i>; feminine: <i>die Konkurrentin</i>; plural: <i>die Konkurrenten / die Konkurrentinnen</i>. It is a weak masculine noun: <i>mit dem Konkurrenten</i>, <i>gegen den Konkurrenten</i>.<br><br><b>Example:</b> <i>Das Unternehmen versucht, seinen größten Konkurrenten auf dem Markt zu übertrumpfen.</i> — “The company is trying to outdo its biggest competitor in the market.”<br><br><b>Synonym:</b> <b>der Rivale / der Mitbewerber / der Wettbewerber</b><br><br><b>English:</b> <b>competitor / rival</b> · <b>French:</b> <b>concurrent / rival</b><br><br><b>CEFR:</b> roughly <b>B1–B2</b>."
"sich (Akkusativ) gegen etwas (Akkusativ) / für etwas (Akkusativ) wappnen","<b>Definition:</b> To prepare oneself mentally or practically for something difficult, unpleasant, dangerous, or challenging; to arm oneself in anticipation of a test or hardship.<br><br><b>Grammar:</b> Reflexive verb: <i>sich wappnen – wappnete sich – hat sich gewappnet</i>. Common constructions: <b>sich (Akkusativ) gegen etwas (Akkusativ) wappnen</b> (“to arm oneself against something”), <b>sich (Akkusativ) für etwas (Akkusativ) wappnen</b> (“to prepare oneself for something”), and <b>sich (Akkusativ) mit etwas (Dativ) wappnen</b> (<i>sich mit Geduld wappnen</i>).<br><br><b>Example:</b> <i>Wir müssen uns gegen Kritik wappnen.</i> — “We have to prepare ourselves for criticism.”<br><br><b>English:</b> <b>brace oneself / prepare oneself / arm oneself</b><br><br><b>CEFR:</b> roughly <b>B2–C1</b>."
"über etwas (Akkusativ) verfügen / etwas (Akkusativ) verfügen","<b>Definition:</b> To have something at one’s disposal, possess or command a resource, ability, or amount. In formal contexts, it can also mean to order or decree something.<br><br><b>Grammar:</b> Weak, inseparable verb: <i>verfügen – verfügte – hat verfügt</i>. <b>Über etwas (Akkusativ) verfügen</b> means “to have something at one's disposal.” <b>Etwas (Akkusativ) verfügen</b> means “to order/decree something,” for example <i>eine Schließung verfügen</i>.<br><br><b>Example:</b> <i>Das Unternehmen verfügt über umfangreiche finanzielle Mittel.</i> — “The company has substantial financial resources at its disposal.”<br><br><b>Synonym:</b> <b>besitzen / haben / anordnen</b> depending on context<br><br><b>English:</b> <b>have at one’s disposal / possess / command</b> · <b>French:</b> <b>disposer de / posséder</b><br><br><b>CEFR:</b> roughly <b>B2–C1</b>."
"etwas (Akkusativ) vollziehen / sich (Akkusativ) vollziehen","<b>Definition:</b> To carry out, perform, or execute an action, process, decision, or formal procedure. Reflexively, <i>sich vollziehen</i> means that a process, change, or event takes place or unfolds.<br><br><b>Grammar:</b> Strong, inseparable verb: <i>vollziehen – vollzog – hat vollzogen</i>. Usually takes an accusative object: <i>etwas vollziehen</i>. Reflexive construction: <i>sich vollziehen</i> (“to take place / unfold”).<br><br><b>Example:</b> <i>Der Wandel vollzog sich über mehrere Jahrzehnte.</i> — “The change took place over several decades.”<br><br><b>Synonym:</b> <b>durchführen / ausführen / verwirklichen</b><br><br><b>English:</b> <b>carry out / execute / take place</b> · <b>French:</b> <b>accomplir / exécuter / s’accomplir</b><br><br><b>CEFR:</b> roughly <b>B2–C1</b>."
"etwas (Akkusativ) nachvollziehen","<b>Definition:</b> To understand someone's reasoning, feelings, or actions by mentally following how they arose; also to retrace or reconstruct a process or sequence of events.<br><br><b>Grammar:</b> Strong, separable verb: <b>nachvollziehen – vollzog nach – hat nachvollzogen</b>. Takes an <b>accusative object</b>: <i>eine Entscheidung nachvollziehen</i>, <i>jemandes Gedankengang nachvollziehen</i>. Present tense: <i>Ich vollziehe die einzelnen Schritte nach</i>. With a modal verb: <i>Ich kann das nachvollziehen</i>. Infinitive with <b>zu</b>: <b>nachzuvollziehen</b>.<br><br><b>Example:</b> <i>Ich kann gut nachvollziehen, warum du so entschieden hast.</i> — “I can understand why you made that decision.” Another example: <i>Anhand der Unterlagen lässt sich der Ablauf genau nachvollziehen.</i> — “The sequence of events can be reconstructed precisely from the documents.”<br><br><b>Synonym:</b> <b>verstehen / nachempfinden / gedanklich folgen / rekonstruieren</b> depending on context<br><br><b>English:</b> <b>understand / follow / relate to / retrace / reconstruct</b> · <b>French:</b> <b>comprendre / suivre le raisonnement de / se mettre à la place de / reconstituer</b> Useful nuance: <b>Nachvollziehen</b> emphasizes following the reasoning or perspective behind something; understanding a decision does not necessarily mean agreeing with it. <b>Vollziehen</b> means “carry out,” while <b>nachvollziehen</b> often means “understand how or why something was done.”<br><br><b>CEFR:</b> roughly <b>B2–C1</b>."
"etwas (Akkusativ) verzerren","<b>Definition:</b> To distort, deform, or misrepresent something so that its original shape, sound, appearance, meaning, or effect is altered. It can be used both literally, for physical or acoustic distortion, and figuratively, for presenting facts or reality inaccurately.<br><br><b>Grammar:</b> Weak, inseparable verb: <i>verzerren – verzerrte – hat verzerrt</i>. Usually takes an accusative object: <i>etwas verzerren</i>.<br><br><b>Example:</b> <i>Die Aufnahme verzerrt seine Stimme stark.</i> — “The recording distorts his voice considerably.”<br><br><b>Synonym:</b> <b>entstellen / verfälschen / verformen</b><br><br><b>English:</b> <b>distort / warp / misrepresent</b> · <b>French:</b> <b>déformer / fausser</b><br><br><b>CEFR:</b> roughly <b>B2–C1</b>."
"unbarmherzig","<b>Definition:</b> Showing no mercy, compassion, or pity; harsh and relentless toward someone or something. It can describe a person, behavior, punishment, criticism, or difficult conditions.<br><br><b>Grammar:</b> Adjective/adverb. It can be used predicatively (<i>Er ist unbarmherzig</i>), attributively (<i>eine unbarmherzige Strafe</i>), or adverbially (<i>jemanden unbarmherzig bestrafen</i>).<br><br><b>Example:</b> <i>Der Herrscher ging unbarmherzig gegen seine Gegner vor.</i> — “The ruler dealt mercilessly with his opponents.”<br><br><b>Synonym:</b> <b>gnadenlos / erbarmungslos / mitleidlos</b><br><br><b>English:</b> <b>merciless / ruthless / relentless</b> · <b>French:</b> <b>impitoyable / sans pitié</b><br><br><b>CEFR:</b> roughly <b>B2–C1</b>."
"das Lob","<b>Definition:</b> Praise or approval expressed toward someone for something they have done well, achieved, or possessed. It can be spoken, written, or given in a nonverbal way and is often associated with recognition, respect, or encouragement.<br><br><b>Grammar:</b> Neuter noun: <i>das Lob</i>; no common plural in ordinary usage. It is usually used in the singular and often appears in expressions such as <i>Lob verdienen</i> (“to deserve praise”), <i>jemandem Lob spenden</i> (“to bestow praise on someone”), and <i>viel Lob bekommen</i> (“to get a lot of praise”).<br><br><b>Example:</b> <i>Seine Arbeit wurde mit großem Lob gewürdigt.</i> — “His work was highly praised.”<br><br><b>English:</b> <b>praise / acclaim</b><br><br><b>CEFR:</b> roughly <b>A2–B1</b>."
"etwas (Akkusativ) beseitigen","<b>Definition:</b> To remove, eliminate, or get rid of something unwanted, problematic, or obstructive. Depending on context, it can refer to removing a physical object, solving a problem, eliminating a danger, or abolishing a condition.<br><br><b>Grammar:</b> Weak, inseparable verb: <i>beseitigen – beseitigte – hat beseitigt</i>. Usually takes an accusative object: <i>etwas beseitigen</i>.<br><br><b>Example:</b> <i>Die Techniker konnten den Fehler schnell beseitigen.</i> — “The technicians were able to eliminate the problem quickly.”<br><br><b>Synonym:</b> <b>entfernen / abschaffen / aus dem Weg räumen</b><br><br><b>English:</b> <b>remove / eliminate / get rid of</b> · <b>French:</b> <b>éliminer / enlever / supprimer</b><br><br><b>CEFR:</b> roughly <b>B2</b>."
"die Verwirrung","<b>Definition:</b> A state of not understanding something clearly, being uncertain about what is happening, or being mentally disoriented. It can also refer to a confusing situation or disorder.<br><br><b>Grammar:</b> Feminine noun: <i>die Verwirrung</i>; plural: <i>die Verwirrungen</i>. Related verb: <i>verwirren</i> (“to confuse”).<br><br><b>Example:</b> <i>Die widersprüchlichen Informationen sorgten für große Verwirrung.</i> — “The contradictory information caused great confusion.”<br><br><b>Synonym:</b> <b>die Unklarheit / das Durcheinander / die Irritation</b><br><br><b>English:</b> <b>confusion / bewilderment</b> · <b>French:</b> <b>confusion / désarroi</b><br><br><b>CEFR:</b> roughly <b>B1–B2</b>."
"hinterlistig","<b>Definition:</b> Deceptive and malicious in a concealed way; describing someone who acts secretly or dishonestly in order to harm, trick, or betray another person.<br><br><b>Grammar:</b> Adjective/adverb. It can be used predicatively (<i>Er ist hinterlistig</i>), attributively (<i>ein hinterlistiger Plan</i>), or adverbially (<i>jemanden hinterlistig täuschen</i>).<br><br><b>Example:</b> <i>Er lockte seinen Gegner mit einem hinterlistigen Trick in die Falle.</i> — “He lured his opponent into the trap with a treacherous trick.”<br><br><b>Synonym:</b> <b>heimtückisch / verschlagen / tückisch</b><br><br><b>English:</b> <b>treacherous / deceitful / underhanded</b> · <b>French:</b> <b>sournois / perfide / traître</b><br><br><b>CEFR:</b> roughly <b>B2–C1</b>."
"jemandem/etwas (Dativ) gegenüber","<b>Definition:</b> A very common word with several uses. As a preposition, it can mean “toward,” “in relation to,” or “compared with” someone or something. As an adverb, it can mean “opposite” or “across from.”<br><br><b>Grammar:</b> Usually takes the <b>dative</b>: <i>jemandem gegenüber</i>. It can come before or after the noun/pronoun: <i>gegenüber dem Haus</i> / <i>dem Haus gegenüber</i>. With people, <i>jemandem gegenüber</i> often means “toward someone” in the sense of attitude or behavior.<br><br><b>Example:</b> <i>Er verhielt sich seinen Kollegen gegenüber sehr freundlich.</i> — “He behaved very kindly toward his colleagues.”<br><br><b>Synonym:</b> <b>im Verhältnis zu / im Vergleich zu / auf der anderen Seite von</b><br><br><b>English:</b> <b>toward / opposite / compared with / in relation to</b> · <b>French:</b> <b>envers / en face de / par rapport à</b><br><br><b>CEFR:</b> roughly <b>B1–B2</b>."
"derartig","<b>Definition:</b> Of such a kind or nature; used to refer to something of the type just mentioned or implied. It often emphasizes that something is remarkable, extreme, or characteristic in a particular way.<br><br><b>Grammar:</b> Adjective/determiner. It is declined like an adjective: <i>ein derartiger Vorfall</i>, <i>eine derartige Reaktion</i>, <i>derartige Probleme</i>.<br><br><b>Example:</b> <i>Mit einer derartigen Reaktion hatte niemand gerechnet.</i> — “No one had expected such a reaction.”<br><br><b>Synonym:</b> <b>solch / so beschaffen / von dieser Art</b><br><br><b>English:</b> <b>such / of that kind / such a</b> · <b>French:</b> <b>tel / de ce genre</b><br><br><b>CEFR:</b> roughly <b>B1–B2</b>."
"die Willkür","<b>Definition:</b> The exercise of power or decision-making according to personal wishes rather than clear rules, laws, fairness, or objective reasons. It usually has a strongly negative meaning.<br><br><b>Grammar:</b> Feminine noun: <i>die Willkür</i>. Usually used in the singular. Common expressions include <i>staatliche Willkür</i>, <i>der Willkür ausgeliefert sein</i>, and <i>willkürlich handeln</i>.<br><br><b>Example:</b> <i>Die Bürger waren der Willkür des Herrschers ausgeliefert.</i> — “The citizens were at the mercy of the ruler’s arbitrary power.”<br><br><b>Synonym:</b> <b>die Beliebigkeit / die Eigenmächtigkeit / die Laune</b><br><br><b>English:</b> <b>arbitrariness / arbitrary exercise of power</b> · <b>French:</b> <b>arbitraire</b><br><br><b>CEFR:</b> roughly <b>B2–C1</b>."
"die Launenhaftigkeit","<b>Definition:</b> The tendency to change one’s mood, attitude, or behavior unpredictably and frequently, often without a clear reason.<br><br><b>Grammar:</b> Feminine noun: <i>die Launenhaftigkeit</i>. Usually used in the singular. Related adjective: <i>launenhaft</i> (“moody / capricious”).<br><br><b>Example:</b> <i>Seine Launenhaftigkeit machte die Zusammenarbeit schwierig.</i> — “His moodiness made working together difficult.”<br><br><b>Synonym:</b> <b>die Unbeständigkeit / die Wechselhaftigkeit / die Sprunghaftigkeit</b><br><br><b>English:</b> <b>moodiness / capriciousness / fickleness</b> · <b>French:</b> <b>humeur changeante / inconstance / caprice</b><br><br><b>CEFR:</b> roughly <b>B2–C1</b>."
"sich (Akkusativ) gegen jemanden/etwas (Akkusativ) auflehnen","<b>Definition:</b> To resist, rebel against, or openly oppose a person, authority, rule, or situation that one does not accept.<br><br><b>Grammar:</b> Reflexive, separable verb: <i>sich auflehnen – lehnte sich auf – hat sich aufgelehnt</i>. Common construction: <i>sich gegen jemanden/etwas auflehnen</i>.<br><br><b>Example:</b> <i>Die Bevölkerung lehnte sich gegen die ungerechte Herrschaft auf.</i> — “The population rebelled against the unjust rule.”<br><br><b>Synonym:</b> <b>gegen jemanden/etwas (Akkusativ) rebellieren / sich (Akkusativ) jemandem/etwas (Dativ) widersetzen / jemandem/etwas (Dativ) Widerstand leisten</b><br><br><b>English:</b> <b>rebel / resist / rise up against</b> · <b>French:</b> <b>se rebeller / se dresser contre / résister à</b><br><br><b>CEFR:</b> roughly <b>B2–C1</b>."
"an etwas (Dativ) / unter jemandem/etwas (Dativ) leiden","<b>Definition:</b> To suffer physically or emotionally, or to be affected by an illness, problem, or difficult condition. It can also mean to tolerate or endure something, especially in the expression <i>etwas nicht leiden können</i>.<br><br><b>Grammar:</b> Strong verb: <i>leiden – litt – hat gelitten</i>. Common constructions: <b>an etwas (Dativ) leiden</b> (“to suffer from something,” often an illness), <b>unter jemandem/etwas (Dativ) leiden</b> (“to suffer because of someone/something”), and <b>jemanden/etwas (Akkusativ) nicht leiden können</b> (“to dislike someone/something”).<br><br><b>Example:</b> <i>Viele Menschen leiden unter ständigem Stress.</i> — “Many people suffer from constant stress.”<br><br><b>Synonym:</b> <b>erdulden / ertragen / Schmerzen haben</b><br><br><b>English:</b> <b>suffer / endure</b> · <b>French:</b> <b>souffrir / endurer</b><br><br><b>CEFR:</b> roughly <b>B1–B2</b>."
"sich (Akkusativ) gezwungen fühlen, etwas zu tun","<b>Definition:</b> To feel that one has no real choice but to do something because of pressure, circumstances, duty, or expectations.<br><br><b>Grammar:</b> Reflexive construction with <i>sich fühlen</i>: <i>sich gezwungen fühlen, etwas zu tun</i>. The infinitive clause normally uses <i>zu</i>: <i>Ich fühle mich gezwungen, zu reagieren.</i><br><br><b>Example:</b> <i>Sie fühlte sich gezwungen, ihre Entscheidung zu erklären.</i> — “She felt compelled to explain her decision.”<br><br><b>Synonym:</b> <b>sich verpflichtet fühlen / keine andere Wahl sehen / sich genötigt fühlen</b><br><br><b>English:</b> <b>feel compelled / feel forced / feel obliged</b> · <b>French:</b> <b>se sentir obligé / contraint</b><br><br><b>CEFR:</b> roughly <b>B2–C1</b>."
"der Wandel","<b>Definition:</b> A process of change or transformation, especially one that happens over time in society, culture, politics, technology, attitudes, or personal circumstances.<br><br><b>Grammar:</b> Masculine noun: <i>der Wandel</i>. Usually used in the singular. Common expressions include <i>gesellschaftlicher Wandel</i>, <i>politischer Wandel</i>, <i>im Wandel sein</i>, and <i>einen Wandel vollziehen</i>.<br><br><b>Example:</b> <i>Die Gesellschaft befindet sich in einem tiefgreifenden Wandel.</i> — “Society is undergoing a profound change.”<br><br><b>Synonym:</b> <b>die Veränderung / die Entwicklung / der Umbruch</b><br><br><b>English:</b> <b>change / transformation / shift</b> · <b>French:</b> <b>changement / transformation / évolution</b><br><br><b>CEFR:</b> roughly <b>B2</b>."
"unangemessen","<b>Definition:</b> Not appropriate, suitable, or proper for a particular situation, context, standard, or expectation. It can describe behavior, language, clothing, reactions, prices, or decisions.<br><br><b>Grammar:</b> Adjective. It can be used predicatively (<i>Das ist unangemessen</i>) or attributively (<i>ein unangemessenes Verhalten</i>).<br><br><b>Example:</b> <i>Seine Bemerkung war in dieser Situation völlig unangemessen.</i> — “His remark was completely inappropriate in that situation.”<br><br><b>Synonym:</b> <b>unpassend / unangebracht / nicht angemessen</b><br><br><b>English:</b> <b>inappropriate / unsuitable / improper</b> · <b>French:</b> <b>inapproprié / déplacé / inadéquat</b><br><br><b>CEFR:</b> roughly <b>B2</b>."
"jemanden/etwas (Akkusativ) verhüllen","<b>Definition:</b> To cover or conceal someone or something so that it cannot be clearly seen. Figuratively, it can also mean to obscure or disguise the true nature of something.<br><br><b>Grammar:</b> Weak, inseparable verb: <i>verhüllen – verhüllte – hat verhüllt</i>. Usually takes an accusative object: <i>jemanden/etwas verhüllen</i>.<br><br><b>Example:</b> <i>Dichter Nebel verhüllte die Berge.</i> — “Thick fog concealed the mountains.”<br><br><b>Synonym:</b> <b>bedecken / verbergen / verschleiern</b><br><br><b>English:</b> <b>cover / conceal / veil / obscure</b> · <b>French:</b> <b>voiler / couvrir / dissimuler</b><br><br><b>CEFR:</b> roughly <b>B2–C1</b>."
"der Schaden","<b>Definition:</b> Harm, damage, or loss caused to a person, object, organization, environment, or situation. It can refer to physical damage, financial loss, or more abstract harm.<br><br><b>Grammar:</b> Masculine noun: <i>der Schaden</i>; plural: <i>die Schäden</i>. Common complement: <b>der Schaden an etwas (Dativ)</b>. Common expressions include <i>Schaden verursachen</i>, <i>Schaden nehmen</i>, <i>jemandem (Dativ) Schaden zufügen</i>, and <i>einen Schaden beheben</i>.<br><br><b>Example:</b> <i>Der Sturm verursachte erhebliche Schäden an den Gebäuden.</i> — “The storm caused considerable damage to the buildings.”<br><br><b>Synonym:</b> <b>die Beschädigung / der Verlust / der Nachteil</b><br><br><b>English:</b> <b>damage / harm / loss</b> · <b>French:</b> <b>dommage / dégât / préjudice</b><br><br><b>CEFR:</b> roughly <b>A2–B1</b>."
"das Begehren","<b>Definition:</b> A strong desire, wish, or demand for something. Depending on context, it can sound formal, legal, literary, or somewhat elevated. In legal language, it may refer to a claim or request.<br><br><b>Grammar:</b> Neuter noun: <i>das Begehren</i>; plural: <i>die Begehren</i> is possible but uncommon. Common complement: <b>das Begehren nach etwas (Dativ)</b>. Related verb: <b>jemanden/etwas (Akkusativ) begehren</b> (“to desire / demand”).<br><br><b>Example:</b> <i>Sein Begehren nach Macht wurde immer stärker.</i> — “His desire for power became stronger and stronger.”<br><br><b>Synonym:</b> <b>das Verlangen / der Wunsch / die Forderung</b><br><br><b>English:</b> <b>desire / demand / claim</b> · <b>French:</b> <b>désir / demande / revendication</b><br><br><b>CEFR:</b> roughly <b>B2–C1</b>."
"das Zelt","<b>Definition:</b> A portable shelter made of fabric or similar material stretched over poles or a frame, commonly used for camping or temporary accommodation.<br><br><b>Grammar:</b> Neuter noun: <b>das Zelt</b>; plural: <b>die Zelte</b>.<br><br><b>Example:</b> <i>Die Soldaten schlugen ihre Zelte am Fluss auf.</i> — “The soldiers pitched their tents by the river.”<br><br><b>Synonym:</b> <b>die Unterkunft / das Campingzelt</b><br><br><b>English:</b> <b>tent</b> · <b>French:</b> <b>tente</b><br><br><b>CEFR:</b> roughly <b>A2</b>."
"der Kessel","<b>Definition:</b> A large container, traditionally made of metal, used for heating or boiling liquids. In military language, <b>Kessel</b> can also mean an area in which troops are completely surrounded by enemy forces.<br><br><b>Grammar:</b> Masculine noun: <b>der Kessel</b>; plural: <b>die Kessel</b>.<br><br><b>Example:</b> <i>Die Armee geriet in einen Kessel und konnte sich kaum zurückziehen.</i> — “The army became encircled and could barely retreat.”<br><br><b>Synonym:</b> <b>der Behälter / der Kochkessel</b><br><br><b>English:</b> <b>kettle / cauldron; encirclement (military)</b> · <b>French:</b> <b>chaudron / encerclement</b><br><br><b>CEFR:</b> roughly <b>A2–B1</b>."
"jemanden (Akkusativ) zu etwas (Dativ) zwingen","<b>Definition:</b> To force or compel someone to do something against their preference or because they have no real alternative. It can refer to physical force, pressure, circumstances, rules, or necessity.<br><br><b>Grammar:</b> Strong verb: <i>zwingen – zwang – hat gezwungen</i>. Common construction: <i>jemanden zu etwas zwingen</i> or <i>jemanden zwingen, etwas zu tun</i>. The person being forced is in the accusative. Related expression: <i>sich gezwungen fühlen, etwas zu tun</i> (“to feel compelled to do something”).<br><br><b>Example:</b> <i>Die Umstände zwangen ihn, seine Pläne zu ändern.</i> — “The circumstances forced him to change his plans.”<br><br><b>Synonym:</b> <b>nötigen / unter Druck setzen / dazu bringen</b><br><br><b>English:</b> <b>force / compel</b> · <b>French:</b> <b>forcer / contraindre</b><br><br><b>CEFR:</b> roughly <b>B1–B2</b>."
"die Gewalt","<b>Definition:</b> The use of physical force, coercion, or power to harm, control, or intimidate someone. Depending on context, <i>Gewalt</i> can also mean authority or institutional power, as in <i>Staatsgewalt</i>.<br><br><b>Grammar:</b> Feminine noun: <i>die Gewalt</i>. Usually used in the singular. Common expressions include <i>Gewalt anwenden</i> (“to use violence”), <i>Gewalt ausüben</i> (“to exercise violence/force”), <i>unter Gewalt leiden</i> (“to suffer from violence”), and <i>jede Form von Gewalt</i> (“every form of violence”). In your file, it appears in <i>Sie verabscheut jede Form von Gewalt.</i><br><br><b>Example:</b> <i>Gewalt ist keine Lösung für politische Konflikte.</i> — “Violence is not a solution to political conflicts.”<br><br><b>Synonym:</b> <b>die Gewalttätigkeit / der Zwang / die Macht</b> depending on context<br><br><b>English:</b> <b>violence / force / power</b> · <b>French:</b> <b>violence / force / pouvoir</b><br><br><b>CEFR:</b> roughly <b>B1–B2</b>."
"etwas (Akkusativ) bewahren / jemanden/etwas (Akkusativ) vor etwas (Dativ) bewahren / sich (Dativ) etwas (Akkusativ) bewahren","<b>Definition:</b> To keep, preserve, protect, or maintain something so that it is not lost, destroyed, changed, or forgotten. It is often used with things such as peace, traditions, memories, secrets, composure, or one’s dignity.<br><br><b>Grammar:</b> Weak, inseparable verb: <i>bewahren – bewahrte – hat bewahrt</i>. Usually takes an accusative object: <i>etwas bewahren</i>. A very common construction is <i>jemanden/etwas vor etwas bewahren</i> (“to protect/save someone or something from something”), where <i>vor</i> takes the dative. Reflexive: <b>sich (Dativ) etwas (Akkusativ) bewahren</b>, for example <i>sich seine Neugier bewahren</i> (“to retain one's curiosity”).<br><br><b>Example:</b> <i>Auch in schwierigen Situationen bewahrte sie ihre Ruhe.</i> — “Even in difficult situations, she kept her composure.”<br><br><b>Synonym:</b> <b>erhalten / schützen / aufrechterhalten</b><br><br><b>English:</b> <b>preserve / keep / maintain / protect</b> · <b>French:</b> <b>préserver / conserver / garder</b><br><br><b>CEFR:</b> roughly <b>B2</b>."
"über jemanden/etwas (Akkusativ) hereinbrechen","<b>Definition:</b> To happen suddenly and forcefully, especially when referring to something difficult, dangerous, or unpleasant that affects someone unexpectedly. In the expression <i>über jemanden hereinbrechen</i>, the event is pictured as if it were crashing down upon the person.<br><br><b>Grammar:</b> Strong, separable verb: <i>hereinbrechen – brach herein – ist hereingebrochen</i>. Common construction: <i>etwas bricht über jemanden herein</i>. The thing that happens is the subject, while <i>über</i> takes the accusative: <i>über uns</i>, <i>über ihn</i>, <i>über die Stadt</i>.<br><br><b>Example:</b> <i>Was auch über uns hereinbrechen mag, wir werden zusammenhalten.</i> — “Whatever may befall us, we will stick together.” In your phrase, <b>Was auch über uns hereinbrechen mag</b>, <i>mag</i> is part of a concessive construction meaning roughly <b>“whatever may…”</b>. So the whole phrase means: <b>“Whatever may befall us” / “Whatever may come crashing down on us.”</b><br><br><b>Synonym:</b> <b>plötzlich eintreten / jemanden unerwartet treffen / über jemanden kommen</b><br><br><b>English:</b> <b>befall / descend upon / strike suddenly</b> · <b>French:</b> <b>s’abattre sur / fondre sur</b><br><br><b>CEFR:</b> roughly <b>B2–C1</b>."
"der Sog","<b>Definition:</b> A pulling force that draws something toward or into something else. Literally, it can describe suction or a strong current in water or air. Figuratively, it often means a powerful attraction or influence that pulls someone into a situation, mood, movement, or development.<br><br><b>Grammar:</b> Masculine noun: <i>der Sog</i>; plural: <i>die Sogwirkungen</i> is more common than a simple plural in many contexts, though <i>die Soge</i> is possible but rare. Common expressions include <i>in den Sog geraten</i> (“to get drawn into something”) and <i>jemanden in seinen Sog ziehen</i> (“to draw someone in”).<br><br><b>Example:</b> <i>Die Ereignisse zogen immer mehr Menschen in ihren Sog.</i> — “The events drew more and more people in.”<br><br><b>Synonym:</b> <b>der Zug / die Anziehungskraft / die Strömung</b><br><br><b>English:</b> <b>pull / suction / undertow / draw</b> · <b>French:</b> <b>aspiration / attraction / courant d’entraînement</b><br><br><b>CEFR:</b> roughly <b>B2–C1</b>."
"zuversichtlich","<b>Definition:</b> Feeling confident and optimistic that something will develop positively or that a desired result will be achieved. It expresses trust in a favorable future outcome.<br><br><b>Grammar:</b> Adjective. It can be used predicatively (<i>Ich bin zuversichtlich</i>) or declined before a noun (<i>eine zuversichtliche Haltung</i>). A common construction is <b>zuversichtlich sein, dass …</b>.<br><br><b>Example:</b> <i>Ich bin zuversichtlich, dass wir eine Lösung finden werden.</i> — “I am confident that we will find a solution.”<br><br><b>Synonym:</b> <b>optimistisch / hoffnungsvoll / guter Dinge</b><br><br><b>English:</b> <b>confident / optimistic / hopeful</b> · <b>French:</b> <b>confiant / optimiste</b><br><br><b>CEFR:</b> roughly <b>B1–B2</b>."
"jemanden/etwas (Akkusativ) etwas (Dativ) aussetzen / sich (Akkusativ) etwas (Dativ) aussetzen","<b>Definition:</b> To cause or allow someone to experience difficult, unfavorable, or adverse conditions, often without sufficient protection from them.<br><br><b>Grammar:</b> Construction: <b>jemanden/etwas (Akkusativ) etwas (Dativ) aussetzen</b>; reflexively, <b>sich (Akkusativ) etwas (Dativ) aussetzen</b>. No preposition precedes the dative complement. The person is in the <b>accusative</b> (<i>jemanden</i>), while the thing or condition is in the <b>dative</b> (<i>widrigen Umständen</i>). Verb: <i>aussetzen – setzte aus – hat ausgesetzt</i>.<br><br><b>Example:</b> <i>Man sollte Kinder nicht unnötig widrigen Umständen aussetzen.</i> — “Children should not be unnecessarily exposed to adverse conditions.”<br><br><b>Synonym:</b> <b>jemanden schwierigen Bedingungen ausliefern / jemanden ungünstigen Bedingungen aussetzen</b><br><br><b>English:</b> <b>expose someone to adverse conditions</b> · <b>French:</b> <b>exposer quelqu’un à des conditions défavorables</b><br><br><b>CEFR:</b> roughly <b>B2–C1</b>."
"jemanden (Akkusativ) überwältigen / von etwas (Dativ) überwältigt sein","<b>Definition:</b> To overpower someone or affect them so strongly that they struggle to cope with a feeling, impression, or situation. <b>Überwältigt</b> describes the resulting state of being overwhelmed, which can be positive or negative.<br><br><b>Grammar:</b> Weak verb: <b>überwältigen – überwältigte – hat überwältigt</b>. Patterns: <b>jemanden (Akkusativ) überwältigen</b> and <b>von etwas (Dativ) überwältigt sein</b>. <b>Überwältigt</b> is the past participle; <b>überwältigend</b> is the present participle and describes what causes the feeling (“overwhelming”).<br><br><b>Example:</b> <i>Sie war von der Unterstützung ihrer Freunde überwältigt.</i> — “She was overwhelmed by the support of her friends.”<br><br><b>Synonym:</b> <b>überwältigen:</b> <b>übermannen / bezwingen / tief bewegen</b>; <b>überwältigt:</b> <b>überfordert / tief bewegt</b> depending on context<br><br><b>English:</b> <b>overwhelm / overpower</b>; <b>überwältigt:</b> <b>overwhelmed / overcome</b> · <b>French:</b> <b>submerger / maîtriser / bouleverser</b>; <b>überwältigt:</b> <b>submergé / bouleversé / dépassé</b><br><br><b>CEFR:</b> roughly <b>B2–C1</b>."
"die Bergung","<b>Definition:</b> The act of recovering, rescuing, or retrieving people, vehicles, objects, or remains from a difficult, dangerous, or inaccessible place. It is often used in rescue, accident, maritime, and recovery contexts.<br><br><b>Grammar:</b> Feminine noun: <i>die Bergung</i>; plural: <i>die Bergungen</i>. Related verb: <i>bergen – barg – hat geborgen</i>.<br><br><b>Example:</b> <i>Die Bergung des Fahrzeugs dauerte mehrere Stunden.</i> — “The recovery of the vehicle took several hours.”<br><br><b>Synonym:</b> <b>die Rettung / die Sicherung / die Hebung</b> depending on context<br><br><b>English:</b> <b>recovery / rescue / retrieval / salvage</b> · <b>French:</b> <b>récupération / sauvetage / dégagement</b><br><br><b>CEFR:</b> roughly <b>B2–C1</b>."
"die Spannung","<b>Definition:</b> A state of pressure, strain, or conflict between people, groups, countries, or competing interests. It can also refer to suspense or anticipation, physical tension, or electrical voltage.<br><br><b>Grammar:</b> Feminine noun: <i>die Spannung</i>; plural: <i>die Spannungen</i>. In political or social contexts, the plural is very common: <i>politische Spannungen, soziale Spannungen, zunehmende Spannungen</i>.<br><br><b>Example:</b> <i>Die Spannungen zwischen den beiden Ländern nahmen weiter zu.</i> — “Tensions between the two countries continued to increase.”<br><br><b>Synonym:</b> <b>die Anspannung / der Konflikt / die Belastung / die elektrische Spannung</b> depending on context<br><br><b>English:</b> <b>tension / tensions / suspense / voltage</b>· <b>French:</b> <b>tension / tensions</b> In the quiz sentence, <b>„angesichts der zunehmenden Spannungen“</b> means <b>“in view of the growing tensions.”</b><br><br><b>CEFR:</b> roughly <b>B1–B2</b>."
"die Heftigkeit","<b>Definition:</b> A high degree of strength, force, or intensity. It can describe emotions, reactions, arguments, attacks, weather, pain, or other events that occur with unusual power or violence.<br><br><b>Grammar:</b> Feminine noun: <i>die Heftigkeit</i>. Usually used in the singular. Related adjective: <i>heftig</i> (“intense / violent / severe”). Common expressions include <i>mit großer Heftigkeit</i>, <i>die Heftigkeit einer Reaktion</i> and <i>an Heftigkeit zunehmen</i>.<br><br><b>Example:</b> <i>Die Heftigkeit seiner Reaktion überraschte alle Anwesenden.</i> — “The intensity of his reaction surprised everyone present.”<br><br><b>Synonym:</b> <b>die Intensität / die Stärke / die Wucht / die Vehemenz</b><br><br><b>English:</b> <b>intensity / severity / force / vehemence</b> · <b>French:</b> <b>intensité / violence / véhémence</b> A useful distinction: <b>Stärke</b> is very general, while <b>Heftigkeit</b> usually implies something <b>forceful, intense, sudden, or emotionally charged</b>.<br><br><b>CEFR:</b> roughly <b>B2–C1</b>."
"in etwas (Dativ) verwurzelt sein","<b>Definition:</b> Literally, having roots in the ground. Figuratively, it means being deeply connected to a place, culture, tradition, belief, or way of thinking.<br><br><b>Grammar:</b> Past participle of <i>verwurzeln</i>, often used adjectivally. Verb: <i>verwurzeln – verwurzelte – hat verwurzelt</i>. Very common construction: <b>in etwas (Dativ) verwurzelt sein</b>.<br><br><b>Example:</b> <i>Diese Tradition ist tief in der regionalen Kultur verwurzelt.</i> — “This tradition is deeply rooted in the regional culture.”<br><br><b>Synonym:</b> <b>fest verankert / tief verbunden / tief verankert</b><br><br><b>English:</b> <b>rooted / deeply rooted / firmly established</b> · <b>French:</b> <b>enraciné / profondément ancré</b><br><br><b>CEFR:</b> roughly <b>B2–C1</b>."
"jemanden/etwas (Akkusativ) überwinden","<b>Definition:</b> To successfully deal with, conquer, or get past a difficulty, fear, obstacle, weakness, or opponent.<br><br><b>Grammar:</b> Strong verb: <i>überwinden – überwand – hat überwunden</i>. Usually takes an <b>accusative object</b>: <i>eine Angst überwinden, ein Hindernis überwinden</i>.<br><br><b>Example:</b> <i>Sie konnte ihre Angst schließlich überwinden.</i> — “She was eventually able to overcome her fear.”<br><br><b>Synonym:</b> <b>bezwingen / bewältigen / besiegen / hinter sich lassen</b><br><br><b>English:</b> <b>overcome / conquer / surmount</b> · <b>French:</b> <b>surmonter / vaincre</b> <b>überwunden</b> = past participle: <i>Er hat seine Angst überwunden.</i> If you meant a Konjunktiv-II form, it would be <b>überwänden</b>, not <i>überwünden</i>.<br><br><b>CEFR:</b> roughly <b>B2</b>."
"für etwas (Akkusativ) anfällig sein","<b>Definition:</b> Easily affected, harmed, influenced, or likely to develop a particular problem, illness, weakness, or reaction.<br><br><b>Grammar:</b> Adjective. Very common constructions are <b>anfällig für + Akkusativ</b> and <b>gegenüber etwas anfällig sein</b> (<b>gegenüber + Dativ</b>).<br><br><b>Example:</b> <i>Ältere Menschen sind oft anfälliger für Infektionen.</i> — “Older people are often more susceptible to infections.”<br><br><b>Synonym:</b> <b>empfindlich / verwundbar / empfänglich</b><br><br><b>English:</b> <b>susceptible / vulnerable / prone</b> · <b>French:</b> <b>sensible / vulnérable / sujet à</b> Useful nuance: <b>anfällig für</b> usually means “prone/susceptible to,” while <b>verwundbar</b> is more directly “vulnerable” in the sense of being open to harm or attack.<br><br><b>CEFR:</b> roughly <b>B2–C1</b>."
"auf jemanden/etwas (Akkusativ) angewiesen sein","<b>Definition:</b> Dependent on or reliant on someone or something because it is necessary for you. Often implies that you cannot manage properly without it.<br><br><b>Grammar:</b> Usually used in the construction <b>auf jemanden/etwas angewiesen sein</b>. <b>auf</b> takes the <b>accusative</b> here.<br><br><b>Example:</b> <i>Viele ältere Menschen sind im Alltag auf Unterstützung angewiesen.</i> — “Many elderly people depend on assistance in everyday life.”<br><br><b>Synonym:</b> <b>abhängig / auf etwas angewiesen sein / etwas benötigen</b><br><br><b>English:</b> <b>dependent on / reliant on / in need of</b> · <b>French:</b> <b>dépendant de / tributaire de</b> <b>Common pattern:</b> <i>Ich bin auf deine Hilfe angewiesen.</i> = “I depend on / need your help.”<br><br><b>CEFR:</b> roughly <b>B2</b>; the construction <b>auf etwas angewiesen sein</b> is particularly useful at B2–C1."
"jemanden/etwas (Akkusativ) mit etwas (Dativ) belasten","<b>Definition:</b> To burden, strain, or place pressure on a person, system, relationship, budget, or object by adding a responsibility, problem, cost, weight, or other load.<br><br><b>Grammar:</b> <b>jemanden/etwas (Akkusativ) mit etwas (Dativ) belasten – belastete – hat belastet</b> <br>• person/thing being burdened = <b>Akkusativ</b> <br>• burden/cause = <b>mit + Dativ</b><br><br><b>Example:</b> <i>Wir sollten die Mitarbeiter nicht mit unnötiger Bürokratie belasten.</i> — “We should not burden the employees with unnecessary bureaucracy.” Another example: <i>Die hohen Zinsen belasten den Staatshaushalt erheblich.</i> — “The high interest rates place a considerable strain on the state budget.”<br><br><b>Synonym:</b> <b>beanspruchen / beschweren / jemandem etwas aufbürden / unter Druck setzen</b> depending on context<br><br><b>English:</b> <b>burden / strain / weigh on / impose a load on</b> · <b>French:</b>   <b>charger / accabler / peser sur</b><br><br><b>CEFR:</b> roughly <b>B2–C1</b>. Useful distinction: <b>jemanden mit etwas belasten</b> = actively burden someone with something; <b>durch etwas belastet sein</b> = to be burdened/strained by something (<b>durch + Akkusativ</b>)."
"zu etwas (Dativ) neigen / dazu neigen, etwas zu tun","<b>Definition:</b> To tend toward something or have a habitual inclination to behave, think, or react in a certain way.<br><br><b>Grammar:</b> Weak verb: <b>neigen – neigte – hat geneigt</b>. Patterns: <b>zu etwas (Dativ) neigen</b> (<i>zu Übertreibungen neigen</i>) and <b>dazu neigen, etwas zu tun</b>. <b>Wir neigen dazu</b> is the first-person plural present, meaning “we tend to.” This meaning is not reflexive.<br><br><b>Example:</b> <i>Wir neigen dazu, negative Erfahrungen stärker zu gewichten als positive.</i> — “We tend to give more weight to negative experiences than positive ones.”<br><br><b>Synonym:</b> <b>zu etwas (Dativ) tendieren / dazu tendieren, etwas zu tun / geneigt sein, etwas zu tun</b><br><br><b>English:</b> <b>tend to / be inclined to</b> · <b>French:</b> <b>avoir tendance à / être enclin à</b><br><br><b>CEFR:</b> roughly <b>B2</b>."
"etwas (Akkusativ) ausgleichen","<b>Definition:</b> To balance something out, compensate for a disadvantage or difference, or make two sides more equal.<br><br><b>Grammar:</b> Separable verb: <b>ausgleichen – glich aus – hat ausgeglichen</b>. Often takes an accusative object.<br><br><b>Example:</b> <i>Zusätzliche Pausen können die hohe Arbeitsbelastung teilweise ausgleichen.</i> — “Additional breaks can partly compensate for the heavy workload.” Another common use: <i>Die Mannschaft glich in der zweiten Halbzeit aus.</i> — “The team equalized in the second half.”<br><br><b>Synonym:</b> <b>kompensieren / ins Gleichgewicht bringen / wettmachen / angleichen</b> depending on context<br><br><b>English:</b> <b>balance out / compensate for / equalize / offset</b> · <b>French:</b> <b>compenser / équilibrer / égaliser</b><br><br><b>CEFR:</b> roughly <b>B2</b>."
"sich (Akkusativ) mit etwas (Dativ) befassen","<b>Definition:</b> To deal with, study, examine, or concern oneself with a topic, problem, question, or task.<br><br><b>Grammar:</b> Weak, reflexive verb: <b>sich befassen – befasste sich – hat sich befasst</b>. Pattern: <b>sich (Akkusativ) mit etwas (Dativ) befassen</b>.<br><br><b>Example:</b> <i>Die Studie befasst sich mit den Ursachen sozialer Ungleichheit.</i> — “The study deals with the causes of social inequality.” Another example: <i>Ich muss mich noch genauer mit diesem Problem befassen.</i> — “I still need to look into this problem more closely.”<br><br><b>Synonym:</b> <b>sich (Akkusativ) mit etwas (Dativ) beschäftigen / etwas (Akkusativ) behandeln / sich (Akkusativ) mit etwas (Dativ) auseinandersetzen</b><br><br><b>English:</b> <b>deal with / concern oneself with / examine / study</b> · <b>French:</b> <b>s’occuper de / traiter de / se pencher sur</b> Useful nuance: <b>sich mit etwas befassen</b> often sounds more formal or analytical than <b>sich mit etwas beschäftigen</b>.<br><br><b>CEFR:</b> roughly <b>B2–C1</b>."
"jemanden (Akkusativ) ertragen","<b>Definition:</b> To endure, tolerate, or put up with someone, especially when the person is difficult, annoying, or unpleasant.<br><br><b>Grammar:</b> <b>ertragen – ertrug – hat ertragen</b>. It takes the <b>accusative</b>: <br>• <b>jemanden ertragen</b> <br>• <b>etwas ertragen</b><br><br><b>Example:</b> <i>Ich kann ihn kaum noch ertragen.</i> — “I can hardly stand him anymore.”<br><br><b>Synonym:</b> <b>aushalten / tolerieren / hinnehmen</b><br><br><b>English:</b> <b>to tolerate someone / put up with someone / endure someone</b> · <b>French:</b> <b>supporter quelqu’un / tolérer quelqu’un</b> <b>Jmdn.</b> abbreviates <b>jemanden</b> (Akkusativ).<br><br><b>CEFR:</b> roughly <b>B2</b>."
"jemanden/etwas (Akkusativ) ertragen","<b>Definition:</b> To bear, endure, or put up with something unpleasant or difficult, such as pain, noise, stress, or a person's behavior. With a person as the object, it means to tolerate or stand that person.<br><br><b>Grammar:</b> Strong, inseparable verb: <b>ertragen – ertrug – hat ertragen</b>. Present tense: <i>du erträgst, er/sie/es erträgt</i>. Takes an <b>accusative object</b>: <b>jemanden/etwas ertragen</b>.<br><br><b>Example:</b> <i>Ich kann diesen Lärm nicht mehr ertragen.</i> — “I can't stand this noise anymore.”<br><br><b>Synonym:</b> <b>aushalten / dulden / hinnehmen / tolerieren</b> depending on context<br><br><b>English:</b> <b>bear / endure / tolerate / put up with</b> · <b>French:</b> <b>supporter / endurer / tolérer</b> Useful nuance: <b>ertragen</b> emphasizes bearing something unpleasant; <b>aushalten</b> is often a more everyday alternative. <b>Nicht ertragen können</b> commonly means “can't stand.”<br><br><b>CEFR:</b> roughly <b>B2</b>."
"die Erschöpfung","<b>Definition:</b> A state of extreme physical or mental tiredness in which a person has little energy left. It can also describe the depletion or using up of resources or supplies.<br><br><b>Grammar:</b> Feminine noun: <b>die Erschöpfung</b>; usually used in the singular. Related verb: <i>erschöpfen – erschöpfte – hat erschöpft</i>. Related adjective: <b>erschöpft</b> (“exhausted”). Common expressions: <b>vor Erschöpfung</b>, <b>körperliche/geistige Erschöpfung</b>, <b>bis zur Erschöpfung</b>.<br><br><b>Example:</b> <i>Nach der langen Wanderung konnte sie vor Erschöpfung kaum noch stehen.</i> — “After the long hike, she could barely stand from exhaustion.”<br><br><b>Synonym:</b> <b>die Entkräftung / die starke Müdigkeit / die Ermattung</b>; <b>der Aufbrauch</b> when referring to resources<br><br><b>English:</b> <b>exhaustion / fatigue / depletion</b> · <b>French:</b> <b>épuisement / grande fatigue</b> Useful nuance: <b>Erschöpfung</b> is stronger than ordinary <b>Müdigkeit</b> (“tiredness”): it suggests that your physical or mental energy has largely been used up.<br><br><b>CEFR:</b> roughly <b>B2</b>."
"etwas (Akkusativ) erzielen","<b>Definition:</b> To achieve or obtain a particular result, success, profit, or score through an action or effort. Often used for concrete or measurable outcomes in business, sports, and formal contexts.<br><br><b>Grammar:</b> Weak, inseparable verb: <b>erzielen – erzielte – hat erzielt</b>. Takes an <b>accusative object</b>: <i>einen Erfolg erzielen, ein gutes Ergebnis erzielen, einen Gewinn erzielen, ein Tor erzielen</i>.<br><br><b>Example:</b> <i>Das Unternehmen konnte im letzten Jahr einen hohen Gewinn erzielen.</i> — “The company was able to generate a large profit last year.”<br><br><b>Synonym:</b> <b>erreichen / erlangen / erwirtschaften</b> depending on context<br><br><b>English:</b> <b>achieve / obtain / generate / score</b> depending on context · <b>French:</b> <b>obtenir / réaliser / marquer</b> depending on context Useful nuance: <b>erzielen</b> focuses on the result obtained and is more formal than <b>erreichen</b>. Say <b>ein Ziel erreichen</b>, but <b>ein Ergebnis erzielen</b>. In sports, <b>ein Tor erzielen</b> means “to score a goal.”<br><br><b>CEFR:</b> roughly <b>B2</b>."
"jemanden/etwas (Akkusativ) beeinträchtigen","<b>Definition:</b> To negatively affect or impair someone's abilities, health, well-being, or the quality or functioning of something.<br><br><b>Grammar:</b> Weak, inseparable verb: <b>beeinträchtigen – beeinträchtigte – hat beeinträchtigt</b>. Takes an <b>accusative object</b>: <i>die Gesundheit beeinträchtigen, die Konzentration beeinträchtigen</i>.<br><br><b>Example:</b> <i>Der ständige Lärm beeinträchtigt meine Konzentration.</i> — “The constant noise impairs my concentration.”<br><br><b>Synonym:</b> <b>behindern / einschränken / schädigen</b> depending on context<br><br><b>English:</b> <b>impair / adversely affect / compromise</b> · <b>French:</b> <b>nuire à / altérer / compromettre</b> Useful nuance: <b>beeinträchtigen</b> always implies a negative effect, whereas <b>beeinflussen</b> (“influence”) can be positive, negative, or neutral.<br><br><b>CEFR:</b> roughly <b>B2–C1</b>."
"jemanden/etwas (Akkusativ) vertreiben / sich (Dativ) die Zeit (Akkusativ) vertreiben","<b>Definition:</b> To drive or force someone or something away; figuratively, to dispel an unpleasant feeling. In business, it means to distribute or sell products. <b>Sich die Zeit vertreiben</b> means to pass the time.<br><br><b>Grammar:</b> Strong, inseparable verb: <b>vertreiben – vertrieb – hat vertrieben</b>. Takes an <b>accusative object</b>: <i>jemanden vertreiben, Waren vertreiben</i>. In <b>sich die Zeit vertreiben</b>, the reflexive pronoun is <b>dative</b>: <i>Ich vertreibe mir die Zeit</i>. Additional patterns: <b>jemanden/etwas (Akkusativ) aus etwas (Dativ) vertreiben</b> and <b>sich (Dativ) die Zeit (Akkusativ) mit etwas (Dativ) vertreiben</b>.<br><br><b>Example:</b> <i>Der Hund hat die Vögel aus dem Garten vertrieben.</i> — “The dog chased the birds out of the garden.” Another example: <i>Das Unternehmen vertreibt seine Produkte weltweit.</i> — “The company sells its products worldwide.”<br><br><b>Synonym:</b> <b>verjagen / verscheuchen</b>; <b>verkaufen / vermarkten</b> in business contexts<br><br><b>English:</b> <b>drive away / expel / dispel / distribute / sell</b> · <b>French:</b> <b>chasser / expulser / dissiper / distribuer / commercialiser</b><br><br><b>CEFR:</b> roughly <b>B2</b>. Useful expression: <i>Ich vertreibe mir die Zeit mit Lesen.</i> — “I pass the time by reading.”"
"die Beklemmung","<b>Definition:</b> An oppressive feeling of anxiety, unease, or emotional constriction. It can also describe a physical sensation of tightness, especially in the chest.<br><br><b>Grammar:</b> Feminine noun: <b>die Beklemmung</b>; plural: <b>die Beklemmungen</b>, though the singular is more common for the general feeling. Related adjective: <b>beklemmend</b> (“oppressive / unsettling”). Common expressions: <i>ein Gefühl der Beklemmung, Beklemmung auslösen</i>.<br><br><b>Example:</b> <i>Beim Betreten des dunklen, engen Raumes verspürte sie Beklemmung.</i> — “On entering the dark, cramped room, she felt a sense of anxiety and constriction.”<br><br><b>Synonym:</b> <b>die Bedrückung / das Unbehagen / das Angstgefühl / das Engegefühl</b> depending on context<br><br><b>English:</b> <b>anxiety / oppressive unease / tightness</b> · <b>French:</b> <b>angoisse / oppression / sensation d’oppression</b> Useful nuance: <b>Beklemmung</b> often combines anxiety or unease with a feeling of being emotionally or physically confined; <b>Angst</b> is a broader term for fear or anxiety.<br><br><b>CEFR:</b> roughly <b>C1</b>."
"die Gelassenheit","<b>Definition:</b> A state or quality of remaining calm, composed, and emotionally balanced, especially in difficult, stressful, or uncertain situations.<br><br><b>Grammar:</b> Feminine noun: <b>die Gelassenheit</b>; normally used in the singular. Related adjective: <b>gelassen</b> (“calm / composed”). Common expressions: <i>Gelassenheit bewahren, etwas mit Gelassenheit hinnehmen, innere Gelassenheit</i>.<br><br><b>Example:</b> <i>Trotz der Kritik bewahrte sie ihre Gelassenheit.</i> — “Despite the criticism, she remained composed.”<br><br><b>Synonym:</b> <b>die Ruhe / die Besonnenheit / der Gleichmut / die innere Ruhe</b><br><br><b>English:</b> <b>composure / serenity / equanimity / calmness</b> · <b>French:</b> <b>sérénité / calme / sang-froid</b> Useful nuance: <b>Gelassenheit</b> suggests staying calm without being overwhelmed; <b>Gleichgültigkeit</b> means indifference or a lack of interest. You can care deeply about something and still respond with <b>Gelassenheit</b>.<br><br><b>CEFR:</b> roughly <b>B2–C1</b>."
"das Fingerspitzengefühl","<b>Definition:</b> The ability to handle delicate situations or people with sensitivity, tact, and intuitive judgment. It can also describe a finely developed instinct for making the right decisions in a particular field.<br><br><b>Grammar:</b> Neuter noun: <b>das Fingerspitzengefühl</b>; normally used in the singular. Common expressions: <i>Fingerspitzengefühl zeigen, mit Fingerspitzengefühl vorgehen, Fingerspitzengefühl im Umgang mit Menschen</i>.<br><br><b>Example:</b> <i>Im Umgang mit verunsicherten Menschen ist Fingerspitzengefühl gefragt.</i> — “Tact and sensitivity are needed when dealing with people who feel insecure.”<br><br><b>Synonym:</b> <b>das Feingefühl / das Taktgefühl / das Einfühlungsvermögen / das Gespür</b> depending on context<br><br><b>English:</b> <b>tact / sensitivity / intuitive flair / a delicate touch</b> · <b>French:</b> <b>tact / doigté / finesse</b> Useful nuance: <b>Fingerspitzengefühl</b> combines sensitivity with an intuitive sense of how to act appropriately; it is broader than simply being polite. Correct spelling: <b>Fingerspitzengefühl</b>, not <i>Fingerzpitzgefühl</i>.<br><br><b>CEFR:</b> roughly <b>C1</b>."
"etwas (Akkusativ) erlangen","<b>Definition:</b> To obtain, gain, or attain something, especially an abstract quality, status, right, or state, often through effort or over time. Common in formal language.<br><br><b>Grammar:</b> Weak, inseparable verb: <b>erlangen – erlangte – hat erlangt</b>. Takes an <b>accusative object</b>: <i>Bekanntheit erlangen, die Freiheit erlangen, Gewissheit erlangen</i>.<br><br><b>Example:</b> <i>Durch ihre Forschung erlangte sie internationale Anerkennung.</i> — “Through her research, she gained international recognition.”<br><br><b>Synonym:</b> <b>erwerben / erreichen / gewinnen / erhalten</b> depending on context<br><br><b>English:</b> <b>obtain / gain / attain / acquire</b> · <b>French:</b> <b>obtenir / acquérir / atteindre</b> Useful nuance: <b>erlangen</b> emphasizes coming to possess or attain something. <b>erzielen</b> focuses on producing a result, while <b>erringen</b> emphasizes achieving something through struggle or against resistance.<br><br><b>CEFR:</b> roughly <b>B2–C1</b>."
"bewusst / sich (Dativ) einer Sache (Genitiv) bewusst sein","<b>Definition:</b> Done deliberately and with awareness; also describing someone who is conscious of something or pays careful attention to it.<br><br><b>Grammar:</b> Adjective and adverb. As an adjective, it is declined: <i>eine bewusste Entscheidung</i>. Common constructions: <b>sich (Dativ) einer Sache (Genitiv) bewusst sein</b> (<i>Ich bin mir dessen bewusst</i>), <b>etwas (Akkusativ) bewusst tun</b>, and <b>bewusst wahrnehmen</b>.<br><br><b>Example:</b> <i>Sie hat sich bewusst für diesen Weg entschieden.</i> — “She deliberately chose this path.”<br><br><b>Synonym:</b> <b>absichtlich / willentlich / gewollt</b>; <b>wach / aufmerksam</b> in the sense of conscious awareness<br><br><b>English:</b> <b>conscious / deliberate / intentional / aware</b> · <b>French:</b> <b>conscient / délibéré / intentionnel</b> Useful nuance: <b>bewusst</b> can mean “deliberately” (<i>Er hat das bewusst getan</i>) or “conscious/aware” (<i>Sie ist sich der Gefahr bewusst</i>). <b>Absichtlich</b> means “intentionally” and does not cover the awareness meaning.<br><br><b>CEFR:</b> roughly <b>B1–B2</b>."
"die Bö","<b>Definition:</b> A sudden, brief, and usually strong gust of wind.<br><br><b>Grammar:</b> Feminine noun: <b>die Bö</b>; plural: <b>die Böen</b>. The longer form <b>die Böe</b> is also common. Do not confuse it with <b>„Buh!“</b>, the interjection used to boo someone.<br><br><b>Example:</b> <i>Eine heftige Bö riss den Sonnenschirm um.</i> — “A strong gust of wind knocked over the parasol.”<br><br><b>Synonym:</b> <b>die Böe / der Windstoß / der Luftstoß</b><br><br><b>English:</b> <b>gust / squall</b> · <b>French:</b> <b>rafale / bourrasque</b> Useful nuance: <b>Bö</b> is a weather term; for “boo!” use <b>„Buh!“</b> or <b>„Bööö!“</b>.<br><br><b>CEFR:</b> roughly <b>B2–C1</b>."
"etwas (Akkusativ) verschwenden","<b>Definition:</b> To use money, time, energy, resources, or opportunities carelessly or unnecessarily, without getting a useful result.<br><br><b>Grammar:</b> Weak, inseparable verb: <b>verschwenden – verschwendete – hat verschwendet</b>. Takes an <b>accusative object</b>: <i>Geld verschwenden, Zeit verschwenden, Energie verschwenden</i>. Additional patterns: <b>etwas (Akkusativ) für etwas (Akkusativ) verschwenden</b>, <b>Zeit (Akkusativ) mit etwas (Dativ) verschwenden</b>, and <b>Zeit verschwenden, indem man etwas tut</b>. The verb is not reflexive in these meanings.<br><br><b>Example:</b> <i>Wir sollten keine Zeit mit unwichtigen Details verschwenden.</i> — “We shouldn’t waste time on unimportant details.”<br><br><b>Synonym:</b> <b>vergeuden / verprassen / unnötig verbrauchen</b> depending on context<br><br><b>English:</b> <b>waste / squander</b> · <b>French:</b> <b>gaspiller / dilapider</b> Useful nuance: <b>verschwenden</b> usually implies careless or needless use. <b>Verbrauchen</b> is neutral and simply means “use up” or “consume.”<br><br><b>CEFR:</b> roughly <b>B2</b>."
"etwas (Akkusativ) abstecken","<b>Definition:</b> To mark out an area or define boundaries; in regional colloquial technical usage, also to unplug a device. <b>Abgesteckt</b> means “marked out / delineated” or, in that regional usage, “unplugged.”<br><br><b>Grammar:</b> Separable weak verb: <b>abstecken – steckte ab – hat abgesteckt</b>. Takes an accusative object: <b>etwas (Akkusativ) abstecken</b>. <b>Abgesteckt</b> is the past participle. Common expressions: <i>ein Grundstück abstecken</i>, <i>Grenzen abstecken</i>, <i>das Gerät abstecken</i>.<br><br><b>Example:</b> <i>Die Grenzen des Grundstücks sind bereits abgesteckt.</i> — “The boundaries of the property have already been marked out.”<br><br><b>Synonym:</b> <b>markieren / abgrenzen / ausstecken</b> depending on context<br><br><b>English:</b> <b>mark out / delineate / define / unplug</b> · <b>French:</b> <b>délimiter / baliser / débrancher</b> Useful nuance: In figurative language, <b>die Grenzen abstecken</b> means “to define or set the limits.” In standard German, <b>den Stecker ziehen</b> is a widely understood way to say “unplug.”<br><br><b>CEFR:</b> roughly <b>B2</b>."
"vorkommen","<b>Definition:</b> To happen or occur, often occasionally or unexpectedly. <b>Es kommt vor, dass …</b> means “it happens that …”.<br><br><b>Grammar:</b> Strong, separable verb: <b>vorkommen – kam vor – ist vorgekommen</b>. <b>Es kommt vor</b> is the third-person singular present. In the meaning “happen,” it takes no accusative object or fixed preposition. Common patterns: <b>etwas (Nominativ) kommt vor</b> and <b>es kommt vor, dass …</b>. Infinitive with <b>zu</b>: <b>vorzukommen</b>.<br><br><b>Example:</b> <i>Es kommt vor, dass man sich an Namen nicht erinnert.</i> — “It happens that one does not remember names.”<br><br><b>Synonym:</b> <b>geschehen / passieren / auftreten</b> depending on context<br><br><b>English:</b> <b>happen / occur</b> · <b>French:</b> <b>arriver / se produire</b> Useful nuance: <b>vorkommen</b> can also mean “to occur/be found” (<i>Dieses Tier kommt in Europa vor</i>) or “to seem/appear” (<i>Das kommt mir seltsam vor</i>). The latter meaning uses <b>jemandem (Dativ) … vorkommen</b>; with a reflexive pronoun: <b>sich (Dativ) … vorkommen</b> (<i>Ich komme mir hilflos vor</i>).<br><br><b>CEFR:</b> roughly <b>B1–B2</b>."
"widersprüchlich","<b>Definition:</b> Containing contradictions or expressing statements, information, or feelings that conflict with one another or do not fit together consistently.<br><br><b>Grammar:</b> Adjective: <b>widersprüchlich</b>. <b>widersprüchlichen</b> is a declined form with the ending <b>-en</b>; its case, gender, and number depend on the surrounding phrase. In <i>mit widersprüchlichen Aussagen</i>, it is dative plural after <b>mit</b>.<br><br><b>Example:</b> <i>Die widersprüchlichen Aussagen der Zeugen erschwerten die Ermittlungen.</i> — “The witnesses’ contradictory statements made the investigation more difficult.”<br><br><b>Synonym:</b> <b>gegensätzlich / widerspruchsvoll / inkonsistent</b> depending on context<br><br><b>English:</b> <b>contradictory / conflicting / inconsistent</b> · <b>French:</b> <b>contradictoire / incohérent</b> Useful nuance: <b>unterschiedlich</b> simply means “different”; <b>widersprüchlich</b> means that things contradict each other or contain internal contradictions.<br><br><b>CEFR:</b> roughly <b>B2–C1</b>."
"erheblich","<b>Definition:</b> Large or important enough in amount, extent, or effect to be noticeable or significant; considerable or substantial.<br><br><b>Grammar:</b> Adjective, also used adverbially: <i>Die Kosten sind erheblich gestiegen</i>. <b>erheblichen</b> is a declined form of <b>erheblich</b>; the <b>-en</b> ending depends on case, gender, number, and article. In <i>einen erheblichen Schaden</i>, it is accusative masculine singular.<br><br><b>Example:</b> <i>Der Sturm hat einen erheblichen Schaden verursacht.</i> — “The storm caused considerable damage.”<br><br><b>Synonym:</b> <b>beträchtlich / bedeutend / wesentlich</b> depending on context<br><br><b>English:</b> <b>considerable / substantial / significant</b> · <b>French:</b> <b>considérable / important / notable</b> Useful nuance: <b>erheblich</b> emphasizes a substantial degree or amount and often sounds more formal than <b>groß</b>. It can describe both positive and negative developments: <i>erhebliche Fortschritte</i>, <i>erhebliche Schwierigkeiten</i>.<br><br><b>CEFR:</b> roughly <b>B2</b>."
"schließlich","<b>Definition:</b> Finally or eventually, after a sequence of events or a period of time. It can also mean “after all,” introducing a reason or reminding someone of a relevant fact.<br><br><b>Grammar:</b> Invariable adverb; also used as a particle expressing justification. At the beginning of a declarative sentence, it is followed by the finite verb: <i>Schließlich fanden wir eine Lösung</i>.<br><br><b>Example:</b> <i>Nach langem Überlegen entschied sie sich schließlich für das Angebot.</i> — “After much deliberation, she eventually decided to accept the offer.” Another example: <i>Du kannst ihm vertrauen; schließlich ist er dein Freund.</i> — “You can trust him; after all, he is your friend.”<br><br><b>Synonym:</b> <b>letztlich / am Ende / letzten Endes</b>; <b>immerhin / denn immerhin</b> when giving a reason<br><br><b>English:</b> <b>finally / eventually / ultimately / after all</b> · <b>French:</b> <b>finalement / en fin de compte / après tout</b> Useful nuance: <b>endlich</b> often expresses relief or impatience (“at last”), while temporal <b>schließlich</b> more neutrally describes the eventual outcome. <b>Schließlich</b> can also introduce a justification, as in “after all.”<br><br><b>CEFR:</b> roughly <b>B1–B2</b>."
"sorgfältig","<b>Definition:</b> Done with care, attention to detail, and an effort to avoid mistakes or omissions; also describing someone who works in this manner.<br><br><b>Grammar:</b> Adjective, also used adverbially: <i>eine sorgfältige Prüfung</i>, <i>etwas sorgfältig prüfen</i>. Comparative: <b>sorgfältiger</b>; superlative: <b>am sorgfältigsten</b>. Related noun: <b>die Sorgfalt</b>.<br><br><b>Example:</b> <i>Sie prüfte die Unterlagen sorgfältig, bevor sie den Vertrag unterschrieb.</i> — “She checked the documents carefully before signing the contract.”<br><br><b>Synonym:</b> <b>gründlich / gewissenhaft / gewissenhaft ausgeführt / genau</b> depending on context<br><br><b>English:</b> <b>careful / meticulous / thorough</b>; adverbially <b>carefully / meticulously / thoroughly</b> · <b>French:</b> <b>soigneux / minutieux / méticuleux</b>; adverbially <b>soigneusement / minutieusement</b> Useful nuance: <b>sorgfältig</b> emphasizes care and precision when doing something; <b>vorsichtig</b> emphasizes caution to avoid danger, harm, or risk.<br><br><b>CEFR:</b> roughly <b>B1–B2</b>."
"das Gelände","<b>Definition:</b> An area of land considered in terms of its physical features, such as slopes or uneven ground. It can also mean the grounds or site of a factory, school, event, or other facility.<br><br><b>Grammar:</b> Neuter noun: <b>das Gelände</b>; plural: <b>die Gelände</b>, though usually used in the singular. Common expressions: <i>unwegsames Gelände</i>, <i>auf dem Gelände</i> (location, dative), <i>auf das Gelände</i> (movement onto the site, accusative).<br><br><b>Example:</b> <i>Das Betreten des Geländes ist nur Mitarbeitern erlaubt.</i> — “Only employees are allowed to enter the premises.” Another example: <i>Die Wanderung führte durch steiles, felsiges Gelände.</i> — “The hike led through steep, rocky terrain.”<br><br><b>Synonym:</b> <b>das Terrain / das Gebiet / das Areal / das Grundstück</b> depending on context<br><br><b>English:</b> <b>terrain / grounds / site / premises</b> · <b>French:</b> <b>terrain / site / enceinte</b> Useful nuance: <b>Gelände</b> emphasizes the physical land or the grounds of a facility; <b>Grundstück</b> usually refers to a defined plot of land as a piece of property.<br><br><b>CEFR:</b> roughly <b>B1–B2</b>."
"die Verzweiflung","<b>Definition:</b> A state of deep distress and loss of hope in which someone feels unable to find a way out of a difficult situation.<br><br><b>Grammar:</b> Feminine noun: <b>die Verzweiflung</b>; normally used in the singular. Related verb: <b>verzweifeln – verzweifelte – ist verzweifelt</b>; pattern: <b>an jemandem/etwas (Dativ) verzweifeln</b>. Related adjective: <b>verzweifelt</b> (“desperate / despairing”). Common expressions: <i>aus Verzweiflung</i>, <i>in seiner Verzweiflung</i>, <i>jemanden zur Verzweiflung bringen</i>.<br><br><b>Example:</b> <i>In ihrer Verzweiflung bat sie einen Freund um Hilfe.</i> — “In her desperation, she asked a friend for help.”<br><br><b>Synonym:</b> <b>die Hoffnungslosigkeit / die Ausweglosigkeit / die tiefe Mutlosigkeit</b> depending on context<br><br><b>English:</b> <b>despair / desperation</b> · <b>French:</b> <b>désespoir</b> Useful nuance: <b>Verzweiflung</b> is stronger than ordinary sadness or frustration and involves a sense of hopelessness. <b>Das bringt mich zur Verzweiflung!</b> can also be used more loosely to mean “That drives me to despair!”<br><br><b>CEFR:</b> roughly <b>B2</b>."
"etwas (Akkusativ) betreten / betreten","<b>Definition:</b> To enter a room, building, or area, or to step onto a surface. As an adjective, it means embarrassed, abashed, or visibly uncomfortable, often after an awkward incident.<br><br><b>Grammar:</b> Strong, inseparable verb: <b>betreten – betrat – hat betreten</b>. Present tense: <i>du betrittst, er/sie/es betritt</i>. Takes an <b>accusative object without a preposition</b>: <i>den Raum betreten, das Gelände betreten</i>. The adjective is declined before nouns: <i>ein betretenes Schweigen</i>.<br><br><b>Example:</b> <i>Sie betrat den Raum und begrüßte die Anwesenden.</i> — “She entered the room and greeted those present.” Another example: <i>Nach seiner Bemerkung herrschte betretenes Schweigen.</i> — “His remark was followed by an embarrassed silence.”<br><br><b>Synonym:</b> <b>hineingehen / eintreten / einen Fuß auf etwas setzen</b>; as an adjective: <b>verlegen / beschämt</b><br><br><b>English:</b> <b>enter / step onto</b>; adjectivally <b>embarrassed / abashed</b> · <b>French:</b> <b>entrer dans / poser le pied sur</b>; adjectivally <b>gêné / confus</b> Useful nuance: <b>betreten</b> often sounds more formal than <b>hineingehen</b>. <b>Betreten verboten!</b> means “No entry!”; <b>Rasen betreten verboten!</b> means “Keep off the grass!”<br><br><b>CEFR:</b> roughly <b>B1–B2</b> for the verb; <b>C1</b> for the adjective."
"übel / das Übel","<b>Definition:</b> As an adjective, bad, unpleasant, nasty, or serious; in <i>jemandem ist übel</i>, it describes feeling nauseous. The noun <b>das Übel</b> means an evil, ill, or harmful condition.<br><br><b>Grammar:</b> Adjective, also used adverbially: <i>ein übler Geruch</i>, <i>jemanden übel behandeln</i>. Comparative: <b>übler</b>; superlative: <b>am übelsten</b>. Feeling sick is expressed with the <b>dative</b>: <i>Mir ist übel</i>. Neuter noun: <b>das Übel</b>; plural: <b>die Übel</b>.<br><br><b>Example:</b> <i>Nach der Busfahrt war mir übel.</i> — “I felt nauseous after the bus ride.” Another example: <i>Wir müssen das kleinere Übel wählen.</i> — “We have to choose the lesser evil.”<br><br><b>Synonym:</b> <b>schlecht / unangenehm / schlimm</b>; as a noun: <b>der Missstand / das Unheil</b> depending on context<br><br><b>English:</b> <b>bad / nasty / unpleasant / nauseous</b>; noun <b>evil / ill</b> · <b>French:</b> <b>mauvais / désagréable / nauséeux</b>; noun <b>mal / fléau</b> Useful nuance: <b>Mir ist übel</b> means “I feel sick”; <b>Ich bin übel</b> does not express nausea. <b>Nicht übel!</b> means “Not bad!” Capitalize <b>Übel</b> when it is a noun: <i>das Übel an der Wurzel packen</i> (“tackle the problem at its root”).<br><br><b>CEFR:</b> roughly <b>B1–B2</b>."
"gegen etwas (Akkusativ) verstoßen / jemanden (Akkusativ) verstoßen","<b>Definition:</b> To violate or act against a rule, law, agreement, or principle. With a person as its direct object, it means to reject, disown, or cast that person out of a family or community.<br><br><b>Grammar:</b> Strong, inseparable verb: <b>verstoßen – verstieß – hat verstoßen</b>. Present tense: <i>du verstößt, er/sie/es verstößt</i>. Use <b>gegen + accusative</b> for violations: <i>gegen das Gesetz verstoßen</i>. For rejecting a person, use an <b>accusative object</b>: <i>jemanden verstoßen</i>, <i>jemanden aus der Familie verstoßen</i>.<br><br><b>Example:</b> <i>Wer gegen die Regeln verstößt, muss mit Konsequenzen rechnen.</i> — “Anyone who breaks the rules must expect consequences.” Another example: <i>Seine Familie hat ihn verstoßen.</i> — “His family disowned him.”<br><br><b>Synonym:</b> <b>missachten / verletzen / zuwiderhandeln</b> for rules; <b>ausstoßen / ausschließen / zurückweisen</b> for people<br><br><b>English:</b> <b>violate / breach / contravene / disown / cast out</b> · <b>French:</b> <b>enfreindre / contrevenir à / renier / bannir</b> Useful nuance: <b>Gegen ein Gesetz verstoßen</b> means “to break a law”; the preposition <b>gegen</b> is required in this construction. <b>Jemanden verstoßen</b> expresses a severe rejection and is stronger than simply disagreeing with or refusing someone.<br><br><b>CEFR:</b> roughly <b>B2</b>."
"jemanden/etwas (Akkusativ) befördern / jemanden (Akkusativ) zu etwas (Dativ) befördern","<b>Definition:</b> To promote someone to a higher position or rank; also to transport or convey people, goods, or other items from one place to another.<br><br><b>Grammar:</b> Weak, inseparable verb: <b>befördern – beförderte – hat befördert</b>. <b>Befördert</b> is the past participle, as well as the present-tense form for <i>er/sie/es</i> and <i>ihr</i>. Takes an <b>accusative object</b>: <i>jemanden befördern</i>, <i>Waren befördern</i>. For promotion to a position, use <b>zu + dative</b>: <i>jemanden zum Abteilungsleiter befördern</i>. Passive: <i>Sie wurde befördert</i>.<br><br><b>Example:</b> <i>Sie wurde zur Abteilungsleiterin befördert.</i> — “She was promoted to head of department.” Another example: <i>Der Zug befördert täglich Hunderte von Fahrgästen.</i> — “The train carries hundreds of passengers every day.”<br><br><b>Synonym:</b> <b>in eine höhere Position versetzen</b> for career advancement; <b>transportieren / transportieren lassen / weiterleiten</b> for moving people or goods<br><br><b>English:</b> <b>promote / transport / convey</b>; <b>befördert:</b> <b>promoted / transported / conveyed</b> · <b>French:</b> <b>promouvoir / transporter / acheminer</b>; <b>befördert:</b> <b>promu / transporté / acheminé</b> Useful nuance: Without further context, <b>Sie wurde befördert</b> usually refers to a promotion at work. In transport contexts, <b>befördern</b> is more formal than <b>bringen</b> or <b>fahren</b>. <b>Fördern</b> without <b>be-</b> means “support / encourage / foster” and does not specifically mean giving someone a higher job rank.<br><br><b>CEFR:</b> roughly <b>B1–B2</b>."
"jemanden/etwas (Akkusativ) prägen / von etwas (Dativ) geprägt sein","<b>Definition:</b> To shape or leave a lasting influence on someone or something; to give something its characteristic features. Literally, to stamp or emboss a design onto a material or mint coins. It can also mean to coin a term or expression.<br><br><b>Grammar:</b> Weak verb: <b>prägen – prägte – hat geprägt</b>. <b>Geprägt</b> is the past participle, also used adjectivally: <i>eine stark geprägte Persönlichkeit</i>. Takes an <b>accusative object</b>: <i>einen Menschen prägen</i>, <i>Münzen prägen</i>, <i>einen Begriff prägen</i>. Common construction: <b>von etwas geprägt sein</b> (<b>dative</b>) — “to be shaped or characterized by something.”<br><br><b>Example:</b> <i>Ihre Kindheit hat sie stark geprägt.</i> — “Her childhood had a profound influence on her.” Another example: <i>Die Region ist vom Weinbau geprägt.</i> — “The region is characterized by viticulture.”<br><br><b>Synonym:</b> <b>formen / nachhaltig beeinflussen / kennzeichnen</b> figuratively; <b>stanzen / einpressen</b> for physical impressions<br><br><b>English:</b> <b>shape / influence / characterize / stamp / mint / coin</b>; <b>geprägt:</b> <b>shaped / influenced / characterized / stamped / minted / coined</b> · <b>French:</b> <b>façonner / marquer / caractériser / frapper / forger</b>; <b>geprägt:</b> <b>façonné / marqué / caractérisé / frappé / forgé</b> Useful nuance: Figurative <b>prägen</b> suggests a lasting or defining influence, often stronger than <b>beeinflussen</b>. <b>Einen Begriff prägen</b> means “to coin a term,” while <b>Münzen prägen</b> means “to mint coins.”<br><br><b>CEFR:</b> roughly <b>B2</b>."
"die Auskunft","<b>Definition:</b> Information given in response to a question or request. It can also refer to an information desk or service where such information is provided.<br><br><b>Grammar:</b> Feminine noun: <b>die Auskunft</b>; plural: <b>die Auskünfte</b>. Common expressions: <i>jemandem Auskunft geben/erteilen</i> (<b>dative</b> for the recipient), <i>um Auskunft bitten</i>, <i>Auskunft über etwas geben</i> (<b>accusative</b> after <b>über</b>), <i>an der Auskunft fragen</i>.<br><br><b>Example:</b> <i>Können Sie mir Auskunft über die Öffnungszeiten geben?</i> — “Could you give me information about the opening hours?” Another example: <i>Bitte fragen Sie an der Auskunft.</i> — “Please ask at the information desk.”<br><br><b>Synonym:</b> <b>die Information / die Mitteilung / die Antwort</b>; <b>die Informationsstelle</b> for the service or desk<br><br><b>English:</b> <b>information / particulars / information desk</b> · <b>French:</b> <b>renseignement / renseignements / bureau d’information</b> Useful nuance: <b>Auskunft</b> usually refers to information supplied in response to an inquiry; <b>Information</b> is broader. German can use the plural <b>Auskünfte</b>, but English <b>information</b> is uncountable.<br><br><b>CEFR:</b> roughly <b>A2–B1</b>."
"jemandem/etwas (Dativ) ausweichen / auf etwas (Akkusativ) ausweichen","<b>Definition:</b> To move aside or swerve to avoid someone or something; figuratively, to evade a question, topic, or confrontation. It can also mean to switch to an alternative place or option when the original one is unavailable or unsuitable.<br><br><b>Grammar:</b> Strong, separable verb: <b>ausweichen – wich aus – ist ausgewichen</b>. Takes the <b>dative</b> for what is avoided: <i>einem Hindernis ausweichen</i>, <i>einer Frage ausweichen</i>. For switching to an alternative, use <b>auf + accusative</b>: <i>auf einen anderen Termin ausweichen</i>. Infinitive with <b>zu</b>: <b>auszuweichen</b>.<br><br><b>Example:</b> <i>Die Fahrerin wich einem Radfahrer aus.</i> — “The driver swerved to avoid a cyclist.” Another example: <i>Er ist meiner Frage ausgewichen.</i> — “He dodged my question.”<br><br><b>Synonym:</b> <b>zur Seite gehen / aus dem Weg gehen / umgehen</b>; <b>auf eine Alternative zurückgreifen</b> depending on context<br><br><b>English:</b> <b>dodge / evade / swerve / move aside / switch to an alternative</b> · <b>French:</b> <b>éviter / esquiver / s’écarter / se rabattre sur</b> Useful nuance: <b>Ausweichen</b> emphasizes moving out of the way or avoiding direct engagement. <b>Vermeiden</b> means “avoid” more generally and takes the accusative: <i>einen Konflikt vermeiden</i>, but <i>einem Konflikt ausweichen</i>. <b>Auf einen anderen Raum ausweichen</b> means “to use another room instead.”<br><br><b>CEFR:</b> roughly <b>B1–B2</b>."
"etwas (Akkusativ) auskosten","<b>Definition:</b> To savor or enjoy something fully, making the most of an experience, feeling, or moment. In literary contexts, it can also mean to experience something unpleasant to its fullest extent.<br><br><b>Grammar:</b> Weak, separable verb: <b>auskosten – kostete aus – hat ausgekostet</b>. Takes an <b>accusative object</b>: <i>den Augenblick auskosten</i>, <i>seinen Erfolg auskosten</i>. Present tense: <i>Sie kostet ihre Freiheit aus</i>. Infinitive with <b>zu</b>: <b>auszukosten</b>.<br><br><b>Example:</b> <i>Sie kostete jeden Augenblick ihres Urlaubs aus.</i> — “She savored every moment of her vacation.” Another example: <i>Nach der anstrengenden Woche wollte er die Ruhe voll auskosten.</i> — “After the exhausting week, he wanted to savor the peace and quiet to the fullest.”<br><br><b>Synonym:</b> <b>voll genießen / in vollen Zügen genießen / ausschöpfen</b> depending on context<br><br><b>English:</b> <b>savor / relish / enjoy to the full</b> · <b>French:</b> <b>savourer / profiter pleinement de / goûter pleinement</b> Useful nuance: <b>Kosten</b> can mean “to taste”; <b>auskosten</b> extends this idea to fully savoring an experience. Compared with <b>genießen</b>, it emphasizes enjoying something completely: <i>den Triumph bis zum letzten Augenblick auskosten</i>.<br><br><b>CEFR:</b> roughly <b>B2–C1</b>."
"die Klinke","<b>Definition:</b> A lever-shaped door handle that is pressed down to release the latch and open the door. In mechanical contexts, it can also mean a pawl or catch that engages with another part to restrict movement.<br><br><b>Grammar:</b> Feminine noun: <b>die Klinke</b>; plural: <b>die Klinken</b>. Common expressions: <i>die Klinke herunterdrücken</i>, <i>die Hand auf die Klinke legen</i>, <i>die Klinke in der Hand halten</i>.<br><br><b>Example:</b> <i>Sie drückte die Klinke herunter und öffnete leise die Tür.</i> — “She pressed down the door handle and quietly opened the door.”<br><br><b>Synonym:</b> <b>die Türklinke / der Türgriff</b> in everyday usage<br><br><b>English:</b> <b>door handle / lever handle</b>; technically <b>pawl / catch</b> · <b>French:</b> <b>poignée de porte / béquille</b>; technically <b>cliquet</b> Useful nuance: <b>Türgriff</b> is a general term for a door handle; <b>Klinke</b> usually means the lever you press down. A round doorknob is <b>der Türknauf</b>. <b>Sich die Klinke in die Hand geben</b> means that visitors arrive in quick succession, with one leaving as another arrives.<br><br><b>CEFR:</b> roughly <b>B1–B2</b> for the everyday meaning."
"jemanden (Akkusativ) von den Beinen (Dativ) reißen","<b>Definition:</b> To knock someone off their feet through a sudden, forceful impact, for example from a wave, gust of wind, or collision. <b>Von den Beinen gerissen</b> means “knocked off one's feet.”<br><br><b>Grammar:</b> Strong verb: <b>reißen – riss – hat gerissen</b> in this transitive construction. The person is an <b>accusative object</b>: <i>jemanden von den Beinen reißen</i>. <b>Von</b> takes the <b>dative</b>: <i>von den Beinen</i> (dative plural of <i>das Bein</i>). <b>Gerissen</b> is the past participle. Passive: <i>Sie wurde von den Beinen gerissen</i>.<br><br><b>Example:</b> <i>Eine große Welle riss sie von den Beinen.</i> — “A large wave knocked her off her feet.” Another example: <i>Sie wurde von einer heftigen Bö von den Beinen gerissen.</i> — “She was knocked off her feet by a strong gust of wind.”<br><br><b>Synonym:</b> <b>umwerfen / zu Boden reißen / umstoßen</b><br><br><b>English:</b> <b>knock someone off their feet / knock someone down</b> · <b>French:</b> <b>renverser quelqu’un / faire tomber quelqu’un brutalement</b> Useful nuance: Translate the whole expression rather than each word: <b>von den Beinen gerissen</b> describes losing one's footing through force. The standalone adjective <b>gerissen</b> can mean “cunning / crafty,” but that meaning does not apply here.<br><br><b>CEFR:</b> roughly <b>B2</b>."
"gellend","<b>Definition:</b> Describing a loud, sharp, piercing sound, especially a scream, cry, or shrill laugh.<br><br><b>Grammar:</b> <b>Gellend</b> is the present participle of <b>gellen</b>, used as an adjective. <b>Gellenden</b> is a declined form with the ending <b>-en</b>; the case, gender, and number depend on the surrounding phrase. In <i>einen gellenden Schrei</i>, it is accusative masculine singular; in <i>mit einem gellenden Schrei</i>, it is dative masculine singular.<br><br><b>Example:</b> <i>Sie stieß einen gellenden Schrei aus.</i> — “She let out a piercing scream.”<br><br><b>Synonym:</b> <b>schrill / durchdringend / ohrenbetäubend</b> depending on context<br><br><b>English:</b> <b>piercing / shrill / ringing</b> · <b>French:</b> <b>strident / perçant / aigu</b> Useful nuance: <b>Gellend</b> emphasizes a sound's sharp, penetrating quality, whereas <b>laut</b> simply means “loud.” Common combinations include <i>ein gellender Schrei</i> and <i>gellendes Gelächter</i>.<br><br><b>CEFR:</b> roughly <b>C1</b>."
"das Kreischen / kreischen","<b>Definition:</b> A loud, high-pitched, piercing cry or noise. The verb means to shriek or screech and can describe people, animals, or mechanical sounds such as brakes.<br><br><b>Grammar:</b> Neuter noun formed from the infinitive: <b>das Kreischen</b>, normally used without a plural. Lowercase <b>kreischen</b> is a weak verb: <b>kreischen – kreischte – hat gekreischt</b>, usually used intransitively. Common expressions: <i>ein gellendes Kreischen</i>, <i>vor Angst kreischen</i>, <i>kreischende Bremsen</i>.<br><br><b>Example:</b> <i>Ein gellendes Kreischen durchbrach die Stille.</i> — “A piercing screech broke the silence.” Another example: <i>Die Bremsen kreischten, als der Zug anhielt.</i> — “The brakes screeched as the train came to a stop.”<br><br><b>Synonym:</b> <b>das Schrillen / das schrille Schreien</b>; as a verb: <b>schrill schreien / schrillen</b><br><br><b>English:</b> <b>screeching / shrieking / a screech / a shriek</b>; verb <b>screech / shriek</b> · <b>French:</b> <b>cri strident / hurlement aigu / crissement</b>; verb <b>pousser des cris stridents / crisser</b> Useful nuance: <b>Schreien</b> broadly means “to shout / scream”; <b>kreischen</b> emphasizes a particularly shrill, high-pitched sound. Capitalized <b>Kreischen</b> is the noun: <i>das Kreischen der Möwen</i> (“the screeching of the gulls”).<br><br><b>CEFR:</b> roughly <b>B2</b>."
"die Wand","<b>Definition:</b> A wall: a vertical surface or structure that encloses or divides a room or building. It can also describe a steep rock face or a wall-like mass, such as a wall of water.<br><br><b>Grammar:</b> Feminine noun: <b>die Wand</b>; plural: <b>die Wände</b>. <b>Wänden</b> is the <b>dative plural</b>, with the additional <b>-n</b>: <i>an den Wänden</i>, <i>zwischen den Wänden</i>, <i>von den Wänden</i>. Compare location <i>an den Wänden</i> (dative) with direction <i>an die Wände</i> (accusative).<br><br><b>Example:</b> <i>An den Wänden hingen alte Bilder.</i> — “Old pictures hung on the walls.” Another example: <i>Das Kreischen hallte von den Wänden wider.</i> — “The screech echoed off the walls.”<br><br><b>Synonym:</b> <b>die Zimmerwand / die Trennwand</b>; <b>die Mauer</b> in some contexts<br><br><b>English:</b> <b>wall</b>; in rock formations <b>face / cliff face</b> · <b>French:</b> <b>mur / paroi</b> Useful nuance: <b>Wand</b> is the usual word for a room's wall and need not be made of masonry. <b>Mauer</b> emphasizes a masonry structure, often an exterior or freestanding wall. <b>In den eigenen vier Wänden</b> means “in one's own home.”<br><br><b>CEFR:</b> roughly <b>A1–A2</b> for the everyday meaning."
"von etwas (Dativ) widerhallen","<b>Definition:</b> For a sound to echo off a surface, such as walls or cliffs, which reflects it back.<br><br><b>Grammar:</b> Weak, separable verb: <b>widerhallen – hallte wider – hat widergehallt</b>. The sound is the <b>subject</b>. <b>Von + dative</b> identifies the reflecting surface: <i>von den Wänden widerhallen</i>. Infinitive with <b>zu</b>: <b>widerzuhallen</b>. The verb can also occur without <b>von</b>, for example <i>im Flur widerhallen</i>.<br><br><b>Example:</b> <i>Ihr Kreischen hallte noch immer von den Wänden wider.</i> — “Her screeching was still echoing off the walls.”<br><br><b>Synonym:</b> <b>zurückhallen / als Echo zurückklingen</b><br><br><b>English:</b> <b>echo off something / reverberate off something</b> · <b>French:</b> <b>se répercuter sur quelque chose / être renvoyé en écho par quelque chose</b> Useful nuance: In a main clause, <b>wider</b> separates and moves to the end: <i>Das Geräusch hallte wider</i>. It is part of <b>widerhallen</b>, not <b>wieder</b> (“again”). <b>Von</b> introduces the surface reflecting the sound; it is not a mandatory preposition for every use of <b>widerhallen</b>.<br><br><b>CEFR:</b> roughly <b>B2–C1</b>."
"kauern","<b>Definition:</b> To crouch or sit huddled up, with the body bent low and the limbs drawn close, often because of fear, cold, or a need to hide.<br><br><b>Grammar:</b> Weak verb: <b>kauern – kauerte – hat gekauert</b>. <b>Kauerte</b> is the first- or third-person singular simple past (Präteritum): <i>ich/er/sie/es kauerte</i>. Usually intransitive, with a phrase indicating location: <i>in einer Ecke kauern</i>, <i>hinter einem Baum kauern</i>. These location phrases take the <b>dative</b>. Regional usage, especially in southern German-speaking areas, also uses <b>ist gekauert</b>.<br><br><b>Example:</b> <i>Sie kauerte zitternd in einer Ecke.</i> — “She crouched trembling in a corner.”<br><br><b>Synonym:</b> <b>hocken / zusammengekauert sitzen</b><br><br><b>English:</b> <b>crouch / huddle / squat</b>; <b>kauerte:</b> <b>crouched / huddled / squatted</b> · <b>French:</b> <b>être accroupi / se tenir recroquevillé</b>; <b>kauerte:</b> <b>était accroupi(e) / se tenait recroquevillé(e)</b> Useful nuance: <b>Kauern</b> describes a low, compact posture; it does not necessarily imply fear. <b>Sich ducken</b> emphasizes lowering one's head or body, while <b>kauern</b> often describes remaining in a crouched position.<br><br><b>CEFR:</b> roughly <b>B2–C1</b>."
"wimmern","<b>Definition:</b> To make soft, plaintive crying sounds because of pain, fear, or distress; to whimper. <b>Wimmernd</b> means “whimpering.”<br><br><b>Grammar:</b> Weak verb: <b>wimmern – wimmerte – hat gewimmert</b>, usually intransitive. <b>Wimmernd</b> is the present participle (Partizip I), used adjectivally or adverbially. It remains uninflected in <i>Sie kauerte wimmernd in der Ecke</i>, but takes an adjective ending before a noun: <i>ein wimmerndes Kind</i>. Common expression: <i>vor Schmerzen wimmern</i>.<br><br><b>Example:</b> <i>Sie kauerte wimmernd in der Ecke.</i> — “She crouched in the corner, whimpering.”<br><br><b>Synonym:</b> <b>leise jammern / kläglich weinen</b><br><br><b>English:</b> <b>whimper / whimpering</b> · <b>French:</b> <b>gémir / en gémissant / gémissant</b> Useful nuance: <b>Wimmern</b> describes a softer, weaker sound than <b>schreien</b> or <b>kreischen</b>. In <i>Sie kauerte wimmernd</i>, <b>kauerte</b> is the finite verb and <b>wimmernd</b> describes what she was doing at the same time.<br><br><b>CEFR:</b> roughly <b>B2–C1</b>."
