"anspruchsvoll","<b>Definition:</b> Demanding considerable effort, skill, or thought; also describing something sophisticated or of a high standard, such as a text, task, or audience.<br><br><b>Grammar:</b> Adjective, also used adverbially: <i>eine anspruchsvolle Aufgabe</i>, <i>Der Kurs ist anspruchsvoll</i>. <b>Anspruchsvoll</b> is declined before a noun according to case, gender, number, and determiner. Related noun: <b>der Anspruch</b> (“demand / requirement / claim”).<br><br><b>Example:</b> <i>Der Roman ist sprachlich anspruchsvoll, aber sehr lesenswert.</i> — “The novel is linguistically challenging, but well worth reading.”<br><br><b>Synonym:</b> <b>schwierig / fordernd / gehoben</b> depending on context<br><br><b>English:</b> <b>challenging / demanding / sophisticated / high-standard</b> · <b>French:</b> <b>exigeant / difficile / sophistiqué / de haut niveau</b> Useful nuance: <b>Anspruchsvoll</b> can be positive, suggesting quality or sophistication, as well as describing something difficult. <b>Schwierig</b> primarily means “difficult.”<br><br><b>CEFR:</b> roughly <b>B2</b>."
"die Anforderung","<b>Definition:</b> Something that is required or expected; a condition, standard, or task that must be met or fulfilled. In plural, <b>Anforderungen</b> often refers to the demands a job, course, or situation places on someone.<br><br><b>Grammar:</b> Feminine noun: <b>die Anforderung</b>; plural: <b>die Anforderungen</b>. Related verb: <b>fordern</b> (“to demand / require”); <b>Anforderungen an jemanden/etwas (Akkusativ) stellen</b> means “to make demands of someone/something.” <b>An + accusative</b> identifies the person or thing the requirements concern.<br><br><b>Example:</b> <i>Die Stelle stellt hohe Anforderungen an die Bewerber.</i> — “The position places high demands on applicants.” Another example: <i>Bitte prüfen Sie, ob Ihr Computer die technischen Anforderungen erfüllt.</i> — “Please check whether your computer meets the technical requirements.”<br><br><b>Synonym:</b> <b>Voraussetzung / Erfordernis / Bedingung</b> depending on context<br><br><b>English:</b> <b>requirement / demand / criterion</b> · <b>French:</b> <b>exigence / condition / critère</b> Useful nuance: <b>Anforderung</b> can refer to a specific requirement that must be met or to the effort and ability demanded by a task. <b>Voraussetzung</b> more often means a prerequisite that must already be in place.<br><br><b>CEFR:</b> roughly <b>B2</b>."
"sich (Akkusativ) auf jemanden/etwas (Akkusativ) einlassen / jemanden (Akkusativ) einlassen","<b>Definition:</b> The separable verb <b>einlassen</b> has several meanings. Reflexively, <b>sich auf jemanden/etwas einlassen</b> means to become involved with or agree to engage in a person, situation, risk, or activity. It can also mean to let someone into a place (<b>jemanden einlassen</b>) or to admit water or another substance into a container or space.<br><br><b>Grammar:</b> Separable strong verb: <b>sich auf etwas (Akkusativ) einlassen – ließ sich ein – hat sich eingelassen</b>. In a main clause, the prefix separates: <i>Sie lässt sich darauf ein</i>. Related phrase: <b>sich mit jemandem (Dativ) einlassen</b> (“to get involved with someone”). Non-reflexive <b>jemanden (Akkusativ) einlassen</b> means “to let someone in.”<br><br><b>Example:</b> <i>Nach langem Zögern ließ er sich auf das Experiment ein.</i> — “After hesitating for a long time, he agreed to take part in the experiment.” Another example: <i>Der Türsteher ließ uns nicht ein.</i> — “The doorman did not let us in.”<br><br><b>Synonym:</b> <b>sich auf etwas einlassen:</b> <b>sich auf etwas einrichten / sich darauf einlassen / sich darauf einlassen, etwas zu tun</b> depending on context<br><br><b>English:</b> <b>get involved in / engage in / agree to take part in</b>; <b>let in / admit</b> · <b>French:</b> <b>s’engager dans / se laisser entraîner dans</b>; <b>laisser entrer / admettre</b> Useful nuance: <b>Sich auf etwas einlassen</b> often suggests accepting uncertainty, risk, or emotional involvement. <b>Einwilligen</b> simply means “to consent,” while <b>sich einlassen</b> emphasizes entering into or engaging with the matter.<br><br><b>CEFR:</b> roughly <b>B2</b>."
"jemanden (Akkusativ) zu etwas (Dativ) verlocken","<b>Definition:</b> To tempt or entice someone by making an action, offer, or opportunity seem attractive. It often suggests an appealing invitation to do something, sometimes despite possible risks or drawbacks.<br><br><b>Grammar:</b> Weak, inseparable verb: <b>jemanden (Akkusativ) zu etwas (Dativ) verlocken – verlockte – hat verlockt</b>. Related adjective: <b>verlockend</b> (“tempting / enticing”).<br><br><b>Example:</b> <i>Der niedrige Preis verlockte viele Kunden zum Kauf.</i> — “The low price tempted many customers to buy.” Another example: <i>Lass dich nicht von dem verlockenden Angebot verlocken.</i> — “Don’t let yourself be tempted by the enticing offer.”<br><br><b>Synonym:</b> <b>verführen / reizen / anlocken</b> depending on context<br><br><b>English:</b> <b>tempt / entice / lure</b> · <b>French:</b> <b>tenter / séduire / attirer</b> Useful nuance: <b>Verlocken</b> focuses on making something seem attractive enough to draw someone toward it. <b>Überreden</b> means persuading someone through words or arguments, while <b>verführen</b> can suggest stronger temptation or seduction.<br><br><b>CEFR:</b> roughly <b>B2</b>."
"erschöpft","<b>Definition:</b> Extremely tired or drained of physical or mental energy, often after effort, stress, or illness. It can also mean that a supply or resource has been used up, as in <i>erschöpfte Vorräte</i>.<br><br><b>Grammar:</b> Adjective and past participle of the weak, inseparable verb <b>jemanden/etwas (Akkusativ) erschöpfen – erschöpfte – hat erschöpft</b>. Used predicatively (<i>Ich bin erschöpft</i>) or declined before a noun (<i>ein erschöpfter Läufer</i>). Reflexive <b>sich erschöpfen</b> can mean “to exhaust oneself” or, in formal use, “to be exhausted / be fully covered.”<br><br><b>Example:</b> <i>Nach dem langen Aufstieg waren wir völlig erschöpft.</i> — “After the long climb, we were completely exhausted.” Another example: <i>Die natürlichen Ressourcen dürfen nicht erschöpft werden.</i> — “Natural resources must not be depleted.”<br><br><b>Synonym:</b> <b>müde / ausgelaugt / kraftlos</b> depending on context<br><br><b>English:</b> <b>exhausted / worn out / depleted</b> · <b>French:</b> <b>épuisé / exténué / épuisé (pour une ressource)</b> Useful nuance: For people, <b>erschöpft</b> is stronger than <b>müde</b> (“tired”) and suggests that little energy is left. For resources, it means “depleted” or “used up.”<br><br><b>CEFR:</b> roughly <b>B1–B2</b>."
"heftig","<b>Definition:</b> Strong or intense in force, degree, or effect. It can describe severe weather, pain, arguments, reactions, or other events. Colloquially, it can also mean “extreme” or “impressive.”<br><br><b>Grammar:</b> Adjective, also used adverbially: <i>ein heftiger Sturm</i>, <i>Der Wind wehte heftig</i>. Declined before a noun according to case, gender, number, and determiner. Comparative: <b>heftiger</b>; superlative: <b>am heftigsten</b>.<br><br><b>Example:</b> <i>Nach dem Sturz hatte sie heftige Schmerzen.</i> — “After the fall, she had severe pain.” Another example: <i>Die beiden gerieten in einen heftigen Streit.</i> — “The two got into a fierce argument.”<br><br><b>Synonym:</b> <b>stark / intensiv / heftig ausgeprägt</b> depending on context<br><br><b>English:</b> <b>strong / intense / severe / fierce</b> · <b>French:</b> <b>violent / intense / fort / sévère</b> Useful nuance: <b>Heftig</b> emphasizes force or intensity and can sound more dramatic than <b>stark</b>. Depending on context, English equivalents include “severe” for pain, “fierce” for a dispute, and “heavy” for rain.<br><br><b>CEFR:</b> roughly <b>B1–B2</b>."
"etwas (Akkusativ) überschreiten","<b>Definition:</b> To cross from one side of a boundary, place, or line to the other; figuratively, to go beyond a limit, permitted amount, authority, or acceptable standard. Common objects include <i>eine Grenze</i>, <i>einen Fluss</i>, <i>eine Schwelle</i>, <i>ein Tempolimit</i>, and <i>seine Befugnisse</i>.<br><br><b>Grammar:</b> Strong, inseparable verb: <b>etwas (Akkusativ) überschreiten – überschritt – hat überschritten</b>. It takes a direct accusative object without a preposition: <i>eine Grenze überschreiten</i>, <i>das zulässige Gewicht überschreiten</i>. The related noun is <b>die Überschreitung</b> (“crossing / exceeding”).<br><br><b>Example:</b> <i>Wer die Grenze ohne Genehmigung überschreitet, muss mit einer Strafe rechnen.</i> — “Anyone who crosses the border without permission must expect a penalty.” Another example: <i>Mit dieser Entscheidung hat er seine Befugnisse überschritten.</i> — “With this decision, he exceeded his authority.”<br><br><b>Synonym:</b> <b>überqueren / übersteigen / hinausgehen über</b> depending on context<br><br><b>English:</b> <b>cross / exceed / overstep</b> · <b>French:</b> <b>franchir / dépasser / outrepasser</b> Useful nuance: For a physical route, <b>überschreiten</b> is more formal than <b>überqueren</b>. For limits, rules, or authority, it means “exceed” or “overstep”; <b>verletzen</b> emphasizes breaking a rule, while <b>überschreiten</b> emphasizes going beyond a boundary.<br><br><b>CEFR:</b> roughly <b>B2</b>."
"funkeln","<b>Definition:</b> To shine with many small, bright flashes of reflected or emitted light. It can describe stars, jewels, water, snow, or a person’s eyes; figuratively, it can suggest lively intelligence or strong feeling. <b>Funkelnd</b> means “sparkling,” “twinkling,” or “glittering.”<br><br><b>Grammar:</b> Weak verb: <b>funkeln – funkelte – hat gefunkelt</b>, usually used intransitively. A place or surface is commonly introduced with <b>in + dative</b>: <i>in der Sonne funkeln</i>, <i>in den Augen funkeln</i>. <b>Funkelnd</b> is the present participle (Partizip I), used adjectivally or adverbially: <i>funkelnde Sterne</i>, <i>Die Augen funkelten wütend</i>.<br><br><b>Example:</b> <i>Die Sterne funkelten am klaren Nachthimmel.</i> — “The stars twinkled in the clear night sky.” Another example: <i>Ihre Augen funkelten vor Begeisterung.</i> — “Her eyes sparkled with enthusiasm.”<br><br><b>Synonym:</b> <b>glitzern / glänzen / strahlen</b> depending on context<br><br><b>English:</b> <b>sparkle / glitter / twinkle</b>; <b>funkelnd:</b> <b>sparkling / glittering / twinkling</b> · <b>French:</b> <b>scintiller / étinceler / briller</b>; <b>funkelnd:</b> <b>scintillant / étincelant</b> Useful nuance: <b>Funkeln</b> emphasizes sharp, lively flashes of light. <b>Glitzern</b> often suggests glitter or many reflected points of light, while <b>glänzen</b> is broader and can simply mean “shine” or “be glossy.”<br><br><b>CEFR:</b> roughly <b>B1–B2</b>."
"losschlagen / auf jemanden/etwas (Akkusativ) losschlagen / etwas (Akkusativ) losschlagen","<b>Definition:</b> To begin attacking or hitting someone or something; by extension, to start a fight or begin an action. In the literal construction <b>etwas von etwas losschlagen</b>, it means to remove something by striking it loose. In colloquial commercial language, <b>etwas losschlagen</b> can also mean to sell or get rid of something.<br><br><b>Grammar:</b> Strong, separable verb: <b>losschlagen – schlug los – hat losgeschlagen</b>. For an attack, use <b>auf jemanden/etwas (Akkusativ) losschlagen</b>: <i>Die Truppen schlugen plötzlich auf den Gegner los</i>. For removing something, use <b>etwas (Akkusativ) von etwas (Dativ) losschlagen</b>: <i>den Putz von der Wand losschlagen</i>. As an intransitive verb, <b>losschlagen</b> means “to begin”: <i>Jetzt können wir losschlagen</i>.<br><br><b>Example:</b> <i>Die Angreifer schlugen ohne Warnung auf die Passanten los.</i> — “The attackers began hitting the passers-by without warning.” Another example: <i>Nach der kurzen Pause schlug die Mannschaft wieder los.</i> — “After the short break, the team started again.”<br><br><b>Synonym:</b> <b>angreifen / zuschlagen / den Kampf beginnen</b>; <b>etwas von etwas (Dativ) loslösen</b> in the literal sense<br><br><b>English:</b> <b>attack / strike out at / start fighting</b>; <b>knock loose / sell off</b> in other contexts · <b>French:</b> <b>attaquer / frapper / commencer le combat</b>; <b>détacher à coups de marteau / vendre</b> in other contexts Useful nuance: <b>Losschlagen</b> is separable: <i>Die Kämpfer schlagen los</i>. Do not confuse <b>auf jemanden losschlagen</b> (“to attack someone”) with <b>auf jemanden einschlagen</b> (“to beat someone repeatedly”); the latter emphasizes repeated blows.<br><br><b>CEFR:</b> roughly <b>B2–C1</b>."
"der Überfluss","<b>Definition:</b> A very large or more-than-sufficient quantity of something, especially food, goods, money, or other resources. It can also refer to an abundance of abstract things such as information, choices, or impressions.<br><br><b>Grammar:</b> Masculine noun: <b>der Überfluss</b>; it is usually used in the singular. Common constructions are <b>im Überfluss vorhanden sein</b> (“to be abundant”), <b>etwas im Überfluss haben</b> (“to have something in abundance”), and <b>im Überfluss leben</b> (“to live in abundance”). <b>Überfluss an + dative</b> introduces what is abundant: <i>ein Überfluss an Informationen</i>.<br><br><b>Example:</b> <i>In diesem Land gibt es Lebensmittel im Überfluss.</i> — “In this country, there is an abundance of food.” Another example: <i>Der Überfluss an Informationen kann die Orientierung erschweren.</i> — “The abundance of information can make it harder to find one’s way.”<br><br><b>Synonym:</b> <b>die Fülle / der Reichtum / die Überfülle</b> depending on context<br><br><b>English:</b> <b>abundance / excess / plenty</b> · <b>French:</b> <b>abondance / profusion / excès</b> Useful nuance: <b>Überfluss</b> can be neutral or positive when it means abundance, but it can also suggest excess or waste. <b>Fülle</b> often sounds more positive or literary, while <b>Überschuss</b> usually means an amount left over after a need has been met.<br><br><b>CEFR:</b> roughly <b>B2</b>."
"weich","<b>Definition:</b> Soft to the touch or easy to bend, press, or shape. Figuratively, it can describe a gentle sound, light, manner, or personality; for water, it can mean low in dissolved minerals, and for a boiled food, tender rather than firm.<br><br><b>Grammar:</b> Adjective, also used adverbially: <i>weiches Brot</i>, <i>Die Decke fühlt sich weich an</i>, <i>Sie sprach weich und ruhig</i>. Comparative: <b>weicher</b>; superlative: <b>am weichsten</b>. Common verb constructions are <b>weich werden</b> (“to become soft”), <b>etwas (Akkusativ) weich machen</b> (“to soften something”), and <b>etwas (Akkusativ) weich kochen</b> (“to cook something until tender”).<br><br><b>Example:</b> <i>Das Kissen ist weich und bequem.</i> — “The pillow is soft and comfortable.” Another example: <i>Die Musik setzte mit weichen, ruhigen Tönen ein.</i> — “The music began with soft, gentle notes.”<br><br><b>Synonym:</b> <b>zart / sanft / geschmeidig / mild</b> depending on context<br><br><b>English:</b> <b>soft / tender / gentle / mild</b> · <b>French:</b> <b>doux / tendre / souple / délicat</b> Useful nuance: <b>Weich</b> describes physical softness, while <b>sanft</b> more often describes a gentle manner, sound, movement, or touch. In <b>weiches Wasser</b>, it means water with little dissolved calcium and magnesium; <b>weiche Drogen</b> is an informal expression for drugs considered less harmful than “hard drugs.”<br><br><b>CEFR:</b> roughly <b>A2–B1</b> for the physical meaning; <b>B2</b> for figurative uses."
"gelangweilt sein / sich (Akkusativ) langweilen","<b>Definition:</b> Feeling that an activity or situation is uninteresting because it does not provide enough stimulation or engagement. <b>Gelangweilt</b> describes the person experiencing boredom; <b>langweilig</b> describes the thing that causes it.<br><br><b>Grammar:</b> <b>Gelangweilt</b> is the past participle of the weak verb <b>jemanden (Akkusativ) langweilen – langweilte – hat gelangweilt</b>, and it is often used as an adjective. The reflexive construction is <b>sich (Akkusativ) langweilen – langweilte sich – hat sich gelangweilt</b>. A cause can be introduced with <b>von + dative</b>: <i>von einer Aufgabe gelangweilt sein</i>. German also commonly says <b>jemandem (Dativ) ist langweilig</b>: <i>Mir ist langweilig</i> (“I am bored”).<br><br><b>Example:</b> <i>Die Kinder langweilten sich während des langen Vortrags.</i> — “The children were bored during the long lecture.” Another example: <i>Ich bin von dieser Wiederholung gelangweilt.</i> — “I am bored by this repetition.”<br><br><b>Synonym:</b> <b>desinteressiert / lustlos / unbeteiligt</b> depending on context<br><br><b>English:</b> <b>bored / bored with / uninterested</b> · <b>French:</b> <b>ennuyé / qui s’ennuie / désintéressé</b> Useful nuance: <b>Ich bin gelangweilt</b> means “I am bored,” while <b>Der Film ist langweilig</b> means “The film is boring.” <b>Ich bin langweilig</b> would usually mean “I am a boring person.”<br><br><b>CEFR:</b> roughly <b>A2–B1</b>."
"die Wucht","<b>Definition:</b> Great physical force or momentum, especially the force of an impact, blow, collision, or moving object. Figuratively, it describes the strength and effect of an emotion, argument, event, or public reaction.<br><br><b>Grammar:</b> Feminine noun: <b>die Wucht</b>; it is usually used in the singular. Common constructions include <b>mit voller Wucht</b> (“with full force”), <b>mit Wucht gegen etwas (Akkusativ) prallen/schlagen</b> (“to crash/hit against something with force”), <b>die Wucht des Aufpralls</b> (“the force of the impact”), and <b>die Wucht einer Reaktion</b> (“the force of a reaction”).<br><br><b>Example:</b> <i>Der Ball traf ihn mit voller Wucht am Kopf.</i> — “The ball hit him in the head with full force.” Another example: <i>Die Wucht des Sturms riss mehrere Bäume um.</i> — “The force of the storm knocked down several trees.”<br><br><b>Synonym:</b> <b>die Kraft / die Gewalt / die Heftigkeit / die Stoßkraft</b> depending on context<br><br><b>English:</b> <b>force / impact / power / sheer force</b> · <b>French:</b> <b>force / puissance / impact / violence</b> Useful nuance: <b>Wucht</b> emphasizes sudden, powerful force and often suggests a strong impact. <b>Kraft</b> is more general and can refer to strength or energy without implying a sudden blow; <b>Heftigkeit</b> emphasizes intensity, especially in reactions, arguments, or events.<br><br><b>CEFR:</b> roughly <b>B2</b>."
"die Ausrüstung","<b>Definition:</b> The equipment, tools, clothing, or other items needed for a particular activity, task, profession, journey, or operation. It can refer to a complete set of items or to the way a place or vehicle is equipped.<br><br><b>Grammar:</b> Feminine noun: <b>die Ausrüstung</b>; it is usually used as an uncountable singular noun, though <b>die Ausrüstungen</b> is possible when referring to several complete sets or types of equipment. Related verb: <b>jemanden/etwas (Akkusativ) mit etwas (Dativ) ausrüsten</b> (“to equip someone/something with something”) and reflexive <b>sich (Akkusativ) mit etwas (Dativ) ausrüsten</b> (“to equip oneself with something”). <b>Ausrüstung für + accusative</b> identifies the intended activity or use.<br><br><b>Example:</b> <i>Für die Bergtour brauchen wir warme Kleidung und eine gute Ausrüstung.</i> — “For the mountain tour, we need warm clothing and good equipment.” Another example: <i>Die Soldaten wurden mit neuer Schutzausrüstung ausgerüstet.</i> — “The soldiers were equipped with new protective gear.”<br><br><b>Synonym:</b> <b>die Ausstattung / das Equipment / das Gerät</b> depending on context<br><br><b>English:</b> <b>equipment / gear / kit / outfit</b> · <b>French:</b> <b>équipement / matériel / attirail / tenue</b> Useful nuance: <b>Ausrüstung</b> usually means the functional equipment needed for an activity. <b>Ausstattung</b> more often describes the furnishings, features, or standard fittings of a room, vehicle, or product; <b>Kleidung</b> refers specifically to clothing.<br><br><b>CEFR:</b> roughly <b>B1–B2</b>."
"die Anstrengung","<b>Definition:</b> The physical or mental effort required to do something difficult, or an attempt made to achieve a particular result. It can also refer to the strain or exertion caused by an activity.<br><br><b>Grammar:</b> Feminine noun: <b>die Anstrengung</b>; plural: <b>die Anstrengungen</b>. Common constructions include <b>mit großer Anstrengung</b> (“with great effort”), <b>eine Anstrengung unternehmen</b> (“to make an effort”), <b>sich bei etwas (Dativ) anstrengen</b> (“to make an effort at something”), and <b>sich (Akkusativ) anstrengen, etwas zu tun</b> (“to try hard to do something”). Related adjective: <b>anstrengend</b> (“strenuous / tiring”); related verb: <b>jemanden/etwas (Akkusativ) anstrengen</b> (“to strain or tire someone/something”).<br><br><b>Example:</b> <i>Mit großer Anstrengung schaffte sie es, den Gipfel zu erreichen.</i> — “With great effort, she managed to reach the summit.” Another example: <i>Du musst dich mehr anstrengen, wenn du die Prüfung bestehen willst.</i> — “You have to try harder if you want to pass the exam.”<br><br><b>Synonym:</b> <b>die Mühe / der Aufwand / die Anspannung / die Bemühung</b> depending on context<br><br><b>English:</b> <b>effort / exertion / strain / attempt</b> · <b>French:</b> <b>effort / exertion / tension / tentative</b> Useful nuance: <b>Anstrengung</b> focuses on the effort made or energy expended; <b>Mühe</b> often emphasizes difficulty or trouble, while <b>Aufwand</b> emphasizes the resources, time, or work invested. <b>Anstrengend</b> describes something that causes tiredness, whereas <b>angestrengt</b> describes someone exerting effort or appearing tense.<br><br><b>CEFR:</b> roughly <b>B1–B2</b>."
"auftreten / bei jemandem/etwas (Dativ) auftreten / als jemand/etwas (Nominativ) auftreten","<b>Definition:</b> To occur or arise, especially in reference to a problem, symptom, error, or phenomenon; to appear or perform in public; or to present oneself in a particular role or manner. It can also mean to step on or tread on something literally.<br><br><b>Grammar:</b> Strong, separable verb: <b>auftreten – trat auf – ist aufgetreten</b>. In the meaning “occur,” the event or problem is the nominative subject: <i>Ein Fehler tritt auf</i>. A symptom or problem can occur <b>bei jemandem/etwas (Dativ)</b>: <i>Bei ihm treten starke Schmerzen auf</i>. For public performance, use <b>vor jemandem (Dativ) auftreten</b> or <b>auf einer Bühne auftreten</b>. For a role or manner, use <b>als jemand/etwas auftreten</b>: <i>als Experte auftreten</i>. The present-tense prefix separates: <i>Das Problem tritt wieder auf</i>; the infinitive with <b>zu</b> is <b>aufzutreten</b>. The related noun <b>das Auftreten</b> means “appearance, conduct, or occurrence.”<br><br><b>Example:</b> <i>Bei älteren Geräten treten solche Fehler häufiger auf.</i> — “Such errors occur more often in older devices.” Another example: <i>Die Band tritt morgen vor einem großen Publikum auf.</i> — “The band is performing before a large audience tomorrow.”<br><br><b>Synonym:</b> <b>vorkommen / erscheinen / sich zeigen</b>; <b>auftreten:</b> <b>auftreten, eine Rolle spielen, auftreten vor Publikum</b> depending on context<br><br><b>English:</b> <b>occur / arise / appear / perform / present oneself</b> · <b>French:</b> <b>survenir / se manifester / apparaître / se produire / se présenter</b> Useful nuance: <b>Auftreten</b> is broader than <b>vorkommen</b>. <b>Vorkommen</b> mainly means “occur” or “be found,” while <b>auftreten</b> often highlights a problem or symptom becoming noticeable, or a person appearing in public or in a particular role. In <b>sicheres Auftreten</b>, the noun means “confident manner/presence.”<br><br><b>CEFR:</b> roughly <b>B1–B2</b>."
"jener / jene / jenes","<b>Definition:</b> A demonstrative determiner or pronoun meaning “that / that one,” referring to a person or thing farther away, previously mentioned, or contrasted with another.<br><br><b>Grammar:</b> <b>Jenem</b> is the <b>dative masculine or neuter singular</b> form: <i>mit jenem Mann</i>, <i>in jenem Jahr</i>, <i>zu jenem Ergebnis</i>. Forms include <b>jener</b> (masculine nominative), <b>jene</b> (feminine nominative/accusative and plural), <b>jenes</b> (neuter nominative/accusative), <b>jenen</b> (masculine accusative and plural dative), <b>jenem</b> (masculine/neuter dative), <b>jener</b> (feminine dative), and <b>jener</b> (genitive feminine). It can stand before a noun (<i>jenem Haus</i>) or independently as a pronoun (<i>mit jenem</i>). <b>Mit</b>, <b>bei</b>, and <b>zu</b> always take the dative; <b>in</b> takes the dative when it indicates location.<br><br><b>Example:</b> <i>In jenem Jahr begann seine berufliche Laufbahn.</i> — “In that year, his professional career began.” Another example: <i>Er sprach mit jenem, der die Entscheidung getroffen hatte.</i> — “He spoke with the one who had made the decision.”<br><br><b>Synonym:</b> <b>der betreffende / der zuvor genannte / derjenige</b> depending on context<br><br><b>English:</b> <b>that / that one / the aforementioned</b> · <b>French:</b> <b>ce/cet…-là / celui-là / ledit</b> Useful nuance: <b>Jener</b> often contrasts with <b>dieser</b>: <i>dieser Mann und jener Mann</i> (“this man and that man”). In everyday speech, German often uses <b>der/die/das</b> or <b>derjenige/diejenige/dasjenige</b> instead; <b>jener</b> can sound formal, literary, or old-fashioned.<br><br><b>CEFR:</b> roughly <b>B1–B2</b>; frequent in formal or literary writing."
"die Altlast","<b>Definition:</b> A burden or problem left over from the past. In environmental and construction contexts, <b>Altlasten</b> are contaminated sites, polluted soil, or hazardous waste from former industrial or commercial use. Figuratively, the word refers to unresolved problems, debts, obligations, or political issues inherited from an earlier period.<br><br><b>Grammar:</b> Feminine noun: <b>die Altlast</b>; plural: <b>die Altlasten</b>. Common constructions include <b>Altlasten beseitigen/sanieren</b> (“remediate old contaminated sites”), <b>mit Altlasten belastet sein</b> (“be burdened with past problems”), and <b>Altlasten aus der Vergangenheit</b> (“burdens from the past”). The compound combines <b>alt</b> (“old”) and <b>die Last</b> (“burden”).<br><br><b>Example:</b> <i>Auf dem Gelände wurden gefährliche Altlasten im Boden gefunden.</i> — “Dangerous legacy contamination was found in the soil at the site.” Another example: <i>Die neue Regierung muss zahlreiche politische Altlasten bewältigen.</i> — “The new government has to deal with numerous political burdens inherited from the past.”<br><br><b>Synonym:</b> <b>die Hinterlassenschaft / die alte Belastung / der Problemfall</b> depending on context<br><br><b>English:</b> <b>legacy contamination / contaminated site / environmental liability</b>; figuratively <b>legacy problem / burden from the past</b> · <b>French:</b> <b>pollution héritée / site contaminé / passif environnemental</b>; figuratively <b>séquelle du passé / lourd héritage</b> Useful nuance: In environmental language, <b>Altlast</b> is a technical legal term for contamination caused by earlier activity. In general or political language, <b>Altlasten</b> is metaphorical and means unresolved burdens carried over from the past.<br><br><b>CEFR:</b> roughly <b>B2–C1</b>."
"die Belästigung","<b>Definition:</b> Unwanted behavior that annoys, disturbs, troubles, or pressures someone. In legal and social contexts, it can refer to harassment, including sexual harassment, repeated unwanted contact, or intrusive conduct.<br><br><b>Grammar:</b> Feminine noun: <b>die Belästigung</b>; plural: <b>die Belästigungen</b>. It is derived from <b>jemanden (Akkusativ) belästigen – belästigte – hat belästigt</b>. Common constructions include <b>jemanden mit etwas (Dativ) belästigen</b> (“to bother someone with something”), <b>sexuelle Belästigung</b>, and <b>wegen Belästigung angezeigt werden</b> (“be reported for harassment”).<br><br><b>Example:</b> <i>Die wiederholten Anrufe empfand sie als Belästigung.</i> — “She regarded the repeated calls as harassment.” Another example: <i>Sexuelle Belästigung am Arbeitsplatz ist nicht akzeptabel.</i> — “Sexual harassment in the workplace is unacceptable.”<br><br><b>Synonym:</b> <b>die Störung / die Behelligung / die Schikane / die Bedrängung</b> depending on context<br><br><b>English:</b> <b>harassment / nuisance / annoyance / molestation</b> depending on context · <b>French:</b> <b>harcèlement / importunité / nuisance</b> Useful nuance: <b>Belästigung</b> means unwanted disturbance or harassment. <b>Belastung</b> means a burden or strain, such as work, costs, pressure, or responsibility: <b>die Belastung durch hohe Kosten</b>. The two nouns are not interchangeable.<br><br><b>CEFR:</b> roughly <b>B2</b>."
"der Lokschuppen","<b>Definition:</b> A railway building used to shelter, inspect, maintain, or repair locomotives. Traditionally, a <b>Lokschuppen</b> was a covered shed where steam locomotives could be stored and serviced.<br><br><b>Grammar:</b> Masculine compound noun: <b>der Lokschuppen</b>; plural: <b>die Lokschuppen</b>. It is formed from <b>die Lokomotive</b> (shortened to <b>Lok-</b>) and <b>der Schuppen</b> (“shed”). The standard spelling is <b>Lokschuppen</b>; <b>Lockschuppen</b> with <b>ck</b> is a common misspelling.<br><br><b>Example:</b> <i>Die alte Dampflok steht heute in einem restaurierten Lokschuppen.</i> — “The old steam locomotive is now housed in a restored engine shed.”<br><br><b>Synonym:</b> <b>der Lokschuppen / das Bahnbetriebsgebäude</b><br><br><b>English:</b> <b>engine shed / locomotive shed / locomotive depot</b> · <b>French:</b> <b>rotonde ferroviaire / dépôt de locomotives</b> Useful nuance: The standard German spelling is <b>Lokschuppen</b>, with one <b>k</b>, because it is shortened from <b>Lokomotive</b>. <b>Lockschuppen</b> is not the standard form.<br><br><b>CEFR:</b> specialized railway vocabulary, roughly <b>B2</b>."
"etwas (Akkusativ) an etwas (Akkusativ) anschließen / sich (Akkusativ) jemandem/etwas (Dativ) anschließen","<b>Definition:</b> To connect or attach one thing to another, especially a device to a power source or network; reflexively, to join a person, group, movement, or opinion. <b>Angeschlossen</b> can also mean “connected,” “affiliated,” or, in the phrase <b>im Anschluss</b>, “afterward / following.”<br><br><b>Grammar:</b> Separable strong verb: <b>anschließen – schloss an – hat angeschlossen</b>. For connecting an object, use <b>etwas (Akkusativ) an etwas (Akkusativ) anschließen</b>: <i>einen Drucker an den Computer anschließen</i>. Reflexive <b>sich (Akkusativ) jemandem/etwas (Dativ) anschließen</b> means “to join/follow someone or something”: <i>sich einer Gruppe anschließen</i>. <b>Angeschlossen</b> is the past participle and can be used adjectivally: <i>das angeschlossene Gerät</i>. The phrase <b>im Anschluss an + accusative</b> means “following / after.”<br><br><b>Example:</b> <i>Der Techniker hat den Router an das Modem angeschlossen.</i> — “The technician connected the router to the modem.” Another example: <i>Nach der Rede schloss sie sich den Demonstrierenden an.</i> — “After the speech, she joined the demonstrators.”<br><br><b>Synonym:</b> <b>verbinden / anschalten / sich anschließen</b> depending on context<br><br><b>English:</b> <b>connect / attach / join</b>; <b>angeschlossen:</b> <b>connected / affiliated / adjoining</b> · <b>French:</b> <b>raccorder / brancher / rejoindre</b>; <b>connecté / affilié</b> Useful nuance: In the technical construction, <b>an + accusative</b> identifies what the device is connected to. Reflexive <b>sich jemandem anschließen</b> uses the dative for the person or group joined. <b>Anschließend</b> (with <i>-end</i>) is a different word meaning “afterward / next.”<br><br><b>CEFR:</b> roughly <b>B1–B2</b>."
"jemanden (Akkusativ) verhätscheln","<b>Definition:</b> To care for or indulge someone, especially a child, excessively and protectively, often in a way that may hinder their independence. <b>Verhätschelt</b> is the past participle and can describe someone who has received this kind of treatment.<br><br><b>Grammar:</b> Weak, inseparable verb: <b>jemanden (Akkusativ) verhätscheln – verhätschelte – hat verhätschelt</b>. The person receiving the excessive care is the accusative object. Passive or adjectival use: <b>von jemandem (Dativ) verhätschelt werden/sein</b>. The correct spelling is <b>verhätscheln / verhätschelt</b>, with <b>ä</b> after <b>h</b>; <b>verhältschelt</b> is a misspelling.<br><br><b>Example:</b> <i>Seine Großeltern haben ihn als Kind sehr verhätschelt.</i> — “His grandparents pampered him a lot as a child.” Another example: <i>Das verhätschelte Kind durfte kaum etwas selbst entscheiden.</i> — “The pampered child was hardly allowed to decide anything for itself.”<br><br><b>Synonym:</b> <b>verwöhnen / verzärteln / übermäßig umsorgen</b><br><br><b>English:</b> <b>coddle / pamper / mollycoddle</b>; <b>verhätschelt:</b> <b>pampered / coddled</b> · <b>French:</b> <b>couver / gâter / dorloter</b>; <b>verhätschelt:</b> <b>gâté / choyé</b> Useful nuance: <b>Verhätscheln</b> implies excessive, overprotective affection and often carries a mildly critical tone. <b>Verwöhnen</b> can be positive (“to spoil someone with kindness or treats”), while <b>verhätscheln</b> suggests someone is being treated too delicately.<br><br><b>CEFR:</b> roughly <b>B2</b>."
"der Kreislauf","<b>Definition:</b> A system or process in which something circulates or repeatedly returns to its starting point. It commonly refers to the circulation of blood in the body, a recurring sequence of events, or an economic, natural, or technical cycle. In everyday speech, <b>der Kreislauf</b> can also mean one’s circulation or circulatory system.<br><br><b>Grammar:</b> Masculine noun: <b>der Kreislauf</b>; plural: <b>die Kreisläufe</b>. Common compounds include <b>der Blutkreislauf</b>, <b>der Wasserkreislauf</b>, and <b>der Wirtschaftskreislauf</b>. Common expressions: <b>der Kreislauf kommt in Schwung</b> (“the circulation gets going”), <b>Kreislaufprobleme haben</b> (“have circulation problems”), <b>den Kreislauf anregen</b> (“stimulate the circulation”), and <b>etwas in Umlauf bringen</b> (“put something into circulation”).<br><br><b>Example:</b> <i>Nach dem Aufstehen wurde ihr schwindelig, weil ihr Kreislauf noch nicht richtig in Schwung war.</i> — “She felt dizzy after getting up because her circulation had not fully got going yet.” Another example: <i>Der Wasserkreislauf verbindet Meere, Atmosphäre und Land.</i> — “The water cycle connects the oceans, atmosphere, and land.”<br><br><b>Synonym:</b> <b>der Zyklus / der Umlauf / der Blutkreislauf</b> depending on context<br><br><b>English:</b> <b>circulation / circulatory system / cycle / circuit</b> · <b>French:</b> <b>circulation / système circulatoire / cycle / circuit</b> Useful nuance: In <b>mein Kreislauf</b>, the word often refers broadly to blood circulation and how it affects how one feels. <b>Zyklus</b> emphasizes a recurring sequence, while <b>Umlauf</b> often means circulation or movement around a route.<br><br><b>CEFR:</b> roughly <b>B1–B2</b>."
"der Schwung","<b>Definition:</b> A movement with force or momentum; the energy, drive, or liveliness that carries an activity forward; or a rounded, energetic style. In grammar, <b>Schwung</b> is an inflected form of <b>der Schwung</b> in the phrase <b>mit Schwung</b> and is not itself a grammatical term.<br><br><b>Grammar:</b> Masculine noun: <b>der Schwung</b>; plural: <b>die Schwünge</b>. Common expressions include <b>mit Schwung</b> (“with momentum / energetically”), <b>in Schwung kommen/geraten</b> (“get going”), <b>etwas in Schwung bringen</b> (“get something moving”), <b>jemandem Schwung verleihen</b> (“give someone/something momentum”), and <b>Schwung holen</b> (“gather momentum / take a running start”).<br><br><b>Example:</b> <i>Nach einer langsamen Anfangsphase kam das Projekt endlich in Schwung.</i> — “After a slow start, the project finally got going.” Another example: <i>Mit einem kräftigen Schwung warf er den Ball über das Netz.</i> — “With a powerful swing, he threw the ball over the net.”<br><br><b>Synonym:</b> <b>der Elan / die Dynamik / der Schwung</b> for momentum; <b>der Satzteil / die Wortgruppe</b> in grammar<br><br><b>English:</b> <b>momentum / energy / drive / swing / flourish</b> · <b>French:</b> <b>élan / dynamisme / énergie / mouvement / coup</b> Useful nuance: <b>Schwung</b> can mean physical momentum or figurative energy and forward progress. <b>Elan</b> focuses more on enthusiasm, while <b>Dynamik</b> describes force or activity within a process. In <b>mit Schwung</b>, it means “energetically” or “with momentum.”<br><br><b>CEFR:</b> roughly <b>B1–B2</b>."
"sich (Akkusativ) an jemanden/etwas (Akkusativ) wenden","<b>Definition:</b> To contact, address, or appeal to a person or organization, usually to ask for help, information, advice, or action. Literally, <b>sich wenden</b> can also mean to turn toward someone or something.<br><br><b>Grammar:</b> In this sense, <b>wenden</b> is a strong, reflexive verb: <b>sich (Akkusativ) an jemanden/etwas (Akkusativ) wenden – wandte sich – hat sich gewandt</b>. The common alternative forms <b>wendete sich / hat sich gewendet</b> also occur. <b>Wandte</b> is the third-person singular Präteritum (“he/she turned or addressed”). <b>An + accusative</b> identifies the person or body addressed: <i>sich an den Kundendienst wenden</i>. A request can be expressed with <b>mit + dative</b> (<i>sich mit einer Frage an jemanden wenden</i>) or <b>um + accusative</b> (<i>sich um Hilfe an jemanden wenden</i>). In a literal directional use, <b>sich zu jemandem/etwas (Dativ) wenden</b> means “turn toward someone/something.”<br><br><b>Example:</b> <i>Bei weiteren Fragen wenden Sie sich bitte an unseren Kundendienst.</i> — “If you have further questions, please contact our customer service.” Another example: <i>Sie wandte sich mit einer Bitte an ihren Nachbarn.</i> — “She turned to her neighbor with a request.”<br><br><b>Synonym:</b> <b>sich an jemanden wenden: jemanden kontaktieren / jemanden um etwas bitten / eine Frage an jemanden richten</b><br><br><b>English:</b> <b>turn to / contact / address / appeal to</b> · <b>French:</b> <b>s’adresser à / se tourner vers / contacter</b> Useful nuance: In <b>sich an jemanden wenden</b>, the reflexive pronoun is accusative and <b>an</b> takes the accusative. This is a common polite or formal way to say “contact” or “ask someone.” The principal parts for this use are <b>wandte sich – hat sich gewandt</b>; <b>wendete sich – hat sich gewendet</b> is also accepted. [Duden conjugation](https://www.duden.de/konjugation/wenden)<br><br><b>CEFR:</b> roughly <b>B1–B2</b>."
"jemandem (Dativ) etwas (Akkusativ) erwidern","<b>Definition:</b> To reply or respond to someone, often with a remark, question, objection, or gesture. It can also mean to return a feeling or action, as in <b>jemandes Liebe erwidern</b> (“to return someone’s love”).<br><br><b>Grammar:</b> Weak, inseparable verb: <b>erwidern – erwiderte – hat erwidert</b>. The reply or thing returned is usually the accusative object: <b>jemandem (Dativ) etwas (Akkusativ) erwidern</b> (<i>ihr eine Frage erwidern</i>). The dative person is sometimes omitted: <i>Er erwiderte nichts</i>. A direct quotation or clause can follow: <i>Sie erwiderte, dass sie keine Zeit habe</i>. Common patterns include <b>auf etwas ( Akkusativ) erwidern</b> (“to reply to something”) and <b>jemandes Gefühl/Liebe (Akkusativ) erwidern</b> (“to return someone’s feeling/love”).<br><br><b>Example:</b> <i>„Das stimmt nicht“, erwiderte sie ruhig.</i> — “‘That isn’t true,’ she replied calmly.” Another example: <i>Er erwiderte ihre Zuneigung.</i> — “He returned her affection.”<br><br><b>Synonym:</b> <b>antworten / entgegnen / zurückgeben</b> depending on context<br><br><b>English:</b> <b>reply / respond / retort / return</b> · <b>French:</b> <b>répliquer / répondre / rendre</b> Useful nuance: <b>Erwidern</b> is often used in written narratives and can sound more formal than <b>antworten</b>. With a quoted remark, it means “reply/retort”; with a feeling, it means to feel the same in return. The common construction <b>jemandem auf etwas erwidern</b> uses a dative person and <b>auf + accusative</b> for the statement or point being answered.<br><br><b>CEFR:</b> roughly <b>B2</b>."
"die Faust","<b>Definition:</b> A hand with the fingers curled tightly into the palm, usually with the thumb outside. A fist can be used to strike, express anger or determination, or represent solidarity and resistance.<br><br><b>Grammar:</b> Feminine noun: <b>die Faust</b>; plural: <b>die Fäuste</b>. Common expressions include <b>die Faust ballen</b> (“clench one’s fist”), <b>mit der Faust auf den Tisch schlagen</b> (“bang one’s fist on the table”), <b>jemandem mit der Faust drohen</b> (“threaten someone with a fist”), and <b>die Faust erheben</b> (“raise one’s fist”).<br><br><b>Example:</b> <i>Vor Wut ballte er die Fäuste.</i> — “He clenched his fists in anger.” Another example: <i>Sie schlug mit der Faust auf den Tisch.</i> — “She banged her fist on the table.”<br><br><b>Synonym:</b> <b>die geballte Hand / die Hand zur Faust</b><br><br><b>English:</b> <b>fist</b> · <b>French:</b> <b>poing</b> Useful nuance: <b>Die Faust ballen</b> can be a physical gesture of anger or resolve. In <b>mit der Faust kämpfen</b>, it refers to punching; in expressions such as <b>mit eiserner Faust regieren</b>, it is figurative (“rule with an iron fist”).<br><br><b>CEFR:</b> roughly <b>A2–B1</b>."
"die Hüfte","<b>Definition:</b> The side part of the body between the waist and the upper thigh, around the hip joint. The plural often refers to both sides of the body or the body’s outline at hip level.<br><br><b>Grammar:</b> Feminine noun: <b>die Hüfte</b>; plural: <b>die Hüften</b>. Common constructions include <b>Schmerzen in der Hüfte haben</b> (“have hip pain”), <b>jemanden an der Hüfte festhalten</b> (“hold someone by the hip”), <b>die Hände in die Hüften stemmen</b> (“put one’s hands on one’s hips”), and <b>auf der Hüfte tragen</b> (“carry on the hip”).<br><br><b>Example:</b> <i>Nach dem Sturz hatte sie starke Schmerzen in der Hüfte.</i> — “After the fall, she had severe pain in her hip.” Another example: <i>Er stemmte die Hände in die Hüften und wartete.</i> — “He put his hands on his hips and waited.”<br><br><b>Synonym:</b> <b>das Hüftgelenk</b> when referring specifically to the joint; <b>die Beckenseite</b> in some anatomical contexts<br><br><b>English:</b> <b>hip / hips</b> · <b>French:</b> <b>hanche / hanches</b> Useful nuance: <b>Hüfte</b> refers to the outer hip area and joint; <b>Becken</b> is the pelvis, the larger bony structure. The plural <b>Hüften</b> is common when referring to both hips or their shape.<br><br><b>CEFR:</b> roughly <b>A2</b>."
"sich (Akkusativ) umsehen / sich (Akkusativ) nach jemandem/etwas (Dativ) umsehen","<b>Definition:</b> To look around, inspect one’s surroundings, or turn one’s gaze from place to place. With <b>nach + dative</b>, it means to look or search for someone or something, including looking for a job, home, or opportunity.<br><br><b>Grammar:</b> Separable, reflexive verb: <b>sich umsehen – sah sich um – hat sich umgesehen</b>. The reflexive pronoun is accusative: <b>ich sehe mich um</b>. Common patterns: <b>sich (Akkusativ) irgendwo umsehen</b> (<i>sich im Raum umsehen</i>, with dative after <b>in</b> for location) and <b>sich (Akkusativ) nach jemandem/etwas (Dativ) umsehen</b> (<i>sich nach einer Wohnung umsehen</i>). The prefix separates in a main clause: <i>Sie sieht sich um</i>; with <b>zu</b>, it is <b>sich umzusehen</b>.<br><br><b>Example:</b> <i>Bevor sie eine Wohnung mieteten, sahen sie sich in der Gegend um.</i> — “Before renting an apartment, they looked around the area.” Another example: <i>Er sieht sich nach einer neuen Stelle um.</i> — “He is looking for a new job.”<br><br><b>Synonym:</b> <b>sich umschauen / sich umblicken / nach etwas suchen</b> depending on context<br><br><b>English:</b> <b>look around / look about / look for</b> · <b>French:</b> <b>regarder autour de soi / chercher / se renseigner pour trouver</b> Useful nuance: <b>Sich umsehen</b> alone means to look around; <b>sich nach etwas umsehen</b> means to look for something. <b>Sich umschauen</b> is a common near-synonym, while <b>suchen</b> more directly means “search for.”<br><br><b>CEFR:</b> roughly <b>B1–B2</b>."
"der Einwand","<b>Definition:</b> An objection or argument raised against a statement, proposal, plan, or decision. It is usually a reasoned point of disagreement rather than simply a refusal.<br><br><b>Grammar:</b> Masculine noun: <b>der Einwand</b>; plural: <b>die Einwände</b>. Common constructions include <b>einen Einwand gegen etwas (Akkusativ) haben/erheben</b> (“have/raise an objection to something”), <b>Einwände gegen einen Vorschlag vorbringen</b> (“raise objections to a proposal”), and <b>keine Einwände haben</b> (“have no objections”). The related verb is <b>einwenden – wandte ein – hat eingewandt</b>, often with a quoted clause or <b>dass</b> clause: <i>Sie wandte ein, dass …</i>.<br><br><b>Example:</b> <i>Gegen den Vorschlag wurden mehrere Einwände erhoben.</i> — “Several objections were raised against the proposal.” Another example: <i>Ich habe keinen Einwand gegen diesen Plan.</i> — “I have no objection to this plan.”<br><br><b>Synonym:</b> <b>der Widerspruch / die Gegenrede / der Vorbehalt</b> depending on context<br><br><b>English:</b> <b>objection / reservation / counterargument</b> · <b>French:</b> <b>objection / réserve / contre-argument</b> Useful nuance: <b>Einwand</b> usually names a specific argument against something. <b>Widerspruch</b> can be a broader contradiction or expression of disagreement, while <b>Vorbehalt</b> often signals hesitation or a condition that limits approval.<br><br><b>CEFR:</b> roughly <b>B2</b>."
"die Kneipe","<b>Definition:</b> A pub or informal bar where people meet to drink and socialize, often in a relaxed, familiar atmosphere. A Kneipe primarily serves drinks, especially beer, and may also offer simple food.<br><br><b>Grammar:</b> Feminine noun: <b>die Kneipe</b>; plural: <b>die Kneipen</b>. Common constructions: <b>in einer Kneipe (Dativ) sitzen</b> (“sit in a pub”), <b>in eine Kneipe (Akkusativ) gehen</b> (“go to a pub”), and <b>sich (Akkusativ) mit jemandem (Dativ) in einer Kneipe (Dativ) treffen</b> (“meet someone in a pub”). With <b>in</b>, the dative indicates location and the accusative indicates a destination. Related compound: <b>die Stammkneipe</b> (“one’s regular pub / local”).<br><br><b>Example:</b> <i>Nach der Arbeit trafen wir uns in einer kleinen Kneipe.</i> — “After work, we met in a small pub.” Another example: <i>Heute Abend gehen wir in eine Kneipe um die Ecke.</i> — “This evening, we’re going to a pub around the corner.”<br><br><b>Synonym:</b> <b>die Gaststätte / das Lokal / die Bar</b> depending on context<br><br><b>English:</b> <b>pub / bar / tavern</b> · <b>French:</b> <b>bistrot / bar / troquet</b> Useful nuance: <b>Kneipe</b> is informal and often suggests a simple, welcoming neighborhood pub; it need not be derogatory. <b>Gaststätte</b> is a broader, more neutral term, while <b>Restaurant</b> emphasizes meals. <b>Stammkneipe</b> refers to a pub someone visits regularly.<br><br><b>CEFR:</b> roughly <b>A2–B1</b>."
"der Wirt","<b>Definition:</b> A person who runs a pub, inn, or restaurant and receives or serves its guests. The word describes the operator, who does not necessarily own the building. In biology, a Wirt is a host organism in or on which a parasite lives.<br><br><b>Grammar:</b> Masculine noun: <b>der Wirt</b>; plural: <b>die Wirte</b>. Feminine: <b>die Wirtin</b>; plural: <b>die Wirtinnen</b>. Genitive singular: <b>des Wirts / des Wirtes</b>; dative: <b>dem Wirt</b>; accusative: <b>den Wirt</b>. Common constructions: <b>beim Wirt (bei + Dativ) bezahlen</b> (“pay the innkeeper”), <b>den Wirt (Akkusativ) nach etwas (Dativ) fragen</b> (“ask the innkeeper about something”), and <b>der Wirt einer Gaststätte (Genitiv)</b> (“the operator of an inn or restaurant”).<br><br><b>Example:</b> <i>Der Wirt begrüßte uns und brachte uns an einen freien Tisch.</i> — “The innkeeper welcomed us and showed us to an available table.” Another example: <i>Die Wirtin kennt die meisten Gäste persönlich.</i> — “The pub landlady knows most of the guests personally.”<br><br><b>Synonym:</b> <b>der Gastwirt / der Gaststättenbetreiber</b>; in biology <b>der Wirtsorganismus</b><br><br><b>English:</b> <b>innkeeper / publican / pub landlord / proprietor</b>; in biology <b>host</b> · <b>French:</b> <b>aubergiste / patron de café ou de restaurant</b>; in biology <b>hôte</b> Useful nuance: <b>Wirt</b> refers to the person running the establishment; <b>der Kellner / die Kellnerin</b> refers to someone serving guests. For the host of a private gathering, <b>der Gastgeber / die Gastgeberin</b> is usual. <b>Die Rechnung ohne den Wirt machen</b> means to make plans without accounting for someone whose involvement or agreement is essential.<br><br><b>CEFR:</b> roughly <b>B1–B2</b> for the everyday meaning."
"wider Willen","<b>Definition:</b> Against one's wishes or intentions; unwillingly or involuntarily. It can describe being made to do something one does not want to do, or an unintentional reaction such as smiling despite oneself.<br><br><b>Grammar:</b> Fixed adverbial expression. <b>Wider</b> is a preposition meaning “against” and takes the <b>Akkusativ</b>. <b>Willen</b> is the accusative singular of <b>der Wille</b> (“will / intention”): <b>den Willen</b>. The fixed phrase normally has no article: <b>wider Willen</b>. A possessive determiner can specify whose wishes are opposed: <b>wider meinen/deinen/seinen/ihren Willen</b>. The everyday equivalent is <b>gegen meinen Willen</b>.<br><br><b>Example:</b> <i>Wider Willen musste sie über seinen Witz lachen.</i> — “Despite herself, she had to laugh at his joke.” Another example: <i>Er wurde wider seinen Willen zum Sprecher der Gruppe gewählt.</i> — “He was elected spokesperson for the group against his will.”<br><br><b>Synonym:</b> <b>gegen den eigenen Willen / unfreiwillig / ungewollt</b> depending on context<br><br><b>English:</b> <b>against one's will / unwillingly / involuntarily / despite oneself</b> · <b>French:</b> <b>contre son gré / malgré soi / involontairement</b> Useful nuance: <b>Wider Willen</b> can describe an involuntary reaction, whereas <b>widerwillig</b> (“reluctantly”) emphasizes doing something with reluctance. Write <b>wider</b> (“against”), not <b>wieder</b> (“again”); <b>Willen</b> is capitalized because it is a noun.<br><br><b>CEFR:</b> roughly <b>B2–C1</b>; often literary or formal."
"der Bauchansatz","<b>Definition:</b> The beginnings of a paunch: a slight, noticeable protrusion or rounding of the belly. The word often appears in descriptions of a person's physique and suggests a modest rather than a very pronounced belly.<br><br><b>Grammar:</b> Masculine compound noun: <b>der Bauchansatz</b>; plural: <b>die Bauchansätze</b>; genitive singular: <b>des Bauchansatzes</b>. Formed from <b>der Bauch</b> (“belly”) and <b>der Ansatz</b> (“beginning / first signs” in this context). Common constructions: <b>einen Bauchansatz (Akkusativ) haben/bekommen</b> (“have/develop a slight paunch”), <b>ein leichter Bauchansatz</b>, and <b>mit einem kleinen Bauchansatz ( Dativ)</b> (“with a slight paunch”).<br><br><b>Example:</b> <i>Unter seinem Hemd zeichnete sich ein leichter Bauchansatz ab.</i> — “A slight paunch showed beneath his shirt.”<br><br><b>Synonym:</b> <b>das Bäuchlein / der kleine Bauch</b> depending on context<br><br><b>English:</b> <b>slight paunch / beginnings of a potbelly / small belly</b> · <b>French:</b> <b>début de ventre / petit ventre / légère bedaine</b> Useful nuance: <b>Ansatz</b> emphasizes the first signs or a small degree of something. <b>Bauchansatz</b> therefore suggests a slight protruding belly. <b>Bäuchlein</b> is a diminutive that can sound affectionate or playful, whereas <b>Bauchansatz</b> is more descriptive.<br><br><b>CEFR:</b> roughly <b>B2</b>."
"zerschunden","<b>Definition:</b> Covered in scrapes, grazes, or abrasions, usually on the skin after a fall, rough work, or contact with thorns, rocks, or other sharp surfaces. By extension, it can describe something badly battered or worn, such as a landscape, a building, or, figuratively, a person's soul or body after long suffering.<br><br><b>Grammar:</b> Past participle of the strong, inseparable verb <i>zerschinden</i> – <i>zerschund</i> – <i>hat zerschunden</i>. It is used almost only as a participle or adjective, and the finite verb forms are rare. It can be used predicatively (<i>Seine Hände waren zerschunden</i>) or declined before a noun (<i>zerschundene Knie</i>, <i>mit zerschundenen Händen</i>). The cause can be given with <i>von</i> + Dativ (<i>von den Dornen zerschunden</i>). It is related to <i>schinden</i> (""to maltreat / flay"") and its participle <i>geschunden</i>.<br><br><b>Example:</b> <i>Nach dem Sturz vom Fahrrad waren seine Knie völlig zerschunden.</i> — ""After falling off his bike, his knees were scraped raw."" <b>Another example:</b> <i>Die Stadt war vom langen Krieg zerschunden.</i> — ""The city was battered by the long war.""<br><br><b>Synonym:</b> aufgeschürft / verschrammt / zerkratzt / übel zugerichtet, depending on context<br><br><b>English:</b> scraped / grazed / skinned / scratched all over / battered <b>French:</b> écorché / égratigné / meurtri / esquinté <b>Useful nuance:</b> The prefix <i>zer-</i> emphasizes damage spread over a whole surface, so <i>zerschunden</i> suggests many scrapes rather than a single one. <i>Geschunden</i> is related but different: it means mistreated, tormented, or worked to exhaustion (<i>geschundene Tiere</i>, <i>die geschundene Kreatur</i>). <i>Zerkratzt</i> is neutral and often used for objects (<i>ein zerkratzter Tisch</i>). <i>Aufgeschürft</i> usually describes one specific graze (<i>ein aufgeschürftes Knie</i>).<br><br><b>CEFR:</b> roughly C1; common in narrative and descriptive writing."
"jemanden/etwas (Akkusativ) anstarren","<b>Definition:</b> To look at someone or something fixedly and for a long time, often with wide, unblinking eyes. It can express surprise, disbelief, fascination, hostility, or absent-mindedness. When directed at a person, it is often felt as intrusive or rude.<br><br><b>Grammar:</b> Weak, separable verb: <i>anstarren</i> – <i>starrte an</i> – <i>hat angestarrt</i>. The person or thing stared at is the direct accusative object: <i>Er starrte mich an.</i> The prefix separates in a main clause (<i>Sie starrt ihn an</i>), and the infinitive with <i>zu</i> is <i>anzustarren</i>. Manner is often added with an adverb: <i>jemanden ungläubig / entgeistert / mit großen Augen anstarren</i>. The base verb <i>starren</i> takes a preposition instead of a direct object: <i>auf etwas (Akkusativ) starren</i> (""stare at something"") or <i>ins Leere starren</i> (""stare into space"").<br><br><b>Example:</b> <i>Die Kinder starrten den Zauberer mit offenem Mund an.</i> — ""The children stared at the magician open-mouthed."" <b>Another example:</b> <i>Hör auf, die Leute am Nachbartisch anzustarren!</i> — ""Stop staring at the people at the next table!""<br><br><b>Synonym:</b> anglotzen (colloquial) / anstieren / fixieren / unverwandt ansehen, depending on context<br><br><b>English:</b> stare at / gaze at / gape at <b>French:</b> fixer / dévisager / regarder fixement <b>Useful nuance:</b> <i>Anstarren</i> is stronger and longer than <i>ansehen</i> or <i>anschauen</i> (""look at"") and is often impolite when aimed at people. <i>Anglotzen</i> is colloquial and more openly rude, like ""gawk at."" <i>Fixieren</i> is more deliberate or clinical, like ""fix one's gaze on."" Use <i>anstarren</i> with a direct object (<i>den Bildschirm anstarren</i>) or <i>starren auf</i> with a preposition (<i>auf den Bildschirm starren</i>), not both together. <i>Dévisager</i> in French specifically means staring at someone's face.<br><br><b>CEFR:</b> roughly B1–B2."
"fassungslos","<b>Definition:</b> So shocked, dismayed, or astonished that one cannot grasp what has happened or keep one's composure. It usually describes a reaction to something bad, unjust, or incomprehensible, such as terrible news, an outrageous remark, or an unexpected loss.<br><br><b>Grammar:</b> Adjective, also used adverbially: <i>Sie war fassungslos.</i> / <i>Er schüttelte fassungslos den Kopf.</i> It is declined before a noun: <i>ein fassungsloser Blick</i>, <i>mit fassungslosem Gesicht</i>. The cause can be introduced with <i>über</i> + Akkusativ (<i>fassungslos über die Nachricht</i>), and the emotion with <i>vor</i> + Dativ (<i>fassungslos vor Entsetzen / vor Wut</i>). The word is formed from <i>die Fassung</i> (""composure"") and the suffix <i>-los</i> (""without""). Related expressions include <i>die Fassung verlieren</i> (""to lose one's composure""), <i>die Fassung bewahren</i> (""to keep one's composure""), and <i>etwas nicht fassen können</i> (""to be unable to believe something""). The noun is <i>die Fassungslosigkeit</i>.<br><br><b>Example:</b> <i>Sie starrte ihn fassungslos an, als er ihr die Wahrheit erzählte.</i> — ""She stared at him in disbelief when he told her the truth."" <b>Another example:</b> <i>Die Angehörigen reagierten fassungslos auf das Urteil.</i> — ""The relatives reacted with shock and disbelief to the verdict.""<br><br><b>Synonym:</b> sprachlos / bestürzt / entsetzt / perplex / erschüttert, depending on context<br><br><b>English:</b> stunned / speechless / aghast / dumbfounded / in disbelief <b>French:</b> stupéfait / abasourdi / sidéré / atterré <b>Useful nuance:</b> <i>Fassungslos</i> almost always expresses shock at something negative or incomprehensible. <i>Sprachlos</i> is broader and can be positive (<i>sprachlos vor Freude</i>). <i>Bestürzt</i> (""dismayed"") is milder and more restrained, and <i>entsetzt</i> (""horrified"") emphasizes horror rather than disbelief. Don't confuse it with other meanings of <i>die Fassung</i>, which can also mean a setting for a gemstone, a lamp socket, or a version of a text or film (<i>die deutsche Fassung</i>).<br><br><b>CEFR:</b> roughly B2–C1; very common in journalism and fiction."
"der Wendepunkt","<b>Definition:</b> A moment or event at which a decisive change occurs, after which a situation, development, or life takes a different direction. Literally, it can be the point at which a route or movement reverses direction, for example the turning point on a course. In mathematics, it is the point where a curve changes its curvature.<br><br><b>Grammar:</b> Masculine compound noun: <i>der Wendepunkt</i>; plural: <i>die Wendepunkte</i>; genitive singular: <i>des Wendepunkt ( e)s</i>. It is formed from <i>wenden</i> (""to turn"") and <i>der Punkt</i> (""point""). Common constructions include <i>einen Wendepunkt erreichen</i> (""reach a turning point""), <i>an einem Wendepunkt stehen</i> (""be at a turning point""), <i>einen Wendepunkt markieren / darstellen</i> (""mark / represent a turning point""), <i>der Wendepunkt in etwas</i> (Dativ) (<i>der Wendepunkt in seinem Leben</i>), and <i>ein Wendepunkt der Geschichte</i> (Genitiv).<br><br><b>Example:</b> <i>Die Begegnung mit ihr war der Wendepunkt in seinem Leben.</i> — ""Meeting her was the turning point in his life."" <b>Another example:</b> <i>Der Fund der Tatwaffe markierte einen Wendepunkt in den Ermittlungen.</i> — ""The discovery of the murder weapon marked a turning point in the investigation.""<br><br><b>Synonym:</b> die Wende / der Umbruch / die Zäsur / der Scheidepunkt, depending on context<br><br><b>English:</b> turning point / watershed / pivotal moment; in mathematics inflection point <b>French:</b> tournant / point de basculement / virage; in mathematics point d'inflexion <b>Useful nuance:</b> <i>Wendepunkt</i> names the specific moment of change. <i>Die Wende</i> can mean the change itself, and in German history <i>die Wende</i> refers specifically to the political change of 1989–90 in East Germany. <i>Die Kehrtwende</i> is a complete reversal, a U-turn in opinion or policy. <i>Die Zäsur</i> is more formal and emphasizes a clear break between two periods. Beware of the mathematical false friend: the German <i>Wendepunkt</i> is an <b>inflection point</b>, while an English ""turning point"" of a curve, a maximum or minimum, is called <i>Extrempunkt</i> in German.<br><br><b>CEFR:</b> roughly B2."
"etwas (Akkusativ) ahnen","<b>Definition:</b> To have a vague feeling or intuition that something is the case or will happen, without knowing it for certain. It often refers to sensing something unpleasant in advance, such as danger, trouble, or a secret. In the negative, it expresses complete ignorance: someone has no idea of something.<br><br><b>Grammar:</b> Weak verb: <i>ahnen</i> – <i>ahnte</i> – <i>hat geahnt</i>. What is sensed is the accusative object (<i>die Gefahr ahnen</i>) or a clause (<i>ahnen, dass …</i>; <i>ahnen, wer / was / wie …</i>). Common expressions include <i>Ich habe es geahnt!</i> (""I knew it! ""), <i>Du ahnst ja nicht, …</i> (""You have no idea …""), <i>Wer hätte das ahnen können?</i> (""Who could have guessed?""), and <i>nichts Böses ahnend</i> (""unsuspecting""). The related noun is <i>die Ahnung</i> (<i>keine Ahnung haben</i>, ""to have no idea""; <i>eine böse Ahnung</i>, ""a foreboding""), and the adjective is <i>ahnungslos</i> (""unsuspecting, clueless""). <i>Erahnen</i> means to perceive something only faintly (<i>Umrisse in der Dunkelheit erahnen</i>).<br><br><b>Example:</b> <i>Sie ahnte nicht, dass ihr jemand gefolgt war.</i> — ""She had no idea that someone had followed her."" <b>Another example:</b> <i>Als das Telefon mitten in der Nacht klingelte, ahnte er schon, dass etwas passiert war.</i> — ""When the phone rang in the middle of the night, he already sensed that something had happened.""<br><br><b>Synonym:</b> vermuten / spüren / befürchten / erahnen, depending on context<br><br><b>English:</b> suspect / sense / have a feeling / have a premonition / guess <b>French:</b> se douter de / pressentir / deviner / soupçonner <b>Useful nuance:</b> <i>Ahnen</i> is intuitive, while <i>vermuten</i> is a more rational assumption based on evidence. A detective <i>vermutet</i> who the murderer is, but a victim <i>ahnt</i> that something is wrong. <i>Befürchten</i> makes the fear explicit. Don't confuse <i>ahnen</i> with <i>ahnden</i> (formal: ""to punish, prosecute"": <i>Verstöße werden geahndet</i>) or with <i>die Ahnen</i> ( ""ancestors""), which is an unrelated noun.<br><br><b>CEFR:</b> roughly B1–B2; <i>keine Ahnung</i> is already A2."
"ebenfalls","<b>Definition:</b> Likewise; in the same way; as well. It indicates that something said about one person or thing also applies to another. As a one-word reply to a greeting or wish, it means ""you too"" or ""same to you.""<br><br><b>Grammar:</b> Adverb; it is never declined. It usually stands in the middle of the sentence after the conjugated verb (<i>Sie war ebenfalls überrascht.</i>) but can begin a sentence for emphasis (<i>Ebenfalls anwesend war der Bürgermeister.</i>). The negative form is <i>ebenfalls nicht</i> (""not either / neither""): <i>Er kam ebenfalls nicht.</i> As a standalone reply, it is used as <i>Danke, ebenfalls!</i><br><br><b>Example:</b> <i>Der Täter trug eine dunkle Jacke; sein Komplize war ebenfalls dunkel gekleidet.</i> — ""The perpetrator wore a dark jacket; his accomplice was also dressed in dark clothing."" <b>Another example:</b> <i>„Schönes Wochenende!“ – „Danke, ebenfalls!“</i> — ""'Have a nice weekend!' – 'Thanks, you too!'""<br><br><b>Synonym:</b> auch / gleichfalls / genauso / ebenso, depending on context<br><br><b>English:</b> also / likewise / as well / too; as a reply: you too / same to you <b>French:</b> également / de même / aussi; as a reply: pareillement / vous aussi / toi aussi <b>Useful nuance:</b> <i>Ebenfalls</i> is somewhat more formal than <i>auch</i> and is common in written reports, news, and fiction. It cannot replace <i>auch</i> in all its uses. <i>Auch</i> can mean ""even"" (<i>auch wenn</i>, ""even if""), and it can act as a modal particle in questions (<i>Hast du auch alles eingepackt?</i>). <i>Ebenfalls</i> only means ""likewise."" In speech, <i>Ich auch</i> is more natural than <i>Ich ebenfalls</i>. <i>Gleichfalls</i> is a slightly more old-fashioned or polite equivalent, especially in <i>Danke, gleichfalls!</i> As a reply to <i>Schönen Tag noch!</i>, <i>Danke, ebenfalls!</i>, <i>Danke, gleichfalls!</i>, <i>Ihnen auch, danke!</i> (formal), and <i>Dir auch, danke!</i> (informal) are all natural; <i>ebenfalls</i> and <i>gleichfalls</i> have the advantage of working with both <i>du</i> and <i>Sie</i>.<br><br><b>CEFR:</b> roughly B1."
"etwas (Akkusativ) in etwas (Dativ) nachschlagen","<b>Definition:</b> To look up or check information in a reference source, such as a dictionary, handbook, or reference book. It commonly refers to checking the meaning, spelling, or details of a word or fact.<br><br><b>Grammar:</b> Strong, separable verb: <b>nachschlagen – schlug nach – hat nachgeschlagen</b>. The information being checked is the accusative object; the reference source is commonly introduced by <b>in + dative</b>: <b>ein Wort in einem Wörterbuch nachschlagen</b>, <b>ein Datum im Lexikon nachschlagen</b>. In a main clause, the prefix separates: <i>Ich schlage das Wort nach</i>. Infinitive with <b>zu</b>: <b>nachzuschlagen</b>.<br><br><b>Example:</b> <i>Wenn du das Wort nicht kennst, kannst du es im Wörterbuch nachschlagen.</i> — “If you don’t know the word, you can look it up in the dictionary.” Another example: <i>Sie schlug die genaue Adresse im Telefonbuch nach.</i> — “She looked up the exact address in the phone book.”<br><br><b>Synonym:</b> <b>in einem Wörterbuch / Nachschlagewerk suchen / etwas recherchieren</b> depending on context<br><br><b>English:</b> <b>look up / check in a reference book</b> · <b>French:</b> <b>chercher dans un dictionnaire / consulter un ouvrage de référence</b> Useful nuance: <b>Nachschlagen</b> means consulting a reference source for specific information. <b>Recherchieren</b> usually means conducting broader research, while <b>suchen</b> is the general verb “to search.”<br><br><b>CEFR:</b> roughly <b>B1</b>."
"das Gutachten","<b>Definition:</b> An expert report, assessment, or formal written opinion that evaluates a matter and presents findings, often for a court, authority, company, university, or other institution. It may concern legal, medical, technical, financial, or academic questions.<br><br><b>Grammar:</b> Neuter noun: <b>das Gutachten</b>; plural: <b>die Gutachten</b>. Common constructions include <b>ein Gutachten erstellen/verfassen</b> (“to prepare/write an expert report”), <b>ein Gutachten einholen</b> (“to obtain or commission an expert opinion”), and <b>ein Gutachten über etwas (Akkusativ)</b> or <b>zu etwas (Dativ)</b> (“a report on something”). The person who prepares it is <b>der Gutachter / die Gutachterin</b> (“expert, assessor, evaluator”).<br><br><b>Example:</b> <i>Das Gericht beauftragte einen Sachverständigen mit der Erstellung eines Gutachtens.</i> — “The court commissioned an expert to prepare a report.” <b>Another example:</b> <i>Laut dem medizinischen Gutachten ist der Patient arbeitsfähig.</i> — “According to the medical assessment, the patient is fit for work.”<br><br><b>Synonym:</b> <b>die Expertise / die Stellungnahme / die Beurteilung</b> depending on context<br><br><b>English:</b> <b>expert report / expert opinion / assessment / evaluation</b> · <b>French:</b> <b>expertise / rapport d’expert / avis spécialisé / évaluation</b> <b>Useful nuance:</b> <b>Gutachten</b> is a formal, structured assessment based on specialist knowledge and evidence. <b>Stellungnahme</b> is a broader statement of a position or opinion and does not necessarily require expert analysis, while <b>Bericht</b> is a general report that may simply describe events or findings. In legal and administrative contexts, <b>Gutachten</b> is often translated as “expert opinion” or “expert report,” depending on whether the focus is on the conclusion or the written document.<br><br><b>CEFR:</b> roughly <b>B2–C1</b>."
"etwas (Akkusativ) besetzen","<b>Definition:</b> To occupy or take control of a place; to fill a position, seat, or vacancy; or to choose actors for the roles in a film, play, or production. It can also mean to occupy a place as a protest or military action.<br><br><b>Grammar:</b> Weak, inseparable verb: <b>etwas (Akkusativ) besetzen – besetzte – hat besetzt</b>. Common constructions include <b>einen Platz/einen Sitz besetzen</b> (“to occupy a seat”), <b>eine Stelle besetzen</b> (“to fill a position”), <b>ein Gebäude besetzen</b> (“to occupy a building”), and <b>eine Rolle mit jemandem (Dativ) besetzen</b> (“to cast a role with someone”). The related noun <b>die Besetzung</b> means “occupation,” “staffing,” or “cast,” depending on context.<br><br><b>Example:</b> <i>Bitte besetzen Sie die freien Plätze in der ersten Reihe.</i> — “Please take the available seats in the first row.” <b>Another example:</b> <i>Für die Hauptrolle wurde eine bekannte Schauspielerin besetzt.</i> — “A well-known actress was cast in the leading role.”<br><br><b>Synonym:</b> <b>belegen / einnehmen / ausfüllen / blockieren</b> depending on context<br><br><b>English:</b> <b>occupy / fill / staff / cast / take a seat</b> · <b>French:</b> <b>occuper / pourvoir / affecter / distribuer les rôles</b> <b>Useful nuance:</b> <b>Besetzen</b> focuses on taking or assigning a specific place, position, or role. <b>Belegen</b> is often used for occupying a seat or taking a course, while <b>einnehmen</b> emphasizes taking up physical space or a position. In the passive, <i>Die Stelle ist besetzt</i> means “The position is filled,” while <i>Der Platz ist besetzt</i> means “The seat is occupied.”<br><br><b>CEFR:</b> roughly <b>B1–B2</b>."
"das Scharmützel","<b>Definition:</b> A brief, usually small-scale fight or military engagement between opposing groups. Figuratively, it can describe a short and often sharp verbal, political, or media confrontation.<br><br><b>Grammar:</b> Neuter noun: <b>das Scharmützel</b>; plural: <b>die Scharmützel</b>. Common constructions include <b>ein Scharmützel mit jemandem (Dativ)</b> (“a skirmish with someone”), <b>in ein Scharmützel geraten</b> (“to get involved in a skirmish”), and <b>sich ein Scharmützel mit jemandem liefern</b> (“to engage in a clash with someone”).<br><br><b>Example:</b> <i>An der Grenze kam es zu einem kurzen Scharmützel zwischen den beiden Einheiten.</i> — “There was a brief skirmish between the two units at the border.” <b>Another example:</b> <i>Die beiden Politiker lieferten sich im Fernsehen ein heftiges verbales Scharmützel.</i> — “The two politicians engaged in a heated verbal clash on television.”<br><br><b>Synonym:</b> <b>das Gefecht / die Auseinandersetzung / der Schlagabtausch</b> depending on context<br><br><b>English:</b> <b>skirmish / clash / spat / exchange</b> · <b>French:</b> <b>escarmouche / affrontement / altercation / joute</b> <b>Useful nuance:</b> <b>Scharmützel</b> usually suggests a limited, short-lived confrontation rather than a full battle or an extended conflict. In figurative use, it can sound vivid or slightly playful when describing a quarrel or exchange of arguments. <b>Gefecht</b> is more directly military and can imply greater seriousness, while <b>Streit</b> is the general word for an argument or quarrel.<br><br><b>CEFR:</b> roughly <b>B2–C1</b>."
"jemandem (Dativ) etwas (Akkusativ) verordnen / etwas (Akkusativ) verordnen","<b>Definition:</b> To prescribe medication, treatment, rest, or another measure for someone; also, to officially order or impose a measure, rule, or course of action through a position of authority.<br><br><b>Grammar:</b> Weak, inseparable verb: <b>verordnen – verordnete – hat verordnet</b>. The standard construction is <b>jemandem (Dativ) etwas (Akkusativ) verordnen</b>: <i>einem Patienten ein Medikament verordnen</i>. The recipient can be omitted: <b>etwas (Akkusativ) verordnen</b>, as in <i>Bettruhe verordnen</i>. The verb is not inherently reflexive, but <b>sich ( Dativ) etwas (Akkusativ) verordnen</b> means to prescribe or impose something on oneself: <i>Ich verordne mir eine Pause</i>. Related noun: <b>die Verordnung</b> (“prescription / regulation / ordinance”). Infinitive with <b>zu</b>: <b>zu verordnen</b>.<br><br><b>Example:</b> <i>Die Ärztin verordnete ihm ein Medikament und drei Tage Bettruhe.</i> — “The doctor prescribed him medication and three days of bed rest.” <b>Another example:</b> <i>Die Regierung verordnete strenge Sparmaßnahmen.</i> — “The government imposed strict austerity measures.”<br><br><b>Synonym:</b> <b>verschreiben / anordnen / vorschreiben</b> depending on context<br><br><b>English:</b> <b>prescribe / order / decree / impose</b> · <b>French:</b> <b>prescrire / ordonner / décréter / imposer</b> <b>Useful nuance:</b> <b>Verordnen</b> emphasizes an instruction issued with professional or official authority. <b>Verschreiben</b> is especially common for prescribing medication, while <b>verordnen</b> also readily covers treatments, rest, and other measures. <b>Anordnen</b> is the broader word for ordering an action. Figuratively, <i>sich eine Pause verordnen</i> suggests deliberately making oneself take a break.<br><br><b>CEFR:</b> roughly <b>B2</b>."
"jemanden (Akkusativ) zu etwas (Dativ) zwingen","<b>Definition:</b> To force or compel someone to do something, often against their will, through pressure, threats, authority, or circumstances that leave them little choice. The subject can be a person or an external circumstance.<br><br><b>Grammar:</b> Strong, inseparable verb: <b>zwingen – zwang – hat gezwungen</b>. Present tense: <b>du zwingst, er/sie/es zwingt</b>. In <b>jemanden (Akkusativ) zu etwas (Dativ) zwingen</b>, the person forced is the accusative object and <b>zu + dative</b> introduces the action or outcome: <i>jemanden zum Rücktritt zwingen</i>. Alternatively, use <b>jemanden (Akkusativ) zwingen, etwas zu tun</b>: <i>jemanden zwingen, zurückzutreten</i>. Here, <b>zu</b> marks an infinitive and does not govern a noun's case. Reflexive: <b>sich (Akkusativ) zu etwas (Dativ) zwingen</b> or <b>sich (Akkusativ) zwingen, etwas zu tun</b> (“to force oneself to do something”). Related noun: <b>der Zwang</b> (“compulsion / coercion / constraint”).<br><br><b>Example:</b> <i>Niemand kann dich zu dieser Entscheidung zwingen.</i> — “Nobody can force you to make this decision.” <b>Another example:</b> <i>Der starke Regen zwang uns, die Wanderung abzubrechen.</i> — “The heavy rain forced us to abandon the hike.”<br><br><b>Synonym:</b> <b>nötigen / drängen / verpflichten</b> depending on context<br><br><b>English:</b> <b>force someone to do something / compel someone to do something</b> · <b>French:</b> <b>forcer quelqu’un à faire quelque chose / contraindre quelqu’un à quelque chose / obliger quelqu’un à faire quelque chose</b> <b>Useful nuance:</b> <b>Zwingen</b> suggests that someone has little or no real choice. <b>Drängen</b> means to urge or pressure someone without necessarily forcing them, while <b>überreden</b> means to persuade someone through words. In <b>sich zwingen</b>, the pressure comes from oneself: <i>Ich musste mich zwingen, ruhig zu bleiben</i> (“I had to force myself to stay calm”).<br><br><b>CEFR:</b> roughly <b>B1–B2</b>."
"jemandem (Dativ) etwas (Akkusativ) auferlegen / sich (Dativ) etwas (Akkusativ) auferlegen","<b>Definition:</b> To impose an obligation, duty, restriction, burden, or penalty on someone. Reflexively, it means to impose a requirement or restriction on oneself, often as an act of discipline or restraint.<br><br><b>Grammar:</b> Weak, separable verb: <b>auferlegen – erlegte auf – hat auferlegt</b>. In <b>jemandem (Dativ) etwas (Akkusativ) auferlegen</b>, the recipient is dative and the obligation or burden is accusative: <i>jemandem eine Pflicht auferlegen</i>. The prefix separates in a main clause: <i>Die Behörde erlegt dem Unternehmen strenge Auflagen auf</i>. Infinitive with <b>zu</b>: <b>aufzuerlegen</b>. The past participle is <b>auferlegt</b>, without <b>ge</b>, because the base verb <b>erlegen</b> has the inseparable prefix <b>er-</b>. Reflexive <b>sich (Dativ) etwas (Akkusativ) auferlegen</b> uses a dative pronoun: <i>Ich erlege mir eine Beschränkung auf</i>.<br><br><b>Example:</b> <i>Die Behörde erlegte dem Unternehmen strenge Auflagen auf.</i> — “The authority imposed strict conditions on the company.” <b>Another example:</b> <i>Sie hat sich auferlegt, jeden Tag eine Stunde zu lernen.</i> — “She has set herself the requirement of studying for an hour every day.”<br><br><b>Synonym:</b> <b>aufbürden / vorschreiben / abverlangen</b> depending on context<br><br><b>English:</b> <b>impose on / place an obligation on / impose on oneself</b> · <b>French:</b> <b>imposer quelque chose à quelqu’un / astreindre quelqu’un à quelque chose / s’imposer quelque chose</b> <b>Useful nuance:</b> <b>Auferlegen</b> is formal and emphasizes assigning an obligation or burden. <b>Aufbürden</b> more strongly suggests an onerous or unfair burden, while <b>vorschreiben</b> emphasizes specifying what someone must do. Compare <b>jemandem (Dativ) eine Pflicht (Akkusativ) auferlegen</b> with <b>jemanden (Akkusativ) zu etwas (Dativ) zwingen</b>: the person takes a different case in each construction.<br><br><b>CEFR:</b> roughly <b>B2–C1</b>."
"jemandem (Dativ) von Nutzen (Dativ) sein / für jemanden/etwas (Akkusativ) von Nutzen (Dativ) sein","<b>Definition:</b> To be useful, helpful, or beneficial to someone or for a particular purpose. The expression describes something that provides practical help, value, or an advantage.<br><br><b>Grammar:</b> Fixed, non-reflexive expression with the irregular verb <b>sein – war – ist gewesen</b>. The noun is <b>der Nutzen</b> (“usefulness / benefit”); <b>von</b> governs the dative in <b>von Nutzen</b>. The person benefiting can be a dative complement: <b>jemandem (Dativ) von Nutzen sein</b>, as in <i>Das kann dir von Nutzen sein</i>. Alternatively, use <b>für jemanden/etwas (Akkusativ) von Nutzen sein</b>: <i>für die Forschung von Nutzen sein</i>. Common variations include <b>von großem Nutzen sein</b>, <b>von geringem Nutzen sein</b>, and <b>von keinem Nutzen sein</b>. Infinitive with <b>zu</b>: <b>von Nutzen zu sein</b>.<br><br><b>Example:</b> <i>Diese Informationen könnten dir bei der Vorbereitung von Nutzen sein.</i> — “This information could be useful to you during your preparations.” <b>Another example:</b> <i>Die Ergebnisse sind für die weitere Forschung von großem Nutzen.</i> — “The results are of great use for further research.”<br><br><b>Synonym:</b> <b>nützlich sein / hilfreich sein / jemandem nützen</b> depending on context<br><br><b>English:</b> <b>be useful / be of use / be beneficial</b> · <b>French:</b> <b>être utile / être d’une grande utilité / présenter un intérêt</b> <b>Useful nuance:</b> <b>Von Nutzen sein</b> is somewhat more formal than <b>nützlich sein</b> and often appears in professional or academic writing. Compare <i>Das ist mir von Nutzen</i> with <i>Das nützt mir</i>: both describe a benefit to the dative recipient. <b>Von großem Nutzen</b> means “very useful,” while <b>von keinem Nutzen</b> means “of no use.”<br><br><b>CEFR:</b> roughly <b>B2</b>."
"auf etwas (Akkusativ) verzichten","<b>Definition:</b> To voluntarily give up, forgo, or do without something, or to renounce a claim, right, or entitlement, rather than have it taken away.<br><br><b>Grammar:</b> Weak, inseparable verb: <b>verzichten – verzichtete – hat verzichtet</b>. It governs <b>auf + Akkusativ</b> for the thing given up: <b>auf etwas (Akkusativ) verzichten</b>, as in <i>auf Fleisch verzichten</i>. It can be followed by an infinitive clause with <b>zu</b>: <b>auf etwas verzichten, um etwas zu tun</b>. Related noun: <b>der Verzicht (auf + Akkusativ)</b> (“renunciation / waiver”).<br><br><b>Example:</b> <i>Sie verzichtete auf Zucker in ihrem Kaffee.</i> — “She did without sugar in her coffee.” Another example: <i>Er verzichtete auf sein Erbe zugunsten seiner Schwester.</i> — “He renounced his inheritance in favor of his sister.”<br><br><b>Synonym:</b> <b>sich (Dativ) etwas versagen / etwas aufgeben / von etwas absehen</b> depending on context<br><br><b>English:</b> <b>do without / forgo / give up / renounce</b> · <b>French:</b> <b>renoncer à / se passer de</b> Useful nuance: <b>Verzichten</b> emphasizes a voluntary, deliberate decision to give something up, which distinguishes it from <b>aufgeben</b> (“to give up / abandon,” often after effort or under pressure) and from cases where something is simply taken away or lost.<br><br><b>CEFR:</b> roughly <b>B1–B2</b>."
"der Drang","<b>Definition:</b> A strong inner urge, impulse, or drive that pushes someone to do something, often felt as difficult to resist or suppress.<br><br><b>Grammar:</b> Masculine noun: <b>der Drang</b>; genitive: <b>des Dranges/Drangs</b>; the plural is rarely used. Common constructions include <b>der Drang nach etwas (Dativ)</b> (“the urge for something”), <b>der Drang, etwas zu tun</b> (“the urge to do something”), <b>einem Drang nachgeben</b> (“to give in to an urge”), and <b>einen Drang verspüren</b> (“to feel an urge”).<br><br><b>Example:</b> <i>Sie verspürte einen starken Drang, laut zu lachen.</i> — “She felt a strong urge to laugh out loud.” Another example: <i>Der Drang nach Freiheit trieb ihn zur Flucht.</i> — “The urge for freedom drove him to flee.”<br><br><b>Synonym:</b> <b>der Trieb / der Impuls / das Verlangen</b> depending on context<br><br><b>English:</b> <b>urge / impulse / drive</b> · <b>French:</b> <b>envie irrépressible / pulsion / besoin pressant</b> Useful nuance: <b>Drang</b> emphasizes an inner, often emotional or physical compulsion that is hard to resist, which distinguishes it from <b>Wunsch</b> (“wish”), a calmer and more deliberate desire. <b>Trieb</b> can sound more instinctual or biological, as in <b>Sexualtrieb</b>.<br><br><b>CEFR:</b> roughly <b>B2</b>."
"verspüren","<b>Definition:</b> To feel, perceive, or become aware of a sensation, feeling, urge, or physical/emotional state, often something arising internally.<br><br><b>Grammar:</b> Weak, inseparable verb: <b>verspüren – verspürte – hat verspürt</b>. It takes a direct accusative object: <b>etwas (Akkusativ) verspüren</b>, as in <i>Schmerz verspüren</i>, <i>Lust verspüren</i>, or <i>einen Drang verspüren</i>.<br><br><b>Example:</b> <i>Sie verspürte plötzlich Hunger.</i> — “She suddenly felt hungry.” Another example: <i>Er verspürte keine Lust, das Haus zu verlassen.</i> — “He felt no desire to leave the house.”<br><br><b>Synonym:</b> <b>fühlen / empfinden / spüren</b> depending on context<br><br><b>English:</b> <b>feel / sense / perceive</b> · <b>French:</b> <b>ressentir / éprouver</b> Useful nuance: <b>Verspüren</b> is somewhat more formal or literary than <b>spüren</b> and often appears in fixed collocations such as <b>Lust</b>, <b>Hunger</b>, <b>Drang</b>, or <b>Schmerz verspüren</b>. <b>Spüren</b> can also describe physically perceiving something external, such as <b>Wärme spüren</b>, while <b>verspüren</b> emphasizes a feeling or sensation arising within oneself.<br><br><b>CEFR:</b> roughly <b>B2</b>."
"nach etwas (Dativ) streben","<b>Definition:</b> To make a sustained, purposeful effort to attain, achieve, or move toward a goal, ideal, or state; to aspire to or pursue something.<br><br><b>Grammar:</b> Weak, inseparable verb: <b>streben – strebte – hat gestrebt</b>. It governs <b>nach + Dativ</b> for the goal pursued: <b>nach etwas (Dativ) streben</b>, as in <i>nach Erfolg streben</i>, <i>nach Perfektion streben</i>. Related noun: <b>das Streben (nach + Dativ)</b> (“striving / pursuit”); related adjective: <b>strebsam</b> (“ambitious / diligent”).<br><br><b>Example:</b> <i>Sie strebte danach, ihre Ziele zu erreichen.</i> — “She strove to achieve her goals.” Another example: <i>Viele Menschen streben nach Anerkennung.</i> — “Many people strive for recognition.”<br><br><b>Synonym:</b> <b>nach etwas trachten / sich um etwas bemühen / nach etwas verlangen</b> depending on context<br><br><b>English:</b> <b>strive for / aspire to / pursue</b> · <b>French:</b> <b>aspirer à / rechercher / tendre vers</b> Useful nuance: <b>Streben</b> emphasizes a sustained, goal-directed effort, often toward an abstract or distant goal such as <b>Erfolg</b>, <b>Macht</b>, or <b>Glück</b>. <b>Sich bemühen</b> focuses more on the effort itself than on the distant goal, while <b>trachten</b> can carry a stronger or sometimes negative connotation, as in <b>jemandem nach dem Leben trachten</b> (“to plot against someone’s life”).<br><br><b>CEFR:</b> roughly <b>B2</b>."
"erbärmlich","<b>Definition:</b> Pitifully poor, wretched, or contemptible in quality, condition, or behavior — bad enough to evoke pity or scorn. Used adverbially before another adjective, it can also intensify meaning to “terribly / extremely.”<br><br><b>Grammar:</b> Adjective, also used adverbially: <i>ein erbärmlicher Zustand</i>, <i>Das Wetter war erbärmlich kalt</i>. Declined before a noun according to case, gender, number, and determiner. Comparative: <b>erbärmlicher</b>; superlative: <b>am erbärmlichsten</b>.<br><br><b>Example:</b> <i>Die Wohnung befand sich in einem erbärmlichen Zustand.</i> — “The apartment was in a wretched state.” Another example: <i>Er hat erbärmlich schlecht gespielt.</i> — “He played terribly badly.”<br><br><b>Synonym:</b> <b>kläglich / jämmerlich / miserabel</b> depending on context<br><br><b>English:</b> <b>pitiful / wretched / miserable / terrible</b> · <b>French:</b> <b>pitoyable / lamentable / misérable</b> Useful nuance: <b>Erbärmlich</b> can describe genuine misery deserving of pity, as in <b>ein erbärmliches Schicksal</b> (“a pitiful fate”), or express strong moral contempt for behavior, as in <b>ein erbärmlicher Verrat</b> (“a contemptible betrayal”). As an intensifying adverb before another adjective, it means “terribly,” as in <b>erbärmlich kalt</b>.<br><br><b>CEFR:</b> roughly <b>B2</b>."
"unmerklich","<b>Definition:</b> So slight, slow, or subtle that it escapes notice — imperceptible, especially describing a gradual change or action that happens without being consciously perceived.<br><br><b>Grammar:</b> Adjective, also used adverbially: <i>eine unmerkliche Veränderung</i>, <i>Die Temperatur stieg unmerklich</i>. Declined before a noun according to case, gender, number, and determiner. Formed from <b>un-</b> + <b>merklich</b> (from <b>merken</b>, “to notice”).<br><br><b>Example:</b> <i>Die Landschaft veränderte sich unmerklich im Laufe der Jahre.</i> — “The landscape changed imperceptibly over the years.” Another example: <i>Er näherte sich unmerklich der Tür.</i> — “He approached the door without being noticed.”<br><br><b>Synonym:</b> <b>kaum wahrnehmbar / unauffällig / schleichend</b> depending on context<br><br><b>English:</b> <b>imperceptible / unnoticeable / barely noticeable</b> · <b>French:</b> <b>imperceptible / insensible</b> Useful nuance: <b>Unmerklich</b> emphasizes a change or action so gradual or subtle that it escapes notice, often used for slow processes such as temperature, aging, or shifts in mood. <b>Schleichend</b> also describes gradual change but often carries a negative or creeping connotation, as in <b>eine schleichende Krankheit</b>; <b>unauffällig</b> means “inconspicuous” more generally, without necessarily implying gradualness.<br><br><b>CEFR:</b> roughly <b>B2</b>."
"der Ehrgeiz","<b>Definition:</b> A strong desire to achieve success, recognition, power, or a particular goal; ambition, the drive to accomplish and excel.<br><br><b>Grammar:</b> Masculine noun: <b>der Ehrgeiz</b>; usually used only in the singular. Common constructions include <b>Ehrgeiz haben/entwickeln/zeigen</b> (“to have/develop/show ambition”), <b>jemandes Ehrgeiz wecken</b> (“to awaken someone’s ambition”), and <b>beruflicher Ehrgeiz</b> (“professional ambition”). Related adjective: <b>ehrgeizig</b> (“ambitious”).<br><br><b>Example:</b> <i>Ihr Ehrgeiz trieb sie dazu, immer mehr zu leisten.</i> — “Her ambition drove her to achieve more and more.” Another example: <i>Er verfolgt seine Ziele mit großem Ehrgeiz.</i> — “He pursues his goals with great ambition.”<br><br><b>Synonym:</b> <b>der Erfolgswille / das Streben nach Erfolg / die Zielstrebigkeit</b> depending on context<br><br><b>English:</b> <b>ambition / drive</b> · <b>French:</b> <b>ambition</b> Useful nuance: <b>Ehrgeiz</b> can be neutral or positive, describing healthy motivation, but in excess — as in <b>übertriebener Ehrgeiz</b> or <b>blinder Ehrgeiz</b> — it can suggest an unhealthy obsession with success at any cost. <b>Zielstrebigkeit</b> emphasizes determined, goal-directed persistence without necessarily implying a desire for recognition, whereas <b>Ehrgeiz</b> often includes a wish for status, praise, or superiority.<br><br><b>CEFR:</b> roughly <b>B1–B2</b>."
"die Gewöhnung","<b>Definition:</b> The process of becoming accustomed or habituated to something — gradual adaptation through repeated exposure until it feels normal, routine, or is no longer consciously noticed.<br><br><b>Grammar:</b> Feminine noun: <b>die Gewöhnung</b>; usually used only in the singular. Common constructions include <b>Gewöhnung an etwas (Akkusativ)</b> (""habituation to something""), <b>eine Phase der Gewöhnung</b> (""a period of adjustment""), and <b>aus reiner Gewöhnung</b> (""out of pure habit""). Related verb: <b>sich gewöhnen an</b> (""to get used to""); related adjective: <b>gewöhnlich</b> (""usual, ordinary"").<br><br><b>Example:</b> <i>Die Gewöhnung an das neue Klima dauerte mehrere Wochen.</i> — ""Getting used to the new climate took several weeks."" Another example: <i>Nach der Gewöhnung an den Lärm störte er sie nicht mehr.</i> — ""After becoming accustomed to the noise, it no longer bothered her.""<br><br><b>Synonym:</b> <b>die Anpassung / die Angewöhnung / die Habituation</b> depending on context<br><br><b>English:</b> <b>habituation / getting used to / adjustment</b> · <b>French:</b> <b>accoutumance / habituation</b> Useful nuance: <b>Gewöhnung</b> describes the neutral, often unconscious process of adaptation itself, whether to a place, a sound, a routine, or even a substance (as in <b>die Gewöhnung an ein Medikament</b>, ""developing a tolerance to a medication""). <b>Anpassung</b> is broader and can imply active, conscious adjustment (including to social or professional circumstances), whereas <b>Gewöhnung</b> leans toward the passive wearing-off of novelty or sensitivity over time.<br><br><b>CEFR:</b> roughly <b>B2</b>."
"das Bedürfnis","<b>Definition:</b> A felt need, want, or requirement — something a person needs or desires in order to feel satisfied, whether physical, emotional, or psychological.<br><br><b>Grammar:</b> Neuter noun: <b>das Bedürfnis</b>, plural <b>die Bedürfnisse</b>. Common constructions include <b>ein Bedürfnis nach etwas (Dativ)</b> (""a need for something""), <b>Bedürfnisse befriedigen/decken</b> (""to satisfy/meet needs""), and <b>menschliche Grundbedürfnisse</b> (""basic human needs""). Related verb: <b>bedürfen</b> (+ Genitiv, formal, ""to require"").<br><br><b>Example:</b> <i>Jeder Mensch hat das Bedürfnis nach Anerkennung.</i> — ""Every person has a need for recognition."" Another example: <i>Ihre Bedürfnisse wurden in der Beziehung nicht ausreichend berücksichtigt.</i> — ""Her needs weren't sufficiently taken into account in the relationship.""<br><br><b>Synonym:</b> <b>der Wunsch / das Verlangen / die Notwendigkeit</b> depending on context<br><br><b>English:</b> <b>need / want / requirement</b> · <b>French:</b> <b>besoin</b> Useful nuance: <b>Bedürfnis</b> typically refers to an inner, often emotional or psychological need (as in Maslow's <b>Bedürfnispyramide</b>, ""hierarchy of needs""), distinct from <b>Notwendigkeit</b>, which is more neutral and objective ( ""necessity""). <b>Verlangen</b> carries a stronger, more urgent or desiring connotation, closer to ""craving"" or ""longing,"" than the relatively calm, everyday <b>Bedürfnis</b>.<br><br><b>CEFR:</b> roughly <b>B1–B2</b>."
"der Ursprung","<b>Definition:</b> The point or source from which something originates — the origin, beginning, or root cause of something.<br><br><b>Grammar:</b> Masculine noun: <b>der Ursprung</b>, plural <b>die Ursprünge</b>. Common constructions include <b>seinen Ursprung haben in</b> (""to have its origin in""), <b>am Ursprung von etwas stehen</b> (""to be at the origin of something""), and <b>der Ursprung des Lebens/Universums</b> (""the origin of life/the universe""). Related adjective: <b>ursprünglich</b> (""original, initial"").<br><br><b>Example:</b> <i>Der Ursprung dieser Tradition liegt im Mittelalter.</i> — ""The origin of this tradition lies in the Middle Ages."" Another example: <i>Niemand kennt genau den Ursprung des Gerüchts.</i> — ""No one knows exactly the origin of the rumor.""<br><br><b>Synonym:</b> <b>die Quelle / der Ursache / die Herkunft</b> depending on context<br><br><b>English:</b> <b>origin / source / root</b> · <b>French:</b> <b>origine</b> Useful nuance: <b>Ursprung</b> emphasizes the historical or causal starting point of something — where it first arose — whereas <b>Quelle</b> is used more literally or metaphorically for an ongoing source (as in <b>eine Quelle von Informationen</b>, ""a source of information""). <b>Herkunft</b> leans toward origin in the sense of provenance or descent, such as a person's background or a product's country of origin.<br><br><b>CEFR:</b> roughly <b>B2</b>."
"das Verhängnis","<b>Definition:</b> A disastrous, fateful turn of events — ruin or doom brought about as if by an inescapable twist of fate, often the culmination of a chain of unfortunate circumstances.<br><br><b>Grammar:</b> Neuter noun: <b>das Verhängnis</b>, plural <b>die Verhängnisse</b> (rare, usually singular). Common constructions include <b>jemandem zum Verhängnis werden</b> (""to prove someone's undoing / to be someone's downfall""), and <b>ein Verhängnis nehmen seinen Lauf</b> (""a doom takes its course""). Related verb: <b>verhängen</b> (""to impose,"" as in a sentence or punishment, showing the root sense of something imposed from above/fate).<br><br><b>Example:</b> <i>Sein Leichtsinn wurde ihm zum Verhängnis.</i> — ""His recklessness proved his undoing."" Another example: <i>Die Affäre wurde für den Politiker zum Verhängnis.</i> — ""The affair became the politician's downfall.""<br><br><b>Synonym:</b> <b>das Unglück / das Unheil / der Untergang</b> depending on context<br><br><b>English:</b> <b>doom / fateful disaster / undoing / downfall</b> · <b>French:</b> <b>fatalité / perte</b> Useful nuance: <b>Verhängnis</b> carries a strong sense of fate or inevitability — the idiom <b>jemandem zum Verhängnis werden</b> implies that some flaw, decision, or event brings about someone's ruin as if it were destined. <b>Unglück</b> is more general misfortune, while <b>Untergang</b> stresses total downfall or collapse (of a person, empire, or system); <b>Verhängnis</b> sits between them, framing the ruin specifically as fate-driven and often traceable to a single fatal cause.<br><br><b>CEFR:</b> roughly <b>C1</b>."
"der Wirtskörper","<b>Definition:</b> The host organism or host body — a living being that harbors and sustains a parasite, virus, or other organism inside or on itself.<br><br><b>Grammar:</b> Masculine noun: <b>der Wirtskörper</b>, plural <b>die Wirtskörper</b>. Compound of <b>Wirt</b> (""host"") + <b>Körper</b> (""body""). Common constructions include <b>einen Wirtskörper befallen</b> (""to infest a host body""), and <b>sich im Wirtskörper vermehren</b> (""to multiply within the host body"").<br><br><b>Example:</b> <i>Der Parasit dringt in den Wirtskörper ein und ernährt sich von dessen Nährstoffen.</i> — ""The parasite penetrates the host body and feeds on its nutrients."" Another example: <i>Ohne einen geeigneten Wirtskörper kann sich das Virus nicht vermehren.</i> — ""Without a suitable host body, the virus cannot multiply.""<br><br><b>Synonym:</b> <b>der Wirt / der Wirtsorganismus</b> depending on context<br><br><b>English:</b> <b>host (organism/body)</b> · <b>French:</b> <b>hôte (organisme hôte)</b> Useful nuance: <b>Wirtskörper</b> is the more precise, biological/medical term emphasizing the physical body that sustains the parasite or pathogen, while <b>Wirt</b> alone is broader and can refer to the host organism in general (including in non-biological, everyday senses like ""host"" of a guest). In scientific or medical texts, <b>Wirtskörper</b> is preferred when stressing the bodily, physiological aspect of hosting.<br><br><b>CEFR:</b> roughly <b>C1</b> (technical/biological vocabulary)."
"bedauern","<b>Definition:</b> To feel or express regret, sorrow, or sympathy about something — to be sorry for a fact, action, or someone's misfortune.<br><br><b>Grammar:</b> Weak verb: <b>bedauern, bedauerte, hat bedauert</b>. Common constructions include <b>etwas bedauern</b> (""to regret something,"" + Akkusativ object), <b>jemanden bedauern</b> (""to feel sorry for someone""), and <b>Ich bedauere, dass...</b> (""I regret that...""). Noun form: <b>das Bedauern</b> (""regret"").<br><br><b>Example:</b> <i>Ich bedauere zutiefst, was passiert ist.</i> — ""I deeply regret what happened."" Another example: <i>Sie bedauerte ihn, weil er so einsam wirkte.</i> — ""She felt sorry for him because he seemed so lonely.""<br><br><b>Synonym:</b> <b>bereuen / beklagen / leidtun (jemandem)</b> depending on context<br><br><b>English:</b> <b>to regret / to deplore / to feel sorry for</b> · <b>French:</b> <b>regretter / plaindre</b> Useful nuance: <b>Bedauern</b> can express either regret over one's own actions/decisions (closer to <b>bereuen</b>, but milder and more formal) or sympathy/pity toward another person's situation (closer to <b>jemandem leidtun</b>). In formal or official contexts, <b>Wir bedauern, Ihnen mitteilen zu müssen...</b> (""We regret to inform you..."") is a common polite formula, distinct from the more personal, guilt-tinged <b>bereuen</b>.<br><br><b>CEFR:</b> roughly <b>B1–B2</b>."
"ausgeschöpft","<b>Definition:</b> Used up completely, exhausted, or fully utilized — depleted to the last available bit, whether referring to resources, possibilities, or one's own strength/patience.<br><br><b>Grammar:</b> Past participle of the weak verb <b>ausschöpfen, schöpfte aus, hat ausgeschöpft</b> (""to exhaust/draw out fully,"" literally ""to ladle out""). Used adjectivally as <b>ausgeschöpft</b> (""exhausted, used up""). Common constructions include <b>alle Möglichkeiten ausschöpfen</b> (""to exhaust all possibilities""), <b>sein Kontingent ist ausgeschöpft</b> (""their quota is used up""), and <b>das Budget ist ausgeschöpft</b> (""the budget is exhausted"").<br><br><b>Example:</b> <i>Alle rechtlichen Mittel wurden bereits ausgeschöpft.</i> — ""All legal remedies have already been exhausted."" Another example: <i>Nach dem Marathon war ihre Kraft völlig ausgeschöpft.</i> — ""After the marathon, her strength was completely spent.""<br><br><b>Synonym:</b> <b>erschöpft / aufgebraucht / verbraucht</b> depending on context<br><br><b>English:</b> <b>exhausted / used up / fully utilized</b> · <b>French:</b> <b>épuisé</b> Useful nuance: <b>ausgeschöpft</b> carries the specific connotation of drawing out or using up a limited, quantifiable resource or allowance to its very last bit (as if ladling a container empty, from <b>schöpfen</b>, ""to scoop/ladle"") — distinct from <b>erschöpft</b>, which more commonly describes personal physical or mental exhaustion. It's especially common in bureaucratic, legal, and financial contexts (quotas, budgets, legal remedies, capacities) to signal that nothing further remains available.<br><br><b>CEFR:</b> roughly <b>B2–C1</b>."
"grausam","<b>Definition:</b> Causing suffering or pain intentionally and without mercy; extremely cruel, brutal, or merciless in nature or actions.<br><br><b>Grammar:</b> Adjective: <b>grausam</b>, comparative <b>grausamer</b>, superlative <b>am grausamsten</b>. Common constructions include <b>eine grausame Tat</b> (""a cruel act""), <b>grausam sein zu jemandem</b> (""to be cruel to someone""). Noun form: <b>die Grausamkeit</b> (""cruelty"").<br><br><b>Example:</b> <i>Der Diktator regierte mit grausamer Härte.</i> — ""The dictator ruled with cruel severity."" Another example: <i>Es war grausam, wie sie mit den Tieren umgingen.</i> — ""It was cruel how they treated the animals.""<br><br><b>Synonym:</b> <b>brutal / gnadenlos / unbarmherzig</b> depending on context<br><br><b>English:</b> <b>cruel / brutal / vicious</b> · <b>French:</b> <b>cruel</b> Useful nuance: <b>grausam</b> emphasizes the deliberate infliction of suffering, often with an undertone of cold indifference or even enjoyment on the part of the perpetrator. It differs from <b>brutal</b>, which stresses raw, physical violence or force, and from <b>gnadenlos</b> (""merciless""), which focuses specifically on the absence of mercy or leniency rather than the infliction of pain itself.<br><br><b>CEFR:</b> roughly <b>B1–B2</b>."
"armselig","<b>Definition:</b> Pitifully poor, meager, or wretched in quality or circumstance — so lacking or inadequate as to evoke pity or contempt.<br><br><b>Grammar:</b> Adjective: <b>armselig</b>, comparative <b>armseliger</b>, superlative <b>am armseligsten</b>. Compound of <b>arm</b> ( ""poor"") + <b>selig</b> (""blessed,"" used ironically here). Common constructions include <b>eine armselige Ausrede</b> (""a pathetic excuse""), <b>unter armseligen Bedingungen leben</b> (""to live in wretched conditions""), and <b>ein armseliger Anblick</b> (""a pitiful sight"").<br><br><b>Example:</b> <i>Die Hütte bot nur eine armselige Unterkunft.</i> — ""The hut offered only wretched shelter."" Another example: <i>Seine Entschuldigung war armselig und wenig überzeugend.</i> — ""His apology was pathetic and unconvincing.""<br><br><b>Synonym:</b> <b>erbärmlich / kläglich / jämmerlich</b> depending on context<br><br><b>English:</b> <b>wretched / pitiful / paltry / miserable</b> · <b>French:</b> <b>misérable / pitoyable</b> Useful nuance: <b>armselig</b> often carries a double edge of pity and contempt at once — describing something so lacking or inadequate that it provokes sympathy, while also being used dismissively (<b>eine armselige Ausrede</b>, a ""lame"" excuse). It differs from plain <b>arm</b> (simply ""poor,"" lacking money) by adding a qualitative judgment of wretchedness or inadequacy, not just material lack.<br><br><b>CEFR:</b> roughly <b>B2–C1</b>."
"ringen mit etwas","<b>Definition:</b> To struggle intensely or wrestle with something — to grapple mentally or emotionally with a difficult problem, decision, or feeling.<br><br><b>Grammar:</b> Strong verb: <b>ringen, rang, hat gerungen</b>, used with <b>mit</b> + Dativ for the thing struggled with. Related constructions include <b>um etwas ringen</b> (""to struggle for something,"" e.g. <b>um Worte ringen</b>, ""to struggle for words"") and <b>nach Atem ringen</b> (""to gasp/struggle for breath"").<br><br><b>Example:</b> <i>Er ringt seit Wochen mit dieser schwierigen Entscheidung.</i> — ""He has been wrestling with this difficult decision for weeks."" Another example: <i>Sie rang mit ihren Gefühlen, bevor sie antwortete.</i> — ""She struggled with her feelings before answering.""<br><br><b>Synonym:</b> <b>kämpfen mit / sich auseinandersetzen mit / sich abmühen mit</b> depending on context<br><br><b>English:</b> <b>to wrestle/struggle with something</b> · <b>French:</b> <b>lutter avec / se débattre avec</b> Useful nuance: <b>ringen mit</b> frames the struggle as internal or abstract — grappling with a decision, one's conscience, or emotions — distinct from <b>kämpfen gegen</b>, which implies fighting against an external opponent or obstacle. The verb's literal sense of physical wrestling carries over metaphorically, suggesting a strenuous, often prolonged and effortful inner conflict rather than a quick resolution.<br><br><b>CEFR:</b> roughly <b>B2–C1</b>."
"Drumherum","<b>Definition:</b> The surrounding circumstances, trappings, or peripheral fuss around a central matter or event — everything that accompanies but is not the essential core of a thing.<br><br><b>Grammar:</b> Neuter noun: <b>das Drumherum</b>, plural rarely used. Derived from the adverb <b>drumherum</b> (= <b>darum herum</b>, ""around it""). Common constructions include <b>das ganze Drumherum</b> (""the whole trappings/fuss""), <b>ohne viel Drumherum</b> (""without much fuss""), and <b>das Drumherum einer Feier</b> (""the trappings surrounding a celebration"").<br><br><b>Example:</b> <i>Die Hochzeit selbst war kurz, aber das Drumherum war aufwendig organisiert.</i> — ""The wedding itself was short, but everything surrounding it was elaborately organized."" Another example: <i>Mir geht es nur um die Sache selbst, nicht um das ganze Drumherum.</i> — ""I only care about the matter itself, not all the surrounding fuss.""<br><br><b>Synonym:</b> <b>das Beiwerk / das Drumrum</b> (colloquial variant) <b>/ die Umstände</b><br><br><b>English:</b> <b>the surroundings / trappings / peripheral fuss / the whole package around something</b> · <b>French:</b> <b>les à-côtés / le décorum</b> Useful nuance: <b>Drumherum</b> specifically contrasts the peripheral or ancillary elements of an event or situation with its actual core or substance — often used with a slightly dismissive tone (<b>das ganze Drumherum</b>) to suggest unnecessary fuss or decoration surrounding the essential matter. It differs from <b>Umgebung</b> (physical surroundings/environment) by being abstract and event/situation-focused rather than spatial.<br><br><b>CEFR:</b> roughly <b>B2–C1</b>."
"Genügsamkeit","<b>Definition:</b> The quality of being easily satisfied and undemanding — contentment with little, and a modest, frugal attitude toward one's needs and desires, without craving more.<br><br><b>Grammar:</b> Feminine noun: <b>die Genügsamkeit</b>, no plural (abstract quality). Derived from the adjective <b>genügsam</b> (""easily satisfied, frugal, undemanding""), itself from <b>genügen</b> (""to suffice"") + the suffix <b>-sam</b>. Note the umlaut: the correct spelling is <b>Genügsamkeit</b>, not ""Genugsamkeit."" Common constructions include <b>seine Genügsamkeit bewahren</b> (""to preserve one's frugality/contentment"") and <b>in Genügsamkeit leben</b> (""to live modestly/frugally"").<br><br><b>Example:</b> <i>Trotz seines Reichtums lebte er in bemerkenswerter Genügsamkeit.</i> — ""Despite his wealth, he lived with remarkable contentment with little."" Another example: <i>Ihre Genügsamkeit machte es ihr leicht, auch mit wenig Geld zufrieden zu sein.</i> — ""Her frugality made it easy for her to be satisfied even with little money.""<br><br><b>Synonym:</b> <b>die Bescheidenheit / die Anspruchslosigkeit / die Zufriedenheit mit wenig</b><br><br><b>English:</b> <b>contentment with little / frugality / modesty of needs / undemandingness</b> · <b>French:</b> <b>la frugalité / la modération / le contentement de peu</b> Useful nuance: <b>Genügsamkeit</b> differs from <b>Bescheidenheit</b> (modesty, often about self-presentation or humility) by focusing specifically on material or experiential needs — the disposition to require little and be satisfied with what one has, rather than humility about one's own worth or achievements. It carries a mildly virtuous connotation, often associated with simplicity of lifestyle or resistance to consumerism, though it can occasionally sound like restrained resignation depending on context.<br><br><b>CEFR:</b> roughly <b>C1</b>."
"Verzicht","<b>Definition:</b> The act of voluntarily giving up, forgoing, or renouncing something one could have or is entitled to — a deliberate relinquishment or abstention.<br><br><b>Grammar:</b> Masculine noun: <b>der Verzicht</b>, plural <b>die Verzichte</b> (rarely used). Derived from the verb <b>verzichten auf etwas</b> (""to renounce/forgo/waive something,"" Akkusativ). The noun itself takes the same preposition: <b>der Verzicht auf etwas</b>. Related compound: <b>die Verzichtserklärung</b> (""declaration of waiver"").<br><br><b>Example:</b> <i>Der Verzicht auf Fleisch fällt ihm nicht leicht.</i> — ""Giving up meat isn't easy for him."" Another example: <i>Sein Verzicht auf das Erbe überraschte die ganze Familie.</i> — ""His renunciation of the inheritance surprised the whole family.""<br><br><b>Synonym:</b> <b>die Entsagung / das Aufgeben / die Abstinenz</b> (in narrower contexts)<br><br><b>English:</b> <b>renunciation / relinquishment / waiver / forgoing / giving up</b> · <b>French:</b> <b>le renoncement / la renonciation</b> Useful nuance: <b>Verzicht</b> implies a deliberate, often effortful choice to forgo something one could have or is entitled to, distinct from simply lacking it. It appears frequently in contexts of self-discipline, sacrifice, or legal waiver, carrying a connotation of voluntary restraint rather than mere absence — related to but more active/decisive than [[Genügsamkeit]], which describes an ongoing disposition rather than a single act of giving something up.<br><br><b>CEFR:</b> roughly <b>B2–C1</b>."
"bescheiden","<b>Definition:</b> Modest, humble, unpretentious — not claiming or demanding much for oneself in manner or lifestyle; can also describe an amount or circumstance as modest or meager.<br><br><b>Grammar:</b> Adjective: <b>bescheiden</b>, regular inflection (<b>bescheidener, am bescheidensten</b>). Root of the noun <b>die Bescheidenheit</b>. Note the homonym: <b>bescheiden</b> is also the past participle of the separate, more formal/bureaucratic verb <b>bescheiden</b> (""to notify someone officially of a decision""), as in <b>jemanden ablehnend bescheiden</b>.<br><br><b>Example:</b> <i>Sie lebt sehr bescheiden, obwohl sie viel Geld verdient.</i> — ""She lives very modestly, even though she earns a lot of money."" Another example: <i>Er antwortete bescheiden, er habe nur seine Pflicht getan.</i> — ""He replied modestly that he had only done his duty.""<br><br><b>Synonym:</b> <b>einfach / anspruchslos / zurückhaltend</b> (for personality/manner) <b>/ gering</b> (for quantity)<br><br><b>English:</b> <b>modest / humble / unpretentious; (of an amount) modest/meager</b> · <b>French:</b> <b>modeste / humble</b> Useful nuance: <b>bescheiden</b> primarily describes a personal disposition — not seeking attention, luxury, or credit — but readily extends to quantities or circumstances (<b>ein bescheidenes Gehalt</b>, ""a modest/meager salary""), where it can edge toward ""meager"" rather than ""praiseworthily humble,"" with context deciding whether the tone is virtuous restraint or plain insufficiency. It differs from [[Genügsamkeit]]/ <b>genügsam</b>, which emphasizes contentment with little rather than manner of self-presentation.<br><br><b>CEFR:</b> roughly <b>B1–B2</b>."
"Bestechung","<b>Definition:</b> The act of offering or giving money, favors, or other incentives to corruptly influence someone's actions or decisions — bribery.<br><br><b>Grammar:</b> Feminine noun: <b>die Bestechung</b>, plural <b>die Bestechungen</b>. Derived from the strong verb <b>bestechen</b> (""to bribe"": <b>bestechen, bestach, hat bestochen</b>). Common compounds: <b>das Bestechungsgeld</b> (""bribe money""), <b>der Bestechungsversuch</b> (""attempted bribery""), <b>die Bestechlichkeit</b> (""corruptibility,"" the trait of being bribable).<br><br><b>Example:</b> <i>Der Beamte wurde wegen Bestechung angeklagt.</i> — ""The official was charged with bribery."" Another example: <i>Die Firma versuchte, den Auftrag durch Bestechung zu gewinnen.</i> — ""The company tried to win the contract through bribery.""<br><br><b>Synonym:</b> <b>die Korruption / die Schmiergeldzahlung</b><br><br><b>English:</b> <b>bribery / corruption (via bribe)</b> · <b>French:</b> <b>la corruption / le pot-de-vin</b> Useful nuance: <b>Bestechung</b> denotes the specific transactional act of bribing — offering or giving the illicit incentive — whereas <b>Bestechlichkeit</b> describes the character trait or vulnerability of being corruptible. It is common in legal and journalistic contexts (<b>der Bestechungsskandal</b>, ""bribery scandal"") and pairs naturally with the broader term <b>Korruption</b>, which covers systemic corruption rather than a single transactional act.<br><br><b>CEFR:</b> roughly <b>B2–C1</b>."
"Versuchung","<b>Definition:</b> An enticement or urge to do something, especially something wrong, unwise, or against one's better judgment — temptation.<br><br><b>Grammar:</b> Feminine noun: <b>die Versuchung</b>, plural <b>die Versuchungen</b>. Related to the verb <b>versuchen</b> (""to try/attempt""), in an older sense also ""to tempt"" (<b>jemanden versuchen</b>). Common constructions: <b>in Versuchung geraten/kommen</b> (""to be tempted,"" literally ""to fall into temptation""), <b>jemanden in Versuchung führen/bringen</b> (""to lead someone into temptation""), <b>einer Versuchung widerstehen</b> (""to resist a temptation"").<br><br><b>Example:</b> <i>Sie geriet in Versuchung, den letzten Kuchen zu essen.</i> — ""She was tempted to eat the last piece of cake."" Another example: <i>Er konnte der Versuchung nicht widerstehen und kaufte die teuren Schuhe.</i> — ""He couldn't resist the temptation and bought the expensive shoes.""<br><br><b>Synonym:</b> <b>die Anfechtung / der Reiz / die Verlockung</b><br><br><b>English:</b> <b>temptation</b> · <b>French:</b> <b>la tentation</b> Useful nuance: <b>Versuchung</b> famously appears in the Lord's Prayer (<b>Führe uns nicht in Versuchung</b>, ""Lead us not into temptation""), giving it a mild moral/ethical weight beyond casual desire, though it is used just as often for everyday temptations (food, purchases). It contrasts with [[Verzicht]]: <b>Versuchung</b> is the pull or enticement itself, prior to any choice, while <b>Verzicht</b> is the deliberate act of resisting or renouncing what one is drawn to.<br><br><b>CEFR:</b> roughly <b>B1–B2</b>."
"angreifbar","<b>Definition:</b> Vulnerable, attackable, or open to attack — exposed to being challenged, criticized, or assailed, whether physically, militarily, or in argument.<br><br><b>Grammar:</b> Adjective formed from <b>angreifen</b> (""to attack"") + the suffix <b>-bar</b> (denoting capability, ""able to be attacked""). Regular inflection: <b>angreifbar, angreifbarer, am angreifbarsten</b>. Negated form: <b>unangreifbar</b> (""unassailable, invulnerable"").<br><br><b>Example:</b> <i>Seine Argumentation war an mehreren Stellen angreifbar.</i> — ""His argumentation was vulnerable/open to attack at several points."" Another example: <i>Die Stadt war von der Seeseite aus leicht angreifbar.</i> — ""The city was easily attackable from the sea side.""<br><br><b>Synonym:</b> <b>verwundbar / verletzlich / anfechtbar</b> (for arguments/positions)<br><br><b>English:</b> <b>vulnerable / attackable / open to attack (or criticism) / assailable</b> · <b>French:</b> <b>vulnérable / attaquable</b> Useful nuance: <b>angreifbar</b> extends readily from the literal military/physical sense (a position, city, or border that can be attacked) to the abstract sense of an argument, reputation, or position with exploitable weaknesses. It differs from <b>verwundbar</b> (vulnerable to harm generally, more about susceptibility to injury or damage) by specifically implying a target that invites active challenge or attack — common in debate and rhetoric contexts, e.g. <b>eine angreifbare Position</b>.<br><br><b>CEFR:</b> roughly <b>B2–C1</b>."
"selbstgenügsam","<b>Definition:</b> Self-sufficient or self-contented — needing little from others or from outside oneself, satisfied by one's own resources or company (sometimes with a mild connotation of smug self-satisfaction).<br><br><b>Grammar:</b> Compound adjective: <b>selbst</b> (""self"") + <b>genügsam</b> (see [[Genügsamkeit]], ""easily satisfied, frugal""). Regular inflection: <b>selbstgenügsam, selbstgenügsamer, am selbstgenügsamsten</b>. Related noun: <b>die Selbstgenügsamkeit</b>.<br><br><b>Example:</b> <i>Als Kind war er sehr selbstgenügsam und spielte stundenlang allein.</i> — ""As a child he was very self-sufficient and played alone for hours."" Another example: <i>Manche Kritiker warfen dem Philosophen einen selbstgenügsamen Systementwurf vor.</i> — ""Some critics accused the philosopher of a self-satisfied/self-contained system design.""<br><br><b>Synonym:</b> <b>autark / unabhängig / selbstzufrieden</b> (leans more pejorative, ""complacent"")<br><br><b>English:</b> <b>self-sufficient / self-contented / (pejoratively) self-satisfied, smug</b> · <b>French:</b> <b>autosuffisant / suffisant</b> (pejorative sense) Useful nuance: <b>selbstgenügsam</b> ranges from the neutral-to-positive ""contentedly needing little from others"" (echoing [[Genügsamkeit]]) to a more critical ""smugly self-satisfied, closed off to outside input"" — especially when applied to systems of thought, institutions, or people seen as complacently insular. In philosophical or academic critique it often leans negative, implying isolation from external correction; describing a child or a simple lifestyle, it leans neutral or positive.<br><br><b>CEFR:</b> roughly <b>C1–C2</b>."
"verringern","<b>Definition:</b> To make something smaller in amount, degree, or extent — to reduce or decrease something (also used reflexively, <b>sich verringern</b>, ""to decrease/diminish"").<br><br><b>Grammar:</b> Weak, regular verb: <b>verringern, verringerte, hat verringert</b>. Transitive (<b>etwas verringern</b>) and reflexive (<b>sich verringern</b>, used intransitively for something decreasing on its own). Related noun: <b>die Verringerung</b>.<br><br><b>Example:</b> <i>Die Firma will die Produktionskosten verringern.</i> — ""The company wants to reduce production costs."" Another example: <i>Der Abstand zwischen den beiden Läufern verringerte sich stetig.</i> — ""The distance between the two runners kept decreasing.""<br><br><b>Synonym:</b> <b>reduzieren / vermindern / mindern / senken</b> (specifically for rates/prices)<br><br><b>English:</b> <b>to reduce / to decrease / to diminish</b> · <b>French:</b> <b>réduire / diminuer</b> Useful nuance: <b>verringern</b> is a fairly neutral, general-purpose verb for making something smaller in quantity or degree — costs, distances, risks, numbers. It contrasts with <b>senken</b>, which is more restricted to measurable, often numerical decreases (prices, temperatures, rates) and implies a deliberate downward push, whereas <b>verringern</b> covers reduction more broadly, including gradual or unintentional decreases.<br><br><b>CEFR:</b> roughly <b>B1–B2</b>."
"erstaunlich","<b>Definition:</b> Causing surprise or wonder; remarkable to a degree that provokes astonishment — often because something is unexpectedly large, good, fast, or unusual.<br><br><b>Grammar:</b> Adjective, also used adverbially: <i>ein erstaunliches Ergebnis</i>, <i>Das ist erstaunlich schnell gegangen</i>. Regular inflection: <b>erstaunlich, erstaunlicher, am erstaunlichsten</b>. Related verb: <b>erstaunen</b> (""to astonish / to be astonished""); related noun: <b>das Erstaunen</b> (""astonishment"").<br><br><b>Example:</b> <i>Es ist erstaunlich, wie schnell sich die Situation verändert hat.</i> — ""It's astonishing how quickly the situation has changed."" Another example: <i>Sie hat erstaunliche Fortschritte in kurzer Zeit gemacht.</i> — ""She has made astonishing progress in a short time.""<br><br><b>Synonym:</b> <b>erstaunlich: verblüffend / bemerkenswert / überraschend</b> depending on context<br><br><b>English:</b> <b>astonishing / amazing / remarkable / surprising</b> · <b>French:</b> <b>étonnant / surprenant / stupéfiant</b> Useful nuance: <b>erstaunlich</b> leans toward pleasant or neutral surprise at something impressive or unexpected, similar to ""amazing/remarkable."" <b>Verblüffend</b> is stronger, closer to ""stunning/baffling,"" and can carry a sense of momentary confusion, while <b>überraschend</b> simply means ""surprising"" without necessarily implying admiration.<br><br><b>CEFR:</b> roughly <b>B1–B2</b>."
"sich (Dativ) Mühe geben","<b>Definition:</b> To make an effort, to try hard — to put deliberate effort into doing something well, often used as encouragement or a mild reproach when the effort was lacking.<br><br><b>Grammar:</b> Fixed reflexive expression with <b>geben</b>: <b>sich (Dativ) Mühe geben – gab sich Mühe – hat sich Mühe gegeben</b>. Often followed by <b>mit + Dativ</b> (<i>sich Mühe geben mit etwas</i>) or <b>zu + Infinitiv</b> (<i>sich Mühe geben, etwas zu tun</i>). Related noun: <b>die Mühe</b> (""effort, trouble""); related verb: <b>sich bemühen</b>.<br><br><b>Example:</b> <i>Gib dir Mühe, das ist wichtig!</i> — ""Make an effort, this is important!"" Another example: <i>Sie hat sich große Mühe gegeben, allen Gästen ein gutes Essen zu servieren.</i> — ""She made a great effort to serve all the guests a good meal.""<br><br><b>Synonym:</b> <b>sich anstrengen / sich bemühen / sich abmühen</b> depending on context<br><br><b>English:</b> <b>to make an effort / to try hard</b> · <b>French:</b> <b>faire des efforts / se donner du mal</b> Useful nuance: <b>sich Mühe geben</b> is a common, everyday way to describe visible, deliberate effort, often with an implied comparison to a possible lack of effort — a teacher telling a student <i>Gib dir mehr Mühe!</i> (""Try harder!""). <b>Sich bemühen</b> is more formal/neutral and doesn't carry that implicit contrast as strongly.<br><br><b>CEFR:</b> roughly <b>B1</b>."
"äußerst","<b>Definition:</b> Used as an intensifying adverb before an adjective or another adverb, meaning ""extremely"" or ""to the highest degree."" As an adjective (<b>der/die/das äußerste</b>), it means ""outermost"" or ""utmost, extreme"" (a superlative of <b>äußer-</b>, ""outer"").<br><br><b>Grammar:</b> Adverb (invariable) before adjectives/adverbs: <i>äußerst wichtig</i>, <i>äußerst selten</i>. As an adjective it declines like a normal superlative before a noun: <i>im äußersten Fall</i> (""in the most extreme case""), <i>die äußerste Grenze</i> (""the outermost/utmost limit""). Related forms: <b>äußer-</b> (""outer""), <b>die Äußerung</b> (""statement, utterance,"" from the verb <b>äußern</b>, ""to express"").<br><br><b>Example:</b> <i>Die Verhandlungen sind äußerst kompliziert.</i> — ""The negotiations are extremely complicated."" Another example: <i>Das ist der äußerste Termin, den ich einhalten kann.</i> — ""That's the very last deadline I can meet.""<br><br><b>Synonym:</b> <b>äußerst (adv.): sehr / überaus / höchst / extrem</b> depending on context<br><br><b>English:</b> <b>extremely / utmost / outermost</b> · <b>French:</b> <b>extrêmement / le plus extrême, ultime</b> Useful nuance: As an intensifier, <b>äußerst</b> is more formal and emphatic than <b>sehr</b>, closer in register to <b>höchst</b> or <b>überaus</b> — commonly found in written or professional German rather than casual speech. Don't confuse it with <b>äußern</b> (""to express/utter"") or <b>äußerlich</b> (""external, superficial,"" as opposed to internal or essential).<br><br><b>CEFR:</b> roughly <b>B2</b>."
"etwas (Akkusativ) belegen (document/prove sense)","<b>Definition:</b> To prove or document something with evidence, such as sources, records, or references — to show that a fact or claim is verifiably attested somewhere (e.g., in letters, texts, or data). Distinct from the more common senses ""to reserve/book"" (<i>einen Platz belegen</i>), ""to cover/top"" (<i>ein Brot belegen</i>, ""to top a sandwich""), or ""to occupy"" (see [[besetzen]]/ <i>belegen</i>, ""to take up space"").<br><br><b>Grammar:</b> Weak verb: <b>belegen – belegte – hat belegt</b>. Transitive: <b>etwas (Akkusativ) [mit etwas (Dativ)] belegen</b> (<i>eine These mit Beispielen belegen</i>, ""to support a thesis with examples""). Frequently used as the past participle/adjective <b>belegt</b> (""attested, documented""): <i>ein belegtes Wort</i> (""an attested word""), <i>in zahlreichen Briefen belegt</i> (""attested in numerous letters""). Related noun: <b>der Beleg</b> (""piece of evidence, proof, receipt"").<br><br><b>Example:</b> <i>Der Ausdruck ist bereits im 16. Jahrhundert belegt.</i> — ""The expression is already attested in the 16th century."" Another example: <i>Er konnte seine Behauptung durch Dokumente belegen.</i> — ""He was able to support his claim with documents.""<br><br><b>Synonym:</b> <b>nachweisen / dokumentieren / bezeugen / bestätigen</b> depending on context<br><br><b>English:</b> <b>to attest / to document / to prove / to support with evidence</b> · <b>French:</b> <b>attester / documenter / prouver</b> Useful nuance: In this sense, <b>belegen</b> emphasizes that something is verifiably recorded or evidenced somewhere specific (a source, a document, a corpus), which is why it's common in philology and historical linguistics (<i>ein belegtes Wort</i> vs. a reconstructed or unattested one). <b>Nachweisen</b> is close in meaning but leans more toward formally proving or establishing a fact, while <b>bezeugen</b> emphasizes testimony or witness.<br><br><b>CEFR:</b> roughly <b>B2–C1</b>."
"das Leidwesen","<b>Definition:</b> Regret or distress felt about something, almost exclusively used in the fixed phrase <b>zu jemandes Leidwesen</b> (""to someone's regret / much to someone's dismay"").<br><br><b>Grammar:</b> Neuter noun, essentially only used in the fixed prepositional phrase <b>zu jemandes (Dativ) Leidwesen</b> or <b>zu meinem/seinem/ihrem etc. Leidwesen</b>. Rarely appears outside this construction. Related words: <b>das Leid</b> (""suffering, sorrow""), <b>leider</b> (""unfortunately"").<br><br><b>Example:</b> <i>Zu ihrem großen Leidwesen musste sie die Reise absagen.</i> — ""Much to her regret, she had to cancel the trip."" Another example: <i>Der Laden hat, zu unserem Leidwesen, schon geschlossen.</i> — ""The shop has, to our regret, already closed.""<br><br><b>Synonym:</b> <b>zu jemandes Leidwesen: zu jemandes Bedauern / leider für jemanden</b> depending on context<br><br><b>English:</b> <b>to someone's regret / much to someone's dismay</b> · <b>French:</b> <b>au grand regret de quelqu'un / au grand dam de quelqu'un</b> Useful nuance: <b>Zu jemandes Leidwesen</b> is a somewhat formal, literary way of expressing regret about a situation, more elevated in register than simply saying <b>leider</b> (""unfortunately""). It's often used with an intensifier like <b>groß</b> (<i>zu ihrem großen Leidwesen</i>) for emphasis.<br><br><b>CEFR:</b> roughly <b>C1</b>."
"drängen","<b>Definition:</b> To push, press, or urge — physically pushing/crowding (e.g., a crowd pressing forward), or figuratively urging/pressuring someone to do something or urging that something be done quickly. Also used reflexively (<b>sich drängen</b>, ""to crowd/push one's way"") and impersonally to express urgency (<b>die Zeit drängt</b>, ""time is pressing"").<br><br><b>Grammar:</b> Weak verb: <b>drängen – drängte – hat gedrängt</b>. Transitive with <b>zu + Dativ</b> or infinitive clause: <b>jemanden zu etwas drängen</b> / <b>jemanden drängen, etwas zu tun</b> (""to urge/pressure someone to do something""). Reflexive: <b>sich durch die Menge drängen</b> (""to push through the crowd""). Impersonal/intransitive: <b>die Zeit drängt</b>, <b>das Problem drängt</b> (""the problem is pressing/urgent""). Related noun: <b>der Drang</b> (""urge, impulse""); related adjective: <b>drängend</b> (""urgent, pressing"").<br><br><b>Example:</b> <i>Die Journalisten drängten den Politiker, endlich Stellung zu beziehen.</i> — ""The journalists pressed the politician to finally take a position."" Another example: <i>Die Menge drängte sich vor dem Eingang.</i> — ""The crowd pushed/crowded in front of the entrance.""<br><br><b>Synonym:</b> <b>drängeln / bedrängen / nötigen / auf etwas dringen</b> depending on context<br><br><b>English:</b> <b>to push / to urge / to pressure / to press (for time)</b> · <b>French:</b> <b>pousser / presser / insister</b> Useful nuance: <b>Drängen</b> is generally less forceful than <b>zwingen</b> (""to force"") — it implies persistent pressure or urging rather than leaving no choice. Used impersonally (<b>die Zeit drängt</b>), it conveys urgency without any human agent doing the pushing.<br><br><b>CEFR:</b> roughly <b>B2</b>."
"jemanden anstacheln","<b>Definition:</b> To incite, spur on, or goad someone into action or a stronger emotional/competitive state — often used for stirring someone up to compete, fight, or act rashly, sometimes with a negative connotation of provoking someone into doing something reckless.<br><br><b>Grammar:</b> Separable weak verb: <b>anstacheln – stachelte an – hat angestachelt</b>. Transitive: <b>jemanden [zu etwas] anstacheln</b> (<i>jemanden zum Wettbewerb anstacheln</i>, ""to spur someone on to compete""). Related noun: <b>der Stachel</b> (""thorn, spike, sting"" — the literal root image of ""prodding with a spike"").<br><br><b>Example:</b> <i>Der Trainer stachelte die Mannschaft mit provokanten Worten an.</i> — ""The coach spurred on the team with provocative words."" Another example: <i>Die Menge stachelte die beiden Streithähne noch weiter an.</i> — ""The crowd egged the two quarrelers on even further.""<br><br><b>Synonym:</b> <b>anspornen / aufhetzen / antreiben / anfeuern</b> depending on context<br><br><b>English:</b> <b>to incite / to spur on / to egg on / to goad</b> · <b>French:</b> <b>inciter / aiguillonner / exciter</b> Useful nuance: <b>Anstacheln</b> carries a more provocative, often negative undertone than the neutral <b>anspornen</b> (""to motivate/encourage""), closer to <b>aufhetzen</b> (""to incite/stir up,"" e.g., to violence) but usually less severe — it's common for describing a crowd, rival, or provocateur stirring someone into rash or aggressive action.<br><br><b>CEFR:</b> roughly <b>C1</b>."
"die Überquerung","<b>Definition:</b> The act of crossing something, typically a road, river, border, or other expanse — the noun form of the verb <b>überqueren</b> (""to cross"").<br><br><b>Grammar:</b> Feminine noun: <b>die Überquerung</b>; plural: <b>die Überquerungen</b>. Derived from the weak verb <b>überqueren – überquerte – hat überquert</b> (<i>die Straße überqueren</i>, ""to cross the street""). Often used with <b>von</b> or as a compound: <b>die Überquerung der Straße</b>, <b>die Straßenüberquerung</b>.<br><br><b>Example:</b> <i>Die Überquerung der Grenze verlief ohne Zwischenfälle.</i> — ""The crossing of the border went off without incident."" Another example: <i>An dieser Stelle ist die Überquerung der Straße besonders gefährlich.</i> — ""At this spot, crossing the street is especially dangerous.""<br><br><b>Synonym:</b> <b>das Überqueren / der Übergang / die Durchquerung</b> (for crossing an area/territory) depending on context<br><br><b>English:</b> <b>crossing (noun)</b> · <b>French:</b> <b>la traversée</b> Useful nuance: <b>Überquerung</b> specifically denotes crossing over something (a line, a road, a river, from one side to the other), while <b>Durchquerung</b> denotes crossing through an area or territory (e.g., <b>die Durchquerung der Wüste</b>, ""crossing the desert"").<br><br><b>CEFR:</b> roughly <b>B2</b>."
"leiden (unter etwas Dativ)","<b>Definition:</b> To suffer, to endure pain, hardship, or distress — often used with <b>unter + Dativ</b> to specify the cause of the suffering (a burden, condition, or circumstance), or with <b>an + Dativ</b> for an illness. The form <b>litt</b> is the simple past (Präteritum) of <b>leiden</b>.<br><br><b>Grammar:</b> Strong verb: <b>leiden – litt – hat gelitten</b>. Intransitive with prepositions: <b>unter etwas (Dativ) leiden</b> (suffering caused by a burden or situation: <i>unter der Hitze leiden</i>), <b>an etwas (Dativ) leiden</b> (suffering from an illness: <i>an einer Krankheit leiden</i>). Related noun: <b>das Leid</b> (""suffering, sorrow""); related adjective: <b>leidend</b> (""suffering, ailing"").<br><br><b>Example:</b> <i>Die Brücke litt unter dem Gewicht des schweren Verkehrs.</i> — ""The bridge suffered/strained under the weight of the heavy traffic."" Another example: <i>Er litt jahrelang an einer seltenen Krankheit.</i> — ""He suffered from a rare illness for years.""<br><br><b>Synonym:</b> <b>unter etwas leiden: sich quälen mit / zu kämpfen haben mit / geplagt sein von</b> depending on context<br><br><b>English:</b> <b>to suffer (from/under)</b> · <b>French:</b> <b>souffrir de</b> Useful nuance: <b>Unter etwas leiden</b> usually points to an external burden or circumstance causing distress (heat, pressure, someone's behavior, weight), whereas <b>an etwas leiden</b> is the standard construction for medical conditions and illnesses.<br><br><b>CEFR:</b> roughly <b>B1</b>."
"der Tross","<b>Definition:</b> A baggage train or supply train accompanying an army; more broadly, an entourage or retinue of people and equipment following and supporting someone or something, sometimes with a mildly burdensome connotation (a cumbersome trailing group).<br><br><b>Grammar:</b> Masculine noun: <b>der Tross</b>; plural: <b>die Trosse</b>. Historically military (<b>der Tross eines Heeres</b>, ""an army's baggage train""), now often used figuratively for a large accompanying group (<b>der Tross der Journalisten</b>, ""the entourage of journalists"").<br><br><b>Example:</b> <i>Der Feldherr litt unter dem Gewicht seines Trosses.</i> — ""The general suffered/was slowed under the weight of his baggage train."" Another example: <i>Dem Popstar folgte ein ganzer Tross von Assistenten und Fotografen.</i> — ""A whole entourage of assistants and photographers followed the pop star.""<br><br><b>Synonym:</b> <b>das Gefolge / die Begleitmannschaft / der Nachschub-Tross</b> depending on context<br><br><b>English:</b> <b>baggage train / entourage / retinue</b> · <b>French:</b> <b>le train (des équipages) / la suite</b> Useful nuance: <b>Tross</b> originally denoted the non-combatant supply and equipment train following an army; in modern usage it's often applied figuratively, sometimes with a faintly negative or ironic tone, to a large, cumbersome group of followers or hangers-on.<br><br><b>CEFR:</b> roughly <b>C1</b>."
"der Anspruch","<b>Definition:</b> A claim or entitlement to something (often legal or contractual), a demand or requirement, or, in the plural, elevated standards or expectations one has of oneself or something. Related to the adjective <b>anspruchsvoll</b> (see [[anspruchsvoll]], ""demanding, sophisticated"").<br><br><b>Grammar:</b> Masculine noun: <b>der Anspruch</b>; plural: <b>die Ansprüche</b>. Common construction: <b>Anspruch auf etwas (Akkusativ) haben</b> (""to be entitled to something""), <b>Anspruch auf etwas erheben</b> (""to make a claim to something""), <b>hohe Ansprüche stellen/haben</b> (""to have high standards/expectations""). Related verb: <b>etwas (Akkusativ) beanspruchen</b> (""to claim something"").<br><br><b>Example:</b> <i>Sie hat Anspruch auf eine Entschädigung.</i> — ""She is entitled to compensation."" Another example: <i>Er stellt hohe Ansprüche an sich selbst.</i> — ""He sets high standards for himself.""<br><br><b>Synonym:</b> <b>das Recht (auf etwas) / die Forderung / die Erwartung</b> depending on context<br><br><b>English:</b> <b>claim / entitlement / demand / (plural) standards</b> · <b>French:</b> <b>droit / prétention / exigence</b> Useful nuance: <b>Anspruch</b> in the singular usually refers to a concrete legal or contractual entitlement (<b>Anspruch auf Urlaub</b>, ""entitlement to vacation""), while in the plural (<b>Ansprüche</b>) it commonly shifts to mean the standards, expectations, or demands someone holds — as reflected in the adjective <b>anspruchsvoll</b>.<br><br><b>CEFR:</b> roughly <b>B2</b>."
"übergroß","<b>Definition:</b> Excessively large or oversized; used both literally (bigger than the usual or expected size) and figuratively for something present to an excessive, disproportionate degree, such as caution, fear, or pride.<br><br><b>Grammar:</b> Compound adjective: <b>über-</b> (""over-, excessive"") + <b>groß</b> (""big""). Regular inflection before a noun: <b>übergroß, übergroßer/-e/-es, am übergrößten</b>. Related words: <b>die Übergröße</b> (""oversize,"" e.g., for clothing), <b>übermäßig</b> (""excessive, immoderate"").<br><br><b>Example:</b> <i>Seine übergroße Vorsicht machte ihn im Beruf fast handlungsunfähig.</i> — ""His excessive caution made him almost incapable of acting in his profession."" Another example: <i>Im Museum steht eine übergroße Statue des Königs.</i> — ""In the museum stands an oversized statue of the king.""<br><br><b>Synonym:</b> <b>übermäßig / überaus groß / überdimensioniert (literal) / übertrieben (figurative)</b> depending on context<br><br><b>English:</b> <b>oversized / excessive</b> · <b>French:</b> <b>excessif / surdimensionné / démesuré</b> Useful nuance: <b>Übergroß</b> works both concretely (a literal larger-than-normal size, like <b>Übergröße</b> in clothing) and abstractly, where it describes a quality or emotion taken to an excessive, often counterproductive degree — similar to <b>übermäßig</b>, but <b>übergroß</b> more directly evokes the image of something having grown beyond its proper size.<br><br><b>CEFR:</b> roughly <b>B2–C1</b>."
"vorrücken","<b>Definition:</b> To move forward, to advance — often used for troops advancing on a position, but also generally for anything moving ahead in space, time, or rank (e.g., time advancing, or someone advancing to a higher position). <b>Vorrückten</b> is the simple past (Präteritum), 3rd person plural, of <b>vorrücken</b>.<br><br><b>Grammar:</b> Separable weak verb, conjugated with <b>sein</b>: <b>vorrücken – rückte vor – ist vorgerückt</b>. Intransitive: <b>die Truppen rückten vor</b> (""the troops advanced""). Can take <b>auf/gegen etwas (Akkusativ)</b> for the target (<i>auf die Stadt vorrücken</i>, ""to advance on the city""). Related noun: <b>das Vorrücken</b> (""the advance"").<br><br><b>Example:</b> <i>Die Truppen rückten langsam auf die Stadt vor.</i> — ""The troops slowly advanced on the city."" Another example: <i>Die Zeit ist schon weit vorgerückt.</i> — ""The time has already advanced/grown quite late.""<br><br><b>Synonym:</b> <b>vorstoßen / vorwärtskommen / vordringen</b> (military/spatial); <b>aufsteigen</b> (rank) depending on context<br><br><b>English:</b> <b>to advance / to move forward</b> · <b>French:</b> <b>avancer / progresser</b> Useful nuance: <b>Vorrücken</b> is especially associated with military advances (troops, front lines) but extends naturally to time (<i>die vorgerückte Stunde</i>, ""the late/advanced hour"") and to advancing in rank or seniority, distinguishing it from the more general <b>vorwärtskommen</b> (""to make progress, get ahead"").<br><br><b>CEFR:</b> roughly <b>B2</b>."
"innehalten","<b>Definition:</b> To pause, to stop briefly in the middle of an action or movement — often implying a moment of reflection, hesitation, or attentiveness rather than simply coming to a halt.<br><br><b>Grammar:</b> Separable strong verb: <b>innehalten – hielt inne – hat innegehalten</b>. Usually intransitive, sometimes with <b>mit + Dativ</b> (<i>mit der Arbeit innehalten</i>, ""to pause in one's work"") or <b>in + Dativ</b> (<i>im Gehen innehalten</i>, ""to pause while walking"").<br><br><b>Example:</b> <i>Er hielt kurz inne, bevor er weitersprach.</i> — ""He paused briefly before continuing to speak."" Another example: <i>Sie hielt beim Lesen des Briefes plötzlich inne.</i> — ""She suddenly paused while reading the letter.""<br><br><b>Synonym:</b> <b>kurz anhalten / eine Pause machen / verharren</b> depending on context<br><br><b>English:</b> <b>to pause / to stop briefly</b> · <b>French:</b> <b>s'arrêter (un instant) / marquer une pause</b> Useful nuance: <b>Innehalten</b> implies a deliberate or reflective pause — often a moment of hesitation, thought, or attentiveness — distinguishing it from <b>anhalten</b> (""to stop/halt""), which is more neutral and can describe any kind of stopping, including mechanical or involuntary.<br><br><b>CEFR:</b> roughly <b>B2</b>."
"jemandem einen Schlag versetzen","<b>Definition:</b> To deal or land someone a blow — literally a physical strike, or figuratively a severe setback, shock, or misfortune inflicted on someone.<br><br><b>Grammar:</b> Fixed idiom with <b>versetzen</b> (""to deal, administer"" — among its other meanings, ""to transfer, pawn"") + <b>der Schlag</b> (""blow, strike; also: stroke, as in a medical stroke""). Construction: <b>jemandem (Dativ) einen Schlag versetzen</b>. Intensified with adjectives: <i>einen schweren/harten Schlag versetzen</i> (""to deal a severe/hard blow"").<br><br><b>Example:</b> <i>Die Nachricht versetzte der Familie einen schweren Schlag.</i> — ""The news dealt the family a severe blow."" Another example: <i>Der Boxer versetzte seinem Gegner einen kräftigen Schlag.</i> — ""The boxer landed a powerful blow on his opponent.""<br><br><b>Synonym:</b> <b>jemanden hart treffen / jemandem zusetzen / einen Hieb versetzen</b> depending on context<br><br><b>English:</b> <b>to deal/land someone a blow</b> · <b>French:</b> <b>porter un coup à quelqu'un</b> Useful nuance: This idiom works equally well for a literal physical strike (boxing, combat) and a figurative, often severe setback or shock (bad news, a military defeat, financial loss) — the intensifying adjective (<b>schwer</b>, <b>schwerer</b>, <b>hart</b>) signals how serious the blow is.<br><br><b>CEFR:</b> roughly <b>B2–C1</b>."
"sich weigern","<b>Definition:</b> To refuse — to decline to do something, often despite pressure, request, or expectation to do it.<br><br><b>Grammar:</b> Reflexive weak verb: <b>sich weigern – weigerte sich – hat sich geweigert</b>. Followed by <b>zu + Infinitiv</b>: <b>sich weigern, etwas zu tun</b>. Related noun: <b>die Weigerung</b> (""refusal""); related verb: <b>verweigern</b> (""to refuse/deny,"" typically transitive: <i>jemandem etwas verweigern</i>, ""to deny someone something"").<br><br><b>Example:</b> <i>Er weigerte sich, den Vertrag zu unterschreiben.</i> — ""He refused to sign the contract."" Another example: <i>Die Angestellten weigerten sich, unter diesen Bedingungen weiterzuarbeiten.</i> — ""The employees refused to keep working under these conditions.""<br><br><b>Synonym:</b> <b>ablehnen / verweigern / nicht bereit sein, etwas zu tun</b> depending on context<br><br><b>English:</b> <b>to refuse</b> · <b>French:</b> <b>refuser (de faire quelque chose)</b> Useful nuance: <b>Sich weigern</b> emphasizes an active, often stated refusal to act, always followed by <b>zu + infinitive</b>. <b>Verweigern</b> is transitive and focuses on withholding or denying something specific (a service, permission, obedience) — <i>den Gehorsam verweigern</i> (""to refuse obedience"").<br><br><b>CEFR:</b> roughly <b>B1</b>."
"nachsetzen","<b>Definition:</b> To pursue or chase after someone, especially a retreating or fleeing enemy — a specifically military/tactical sense of following up on an advantage rather than a general word for ""to chase.""<br><br><b>Grammar:</b> Separable weak verb, conjugated with <b>sein</b> or <b>haben</b> depending on region/usage (commonly <b>haben</b>): <b>nachsetzen – setzte nach – hat nachgesetzt</b>. Used with a dative object (<b>jemandem nachsetzen</b>, ""to pursue someone"") or absolutely/intransitively, as in <i>sofort nachzusetzen</i> (""to pursue immediately""). Related to <b>nachjagen</b> and <b>verfolgen</b>, both closer to general ""to chase/pursue.""<br><br><b>Example:</b> <i>Die Kavallerie setzte dem fliehenden Feind nach.</i> — ""The cavalry pursued the fleeing enemy."" Another example: <i>Nach dem Sieg zögerte der General, sofort nachzusetzen.</i> — ""After the victory, the general hesitated to pursue immediately.""<br><br><b>Synonym:</b> <b>verfolgen / nachjagen / hinterherjagen</b> depending on context<br><br><b>English:</b> <b>to pursue (a retreating enemy) / to follow up (an advantage)</b> · <b>French:</b> <b>poursuivre (l'ennemi en fuite)</b> Useful nuance: <b>Nachsetzen</b> is narrower than <b>verfolgen</b>, which can mean ""to pursue/follow"" in almost any sense (including abstract, like pursuing a goal). <b>Nachsetzen</b> is specifically tied to the military/tactical context of chasing down a defeated or retreating opponent to press an advantage.<br><br><b>CEFR:</b> roughly <b>C1</b>."
"die Trägheit","<b>Definition:</b> Sluggishness or lack of drive to act — either the physical property of a body resisting a change in its state of motion (inertia, as in physics), or, applied to a person, laziness, indolence, or a general reluctance to move, act, or change.<br><br><b>Grammar:</b> Feminine noun: <b>die Trägheit</b>; usually uncountable, no plural. Derived from the adjective <b>träge</b> ( ""sluggish, inert, lazy""). Common constructions: <b>aus Trägheit</b> (""out of laziness/inertia""), <b>die Trägheit eines Körpers</b> (""the inertia of a body,"" physics), <b>geistige Trägheit</b> (""mental sluggishness, intellectual laziness""). Related physics term: <b>das Trägheitsgesetz</b> (""law of inertia""), <b>das Trägheitsmoment</b> (""moment of inertia"").<br><br><b>Example:</b> <i>Aus reiner Trägheit blieb er den ganzen Nachmittag auf dem Sofa liegen.</i> — ""Out of pure laziness, he stayed lying on the sofa all afternoon."" Another example: <i>Die Trägheit der Masse sorgt dafür, dass das Auto beim Bremsen nach vorne gedrückt wird.</i> — ""The inertia of the mass causes the car to be pushed forward when braking.""<br><br><b>Synonym:</b> <b>die Inertie</b> (physics, more technical); <b>die Faulheit / die Bequemlichkeit / die Lethargie</b> (personal sense) depending on context<br><br><b>English:</b> <b>inertia / sluggishness / laziness / indolence</b> · <b>French:</b> <b>inertie / paresse / indolence</b> Useful nuance: <b>Trägheit</b> bridges the physical and the personal: in physics it is the neutral technical term ""inertia"" (a body's resistance to changing its state of motion), while applied to a person or institution it takes on a mildly critical tone, closer to ""laziness"" or ""inertia"" in the figurative English sense (as in ""bureaucratic inertia""). <b>Faulheit</b> is more bluntly ""laziness,"" whereas <b>Trägheit</b> can also suggest a sluggish, hard-to-overcome resistance to change rather than simple unwillingness to work.<br><br><b>CEFR:</b> roughly <b>B2</b>."
"drosseln","<b>Definition:</b> To throttle, reduce, or cut back the rate, flow, speed, or supply of something, such as production, power, speed, or spending — to deliberately scale something down rather than stop it entirely. Literally (and older), <b>jemanden drosseln</b> can also mean to strangle or choke someone.<br><br><b>Grammar:</b> Weak, regular verb: <b>drosseln – drosselte – hat gedrosselt</b>. Transitive: <b>etwas (Akkusativ) drosseln</b> (<i>die Produktion drosseln</i>, ""to cut back production""; <i>das Tempo drosseln</i>, ""to reduce speed""). Frequently used as the past participle/adjective <b>gedrosselt</b>: <i>mit gedrosselter Geschwindigkeit</i> (""at reduced speed""). Related noun: <b>die Drossel</b>, which as a technical term means ""throttle valve / choke"" (and, unrelatedly, is also the word for ""thrush,"" the songbird).<br><br><b>Example:</b> <i>Wegen der Energiekrise musste das Werk seine Produktion drosseln.</i> — ""Because of the energy crisis, the plant had to cut back its production."" Another example: <i>Nach Überschreiten des Datenvolumens wird die Internetgeschwindigkeit gedrosselt.</i> — ""Once the data allowance is exceeded, the internet speed is throttled.""<br><br><b>Synonym:</b> <b>reduzieren / verringern / einschränken / herunterfahren</b> depending on context<br><br><b>English:</b> <b>to throttle / to curb / to cut back / to reduce (the rate/flow of)</b> · <b>French:</b> <b>réduire / freiner / brider / limiter</b> Useful nuance: <b>Drosseln</b> specifically implies deliberately scaling back a rate, flow, or output that was previously running at a higher level — it's the standard word for data/bandwidth ""throttling,"" reducing engine power, or cutting production quotas. <b>Einschränken</b> is broader and often applies to rights, options, or scope rather than a rate or flow, while <b>verringern</b> is a more general, neutral word for ""to decrease"" (see [[verringern]]).<br><br><b>CEFR:</b> roughly <b>B2</b>."
"erben","<b>Definition:</b> To inherit — to receive money, property, a title, or, figuratively, a trait, tendency, or situation from a predecessor (usually a deceased relative, but figuratively also from a former job holder, institution, or generation).<br><br><b>Grammar:</b> Weak, regular verb: <b>erben – erbte – hat geerbt</b>. Transitive: <b>etwas (Akkusativ) [von jemandem (Dativ)] erben</b> (<i>das Haus von der Großmutter erben</i>, ""to inherit the house from one's grandmother""). Related nouns: <b>der Erbe / die Erbin</b> (""heir / heiress""; plural <b>die Erben</b>), <b>das Erbe</b> (""the inheritance, legacy"" — note the different genders and meanings of <b>der Erbe</b> vs. <b>das Erbe</b>), <b>die Erbschaft</b> (""inheritance, estate""). Related verb: <b>jemandem etwas (Akkusativ) vererben</b> (""to bequeath something to someone,"" the active/causative counterpart).<br><br><b>Example:</b> <i>Sie hat von ihrem Onkel ein kleines Vermögen geerbt.</i> — ""She inherited a small fortune from her uncle."" Another example: <i>Der neue Minister hat von seinem Vorgänger ein schwieriges Problem geerbt.</i> — ""The new minister inherited a difficult problem from his predecessor.""<br><br><b>Synonym:</b> <b>etwas von jemandem übernehmen / etwas vererbt bekommen</b> depending on context<br><br><b>English:</b> <b>to inherit</b> · <b>French:</b> <b>hériter (de)</b> Useful nuance: <b>Erben</b> is the receiving side (""to inherit from someone""), while <b>vererben</b> is the giving side (""to bequeath/pass on to someone"") — <i>Sie vererbte ihm das Haus</i> (""She left him the house"") versus <i>Er erbte das Haus von ihr</i> (""He inherited the house from her""). Note the gender distinction between <b>der Erbe</b> (""the heir,"" masculine person) and <b>das Erbe</b> (""the inheritance/legacy,"" neuter thing).<br><br><b>CEFR:</b> roughly <b>B1</b>."
"reibungslos","<b>Definition:</b> Smooth, frictionless — proceeding without difficulties, obstacles, or conflicts; commonly describes a process, cooperation, transition, or event that goes off without a hitch.<br><br><b>Grammar:</b> Compound adjective: <b>die Reibung</b> (""friction"") + <b>-los</b> (""-less""). Also used adverbially: <i>Die Veranstaltung verlief reibungslos</i>. Regular inflection before a noun: <b>reibungslos, reibungslose, reibungsloses</b>, etc.; comparative/superlative (rare) <b>reibungsloser, am reibungslosesten</b>. Related noun: <b>die Reibung</b> (""friction,"" both physical and figurative, as in interpersonal friction).<br><br><b>Example:</b> <i>Der Umzug verlief völlig reibungslos.</i> — ""The move went off completely smoothly."" Another example: <i>Die beiden Abteilungen arbeiten reibungslos zusammen.</i> — ""The two departments work together smoothly.""<br><br><b>Synonym:</b> <b>problemlos / störungsfrei / glatt / ohne Schwierigkeiten</b> depending on context<br><br><b>English:</b> <b>smooth / frictionless / without a hitch</b> · <b>French:</b> <b>sans accroc / sans heurt / en douceur</b> Useful nuance: <b>Reibungslos</b> is most at home describing processes, cooperation, or logistics (a handover, an event, a collaboration) rather than physical objects — it emphasizes the absence of friction, delay, or conflict along the way, more process-oriented than the simpler <b>glatt</b> (""smooth,"" which can also describe physical smoothness) or <b>problemlos</b> (""without problems,"" which is more neutral and general).<br><br><b>CEFR:</b> roughly <b>B2</b>."
