"tadellos","<b>Definition:</b> Completely without faults, defects, or grounds for criticism; impeccable in quality, behavior, or condition.<br><br><b>Grammar:</b> Adjective. <i>tadellose</i> is a declined form of <i>tadellos</i>; the ending depends on case, gender, number, and article.<br><br><b>Example:</b> <i>Sie hat eine tadellose Arbeit geleistet.</i> — “She did an impeccable job.”<br><br><b>English:</b> <b>impeccable</b><br><br><b>CEFR:</b> roughly <b>B2–C1</b>."
"der Eckpfeiler","<b>Definition:</b> Literally a corner pillar; figuratively, a fundamental element or principle on which something depends.<br><br><b>Grammar:</b> Masculine noun: <i>der Eckpfeiler</i>; plural: <i>die Eckpfeiler</i>.<br><br><b>Example:</b> <i>Vertrauen ist ein Eckpfeiler jeder guten Beziehung.</i> — “Trust is a cornerstone of every good relationship.”<br><br><b>English:</b> <b>cornerstone</b><br><br><b>CEFR:</b> roughly <b>B2–C1</b>."
"jemanden (Akkusativ) einschüchtern","<b>Definition:</b> To make someone feel afraid, insecure, or less confident, often in order to influence their behavior.<br><br><b>Grammar:</b> Separable weak verb: <i>einschüchtern – schüchterte ein – hat eingeschüchtert</i>. Usually takes an accusative object: <i>jemanden einschüchtern</i>.<br><br><b>Example:</b> <i>Lass dich von ihm nicht einschüchtern.</i> — “Don’t let him intimidate you.”<br><br><b>English:</b> <b>intimidate</b><br><br><b>CEFR:</b> roughly <b>B2</b>."
"schwinden","<b>Definition:</b> To gradually become smaller, weaker, less, or disappear.<br><br><b>Grammar:</b> Strong verb: <i>schwinden – schwand – ist geschwunden</i>. <i>schwindet</i> is 3rd-person singular present.<br><br><b>Example:</b> <i>Seine Hoffnung schwindet langsam.</i> — “His hope is slowly fading.”<br><br><b>English:</b> <b>fade</b><br><br><b>CEFR:</b> roughly <b>B2–C1</b>."
"verwundbar","<b>Definition:</b> Able to be harmed, injured, attacked, or emotionally hurt; also used for systems or positions susceptible to damage.<br><br><b>Grammar:</b> Adjective. It can be used predicatively (<i>Das System ist verwundbar</i>) or declined before a noun.<br><br><b>Example:</b> <i>Ohne Unterstützung ist das System besonders verwundbar.</i> — “Without support, the system is especially vulnerable.”<br><br><b>English:</b> <b>vulnerable</b><br><br><b>CEFR:</b> roughly <b>B2</b>."
"etwas (Akkusativ) vereiteln","<b>Definition:</b> To deliberately prevent a plan, attempt, or intended event from succeeding or taking place.<br><br><b>Grammar:</b> Weak, inseparable verb: <i>vereiteln – vereitelte – hat vereitelt</i>. Usually takes an accusative object.<br><br><b>Example:</b> <i>Die Polizei konnte den Anschlag vereiteln.</i> — “The police were able to thwart the attack.”<br><br><b>English:</b> <b>thwart</b><br><br><b>CEFR:</b> roughly <b>B2–C1</b>."
"etwas (Akkusativ) untergraben","<b>Definition:</b> Literally to dig beneath something; figuratively, to gradually weaken authority, stability, trust, or effectiveness.<br><br><b>Grammar:</b> Strong, inseparable verb: <i>untergraben – untergrub – hat untergraben</i>. Takes an accusative object.<br><br><b>Example:</b> <i>Sein Verhalten untergräbt das Vertrauen im Team.</i> — “His behavior undermines trust within the team.”<br><br><b>English:</b> <b>undermine</b><br><br><b>CEFR:</b> roughly <b>B2–C1</b>."
"die Umkehrung","<b>Definition:</b> The act or result of reversing, inverting, or turning something into its opposite or reverse order.<br><br><b>Grammar:</b> Feminine noun: <i>die Umkehrung</i>; plural: <i>die Umkehrungen</i>. Related to <i>umkehren</i>.<br><br><b>Example:</b> <i>Die Umkehrung dieser Entwicklung wäre schwierig.</i> — “Reversing this development would be difficult.”<br><br><b>English:</b> <b>reversal</b><br><br><b>CEFR:</b> roughly <b>B2</b>."
"etwas (Akkusativ) erwerben","<b>Definition:</b> To obtain or acquire something such as property, rights, qualifications, knowledge, or a product.<br><br><b>Grammar:</b> Strong verb: <i>erwerben – erwarb – hat erworben</i>. Takes an accusative object: <i>etwas erwerben</i>.<br><br><b>Example:</b> <i>Dieses Zertifikat können Sie online erwerben.</i> — “You can acquire this certificate online.”<br><br><b>English:</b> <b>acquire</b><br><br><b>CEFR:</b> roughly <b>B1–B2</b>."
"jemanden/etwas (Akkusativ) vernachlässigen","<b>Definition:</b> To fail to give a person, thing, responsibility, or area the care, attention, or effort it requires.<br><br><b>Grammar:</b> Weak, inseparable verb: <i>vernachlässigen – vernachlässigte – hat vernachlässigt</i>. Takes an accusative object.<br><br><b>Example:</b> <i>Er hat seine Gesundheit jahrelang vernachlässigt.</i> — “He neglected his health for years.”<br><br><b>English:</b> <b>neglect</b><br><br><b>CEFR:</b> roughly <b>B2</b>."
"die Anmaßung","<b>Definition:</b> An unjustified or presumptuous claim to authority, importance, rights, or competence.<br><br><b>Grammar:</b> Feminine noun: <i>die Anmaßung</i>; plural: <i>die Anmaßungen</i>. Related verb: <b>sich (Dativ) etwas (Akkusativ) anmaßen</b> (<i>Ich maße mir kein Urteil an</i>).<br><br><b>Example:</b> <i>Es wäre eine Anmaßung, für alle Menschen sprechen zu wollen.</i> — “It would be presumptuous to claim to speak for everyone.”<br><br><b>English:</b> <b>presumption</b><br><br><b>CEFR:</b> roughly <b>B2–C1</b>."
"jemanden/etwas (Akkusativ) beurteilen","<b>Definition:</b> To form or express a judgment about someone or something on the basis of information, qualities, or criteria.<br><br><b>Grammar:</b> Weak, inseparable verb: <i>beurteilen – beurteilte – hat beurteilt</i>. <i>beurteilt</i> can be the past participle or a present-tense form.<br><br><b>Example:</b> <i>Man sollte andere nicht zu schnell beurteilen.</i> — “One should not judge others too quickly.”<br><br><b>English:</b> <b>judge</b><br><br><b>CEFR:</b> roughly <b>B1–B2</b>."
"das Äußere","<b>Definition:</b> A person’s or thing’s outward appearance, as opposed to inner qualities or substance.<br><br><b>Grammar:</b> Substantivized adjective: <i>das Äußere</i>. In <i>nach seinem Äußeren</i>, <i>nach</i> governs the dative, so <i>Äußeren</i> is dative singular.<br><br><b>Example:</b> <i>Man sollte einen Menschen nicht nur nach seinem Äußeren beurteilen.</i> — “One should not judge a person solely by their appearance.”<br><br><b>English:</b> <b>appearance</b><br><br><b>CEFR:</b> roughly <b>B1–B2</b>."
"eingeschüchtert sein / sich (Akkusativ) eingeschüchtert fühlen","<b>Definition:</b> Feeling afraid, insecure, or lacking in confidence because of another person, situation, or perceived threat.<br><br><b>Grammar:</b> <b>Eingeschüchtert</b> is the past participle of <b>jemanden (Akkusativ) einschüchtern – schüchterte ein – hat eingeschüchtert</b>, often used adjectivally. Common constructions: <b>eingeschüchtert sein</b>, <b>sich (Akkusativ) eingeschüchtert fühlen</b>, and <b>von jemandem/etwas (Dativ) eingeschüchtert sein</b>.<br><br><b>Example:</b> <i>Ich fühle mich von meinem neuen Chef eingeschüchtert.</i> — “I feel intimidated by my new boss.”<br><br><b>English:</b> <b>intimidated</b><br><br><b>CEFR:</b> roughly <b>B2</b>."
"etwas (Akkusativ) erringen","<b>Definition:</b> To achieve, win, or obtain something through considerable effort, struggle, or persistence. Commonly used with victories, successes, titles, and achievements.<br><br><b>Grammar:</b> Strong verb: <i>erringen – errang – hat errungen</i>. <i>errungen</i> is the past participle and the verb usually takes an accusative object.<br><br><b>Example:</b> <i>Die Mannschaft hat einen wichtigen Sieg errungen.</i> — “The team achieved an important victory.”<br><br><b>English:</b> <b>win</b><br><br><b>CEFR:</b> roughly <b>B2–C1</b>."
"der Zorn","<b>Definition:</b> A strong feeling of anger, generally more intense and elevated in tone than everyday <i>Ärger</i>. It can sound literary or solemn.<br><br><b>Grammar:</b> Masculine noun: <i>der Zorn</i>. It is normally used in the singular and has no common plural in ordinary usage. Common complements: <b>der Zorn auf jemanden/etwas (Akkusativ)</b> and <b>der Zorn über etwas (Akkusativ)</b>.<br><br><b>Example:</b> <i>Er konnte seinen Zorn kaum verbergen.</i> — “He could hardly hide his anger.”<br><br><b>English:</b> <b>wrath</b><br><br><b>CEFR:</b> roughly <b>B2</b>."
"jemandem/etwas (Dativ) zukommen","<b>Definition:</b> In this formal construction, <i>zukommen</i> means that something has, assumes, or is assigned a particular function, significance, or role.<br><br><b>Grammar:</b> Strong, separable verb: <i>zukommen – kam zu – ist zugekommen</i>. Pattern: <b>jemandem/etwas (Dativ) zukommen</b>. The role or importance is the subject: <i>Der Sprache (Dativ) kommt eine wichtige Funktion (Nominativ) zu</i>. In <i>Argumenten kommt eine Funktion zu</i>, <i>Argumenten</i> is dative while <i>eine Funktion</i> is nominative.<br><br><b>Example:</b> <i>Der Sprache kommt dabei eine wichtige Funktion zu.</i> — “Language serves an important function in this context.”<br><br><b>English:</b> <b>serve</b><br><br><b>CEFR:</b> roughly <b>B2–C1</b>."
"entscheidend","<b>Definition:</b> Extremely important in determining an outcome or development; decisive or crucial.<br><br><b>Grammar:</b> Adjective. Common complement: <b>für jemanden/etwas (Akkusativ) entscheidend sein</b>. Its ending changes according to gender, number, case, and determiner: <i>eine entscheidende Funktion</i>, <i>ein entscheidender Moment</i>.<br><br><b>Example:</b> <i>Vertrauen spielt dabei eine entscheidende Rolle.</i> — “Trust plays a crucial role in this.”<br><br><b>English:</b> <b>crucial</b><br><br><b>CEFR:</b> roughly <b>B1–B2</b>."
"jemanden (Akkusativ) von etwas (Dativ) ablenken","<b>Definition:</b> To divert someone’s attention away from something, especially from the real issue, problem, or activity.<br><br><b>Grammar:</b> Separable weak verb: <i>ablenken – lenkte ab – hat abgelenkt</i>. Common construction: <b>jemanden (Akkusativ) von etwas (Dativ) ablenken</b>. Reflexive: <b>sich (Akkusativ) ablenken</b> (“to distract oneself”). With the topic alone: <b>von etwas (Dativ) ablenken</b> (“to divert attention from something”).<br><br><b>Example:</b> <i>Er versuchte, mich von der eigentlichen Frage abzulenken.</i> — “He tried to distract me from the real question.”<br><br><b>English:</b> <b>distract</b><br><br><b>CEFR:</b> roughly <b>B1–B2</b>."
"die Spur / seine Spuren (Akkusativ) verbergen","<b>Definition:</b> A <i>Spur</i> is a trace, track, clue, or sign left behind. <i>Seine Spuren verbergen</i> means to conceal evidence of one’s actions, similar to “cover one’s tracks.”<br><br><b>Grammar:</b> Feminine noun: <i>die Spur</i>; plural: <i>die Spuren</i>. Pattern: <b>etwas (Akkusativ) vor jemandem (Dativ) verbergen</b>. <i>verbergen</i> is strong: <i>verbergen – verbarg – hat verborgen</i>.<br><br><b>Example:</b> <i>Er versuchte, seine Spuren zu verbergen.</i> — “He tried to cover his tracks.”<br><br><b>English:</b> <b>trace</b><br><br><b>CEFR:</b> roughly <b>B2</b>."
"die List","<b>Definition:</b> A clever but deceptive plan or method used to achieve something by misleading another person. It is more literary or formal than <i>Trick</i>.<br><br><b>Grammar:</b> Feminine noun: <i>die List</i>; plural: <i>die Listen</i>. Do not confuse it with <i>die Liste</i>, which means “list.”<br><br><b>Example:</b> <i>Mit einer List gelang es ihm, seine Gegner zu täuschen.</i> — “Through a ruse, he managed to deceive his opponents.”<br><br><b>English:</b> <b>ruse</b><br><br><b>CEFR:</b> roughly <b>B2–C1</b>."
"jemanden (Akkusativ) bei etwas (Dativ) ertappen","<b>Definition:</b> To catch or discover someone in the act of doing something wrong, dishonest, or intended to remain hidden.<br><br><b>Grammar:</b> Weak verb: <i>ertappen – ertappte – hat ertappt</i>. Common construction: <b>jemanden (Akkusativ) bei etwas (Dativ) ertappen</b>. Reflexive: <b>sich (Akkusativ) bei etwas (Dativ) ertappen</b> or <b>sich (Akkusativ) dabei ertappen, etwas zu tun</b> (“to catch oneself doing something”).<br><br><b>Example:</b> <i>Sie wurde beim Lügen ertappt.</i> — “She was caught lying.”<br><br><b>English:</b> <b>catch</b><br><br><b>CEFR:</b> roughly <b>B2–C1</b>."
"der Hochstapler","<b>Definition:</b> A person who deceives others by pretending to possess a higher status, qualifications, wealth, expertise, or identity than they actually have.<br><br><b>Grammar:</b> Masculine noun: <i>der Hochstapler</i>; plural: <i>die Hochstapler</i>. <i>Hochstaplern</i> is dative plural, e.g. <i>von Hochstaplern</i>.<br><br><b>Example:</b> <i>Er ließ sich von den Hochstaplern täuschen.</i> — “He was deceived by the impostors.”<br><br><b>English:</b> <b>impostor</b><br><br><b>CEFR:</b> roughly <b>B2–C1</b>."
"der Schwindler","<b>Definition:</b> Someone who deceives or cheats other people through lies, tricks, or fraudulent claims. It is broader in meaning than <i>Hochstapler</i>.<br><br><b>Grammar:</b> Masculine noun: <i>der Schwindler</i>; plural: <i>die Schwindler</i>. Feminine form: <i>die Schwindlerin</i>.<br><br><b>Example:</b> <i>Er entpuppte sich als geschickter Schwindler.</i> — “He turned out to be a skilled fraudster.”<br><br><b>English:</b> <b>fraudster</b><br><br><b>CEFR:</b> roughly <b>B2</b>."
"der Tölpel","<b>Definition:</b> A clumsy, foolish, socially awkward, or unsophisticated person. The word is derogatory and can have an old-fashioned or literary flavor.<br><br><b>Grammar:</b> Masculine noun: <i>der Tölpel</i>; plural: <i>die Tölpel</i>. <i>Tölpeln</i> is dative plural, e.g. <i>mit diesen Tölpeln</i>.<br><br><b>Example:</b> <i>Er wollte sich nicht mit diesen Tölpeln abgeben.</i> — “He didn’t want to associate with these oafs.”<br><br><b>English:</b> <b>oaf</b><br><br><b>CEFR:</b> roughly <b>B2–C1</b>."
"der Kasten","<b>Definition:</b> A box, case, crate, or other usually rectangular container. It can also refer to a crate of drinks or, colloquially, a bulky rectangular object.<br><br><b>Grammar:</b> Masculine noun: <i>der Kasten</i>; plural: <i>die Kästen</i>. This is distinct from <i>die Kaste → die Kasten</i>, meaning “caste/castes.”<br><br><b>Example:</b> <i>Im Keller steht noch ein Kasten Bier.</i> — “There’s still a crate of beer in the basement.”<br><br><b>English:</b> <b>box</b><br><br><b>CEFR:</b> roughly <b>A2–B1</b>."
"jemanden/etwas (Akkusativ) ausfindig machen","<b>Definition:</b> To find or locate someone after searching for them, often implying that the person was difficult to find or that some investigation was necessary.<br><br><b>Grammar:</b> Fixed expression: <i>jemanden/etwas ausfindig machen</i>. The person or thing being located is in the accusative. Conjugation follows <i>machen</i>: <i>macht ausfindig – machte ausfindig – hat ausfindig gemacht</i>.<br><br><b>Example:</b> <i>Die Polizei konnte den Verdächtigen schließlich ausfindig machen.</i> — “The police were finally able to locate the suspect.”<br><br><b>English:</b> <b>locate</b><br><br><b>CEFR:</b> roughly <b>B2</b>."
"das Klopfen","<b>Definition:</b> A knocking or tapping sound, usually produced by striking a surface such as a door, wall, or window. It can also describe a pounding sensation.<br><br><b>Grammar:</b> Neuter noun derived from the verb <i>klopfen</i>: <i>das Klopfen</i>. <i>Ein Klopfen</i> can be nominative or accusative singular depending on the sentence.<br><br><b>Example:</b> <i>Plötzlich hörte sie ein Klopfen an der Tür.</i> — “Suddenly she heard a knock at the door.”<br><br><b>English:</b> <b>knocking</b><br><br><b>CEFR:</b> roughly <b>A2–B1</b>."
"der Gewehrlauf","<b>Definition:</b> The long metal tube of a rifle or firearm through which the projectile travels when the weapon is fired.<br><br><b>Grammar:</b> Masculine compound noun: <i>der Gewehrlauf</i>; plural: <i>die Gewehrläufe</i>. Formed from <i>Gewehr</i> + <i>Lauf</i>.<br><br><b>Example:</b> <i>Der Gewehrlauf war auf den Boden gerichtet.</i> — “The rifle barrel was pointed at the ground.”<br><br><b>English:</b> <b>barrel</b><br><br><b>CEFR:</b> roughly <b>B2–C1</b>."
"jemanden/etwas (Akkusativ) ausschließen","<b>Definition:</b> To exclude, rule out, or prevent something from being considered or possible. <i>Ausgeschlossen</i> can also mean “out of the question” or “impossible.”<br><br><b>Grammar:</b> Strong separable verb: <i>ausschließen – schloss aus – hat ausgeschlossen</i>. <i>Ausgeschlossen</i> is the past participle and can also be used adjectivally. For exclusion from a group or activity, use <b>jemanden (Akkusativ) aus etwas (Dativ) / von etwas (Dativ) ausschließen</b>, for example <i>aus dem Verein</i> or <i>von der Teilnahme</i>.<br><br><b>Example:</b> <i>Ein technischer Fehler kann nicht ausgeschlossen werden.</i> — “A technical error cannot be ruled out.”<br><br><b>English:</b> <b>exclude</b><br><br><b>CEFR:</b> roughly <b>B1–B2</b>."
"jemanden/etwas (Akkusativ) bedienen / sich (Akkusativ) bedienen / sich (Akkusativ) einer Sache (Genitiv) bedienen","<b>Definition:</b> To serve a person, especially a customer, or to operate/use a machine or device. The exact meaning depends strongly on context.<br><br><b>Grammar:</b> Weak verb: <i>bedienen – bediente – hat bedient</i>. <i>Bedient</i> can be the past participle or a present-tense form: <i>er bedient / ihr bedient</i>. Reflexive <b>sich (Akkusativ) bedienen</b> means “to help oneself.” <b>Sich (Akkusativ) einer Sache (Genitiv) bedienen</b> means “to make use of something,” for example <i>sich eines Tricks bedienen</i>.<br><br><b>Example:</b> <i>Der Kellner hat die Gäste schnell bedient.</i> — “The waiter served the guests quickly.”<br><br><b>English:</b> <b>serve</b><br><br><b>CEFR:</b> roughly <b>B1–B2</b>."
"sich (Akkusativ) senken","<b>Definition:</b> To gradually move downward, become lower, or descend. <i>Nach und nach</i> emphasizes that the change happens little by little rather than suddenly.<br><br><b>Grammar:</b> Reflexive weak verb: <i>sich senken – senkte sich – hat sich gesenkt</i>. <i>Nach und nach</i> is an adverbial expression meaning “gradually.” A directional phrase can describe where something descends: <b>sich (Akkusativ) über etwas (Akkusativ) senken</b>, for example <i>über das Tal</i>. The verb can also stand without this phrase.<br><br><b>Example:</b> <i>Der Nebel senkte sich nach und nach über das Tal.</i> — “The fog gradually descended over the valley.”<br><br><b>English:</b> <b>descend</b><br><br><b>CEFR:</b> roughly <b>B1–B2</b>."
"jemanden/etwas (Akkusativ) mit etwas (Dativ) überschütten","<b>Definition:</b> Literally, to pour or shower something over someone or something. Figuratively, it often means to overwhelm someone with praise, criticism, gifts, questions, or similar things.<br><br><b>Grammar:</b> Weak inseparable verb: <i>überschütten – überschüttete – hat überschüttet</i>. Common construction: <i>jemanden mit etwas überschütten</i>.<br><br><b>Example:</b> <i>Nach dem Erfolg wurde sie mit Glückwünschen überschüttet.</i> — “After the success, she was showered with congratulations.”<br><br><b>English:</b> <b>shower</b><br><br><b>CEFR:</b> roughly <b>B2–C1</b>."
"die Anleitung","<b>Definition:</b> Instructions or guidance explaining how to do, use, assemble, or operate something. Depending on context, it can mean a manual, set of instructions, or guidance.<br><br><b>Grammar:</b> Feminine noun: <i>die Anleitung</i>; plural: <i>die Anleitungen</i>. Common constructions: <b>die Anleitung für etwas (Akkusativ)</b> and <b>die Anleitung zu etwas (Dativ)</b>, for example <i>eine Anleitung für das Gerät</i> and <i>eine Anleitung zum Aufbau</i>.<br><br><b>Example:</b> <i>Bitte lesen Sie zuerst die Anleitung.</i> — “Please read the instructions first.”<br><br><b>English:</b> <b>instructions</b><br><br><b>CEFR:</b> roughly <b>A2–B1</b>."
"mit etwas (Dativ) zögern / zögern, etwas zu tun","<b>Definition:</b> To hesitate or delay acting because of uncertainty or reluctance. <b>Zögernd</b> describes acting hesitantly or without confidence.<br><br><b>Grammar:</b> Weak verb: <b>zögern – zögerte – hat gezögert</b>. Common patterns: <b>mit etwas (Dativ) zögern</b> and <b>zögern, etwas zu tun</b>. <b>Zögernd</b> is its present participle, used adjectivally or adverbially: <i>eine zögernde Antwort</i> / <i>zögernd antworten</i>.<br><br><b>Example:</b> <i>Er öffnete zögernd die Tür.</i> — “He hesitantly opened the door.”<br><br><b>English:</b> <b>hesitate</b>; <b>zögernd:</b> <b>hesitant / hesitantly</b><br><br><b>CEFR:</b> roughly <b>B1–B2</b>."
"jemanden (Akkusativ) belästigen","<b>Definition:</b> To bother, disturb, annoy, or harass someone, especially in an intrusive or repeated way.<br><br><b>Grammar:</b> Weak verb: <i>belästigen – belästigte – hat belästigt</i>. Usually takes an accusative object: <i>jemanden belästigen</i>.\<br><br><b>Example:</b> <i>Bitte belästigen Sie die anderen Gäste nicht.</i> — “Please do not bother the other guests.”<br><br><b>English:</b> <b>harass</b><br><br><b>CEFR:</b> roughly <b>B2</b>."
"allmählich","<b>Definition:</b> Happening slowly and progressively over time, rather than suddenly; little by little.<br><br><b>Grammar:</b> Adverb. It describes a gradual change or development over time.\<br><br><b>Example:</b> <i>Sein Vertrauen schwand allmählich.</i> — “His trust gradually faded.”\<br><br><b>English:</b> <b>gradually</b><br><br><b>CEFR:</b> roughly <b>B1–B2</b>."
"verdächtig","<b>Definition:</b> Making someone seem suspicious or likely to be involved in wrongdoing, or giving the impression that something is questionable, dishonest, or dangerous. It can describe a person, behavior, object, or situation.<br><br><b>Grammar:</b> Adjective. It can be used predicatively (<i>Er wirkt verdächtig</i>) or declined before a noun: <i>ein verdächtiger Mann</i>, <i>eine verdächtige Situation</i>. Formal complement: <b>einer Sache (Genitiv) verdächtig sein</b>, for example <i>des Diebstahls verdächtig sein</i> (“to be suspected of theft”). It is often used in police, legal, and everyday contexts.<br><br><b>Example:</b> <i>Die Polizei hielt den Mann wegen seines verdächtigen Verhaltens an.</i> — “The police stopped the man because of his suspicious behavior.”<br><br><b>English:</b> <b>suspicious / suspect / dubious</b><br><br><b>CEFR:</b> roughly <b>B1–B2</b>."
"der Strich","<b>Definition:</b> A line, stroke, mark, or strip; also used figuratively for a small amount, a trace, or a single act of crossing out or making a mark. In context, it can also mean a streak, a slash, or a short line segment.<br><br><b>Grammar:</b> Masculine noun: <i>der Strich</i>; plural: <i>die Striche</i>. It appears in expressions such as <i>ein Strich durch die Rechnung</i> (“a spanner in the works”), <i>den Strich ziehen</i> (“to draw the line / to set a limit”), and <i>eine Linie ziehen</i> in some contexts. The exact meaning depends heavily on context.<br><br><b>Example:</b> <i>Ein Strich durch die Rechnung! Jetzt müssen wir alles neu planen.</i> — “A spanner in the works! Now we have to plan everything again.”<br><br><b>English:</b> <b>line / stroke / mark / streak</b><br><br><b>CEFR:</b> roughly <b>A2–B1</b>."
"jemanden/etwas (Akkusativ) als … einstufen","<b>Definition:</b> To classify, categorize, rate, or assess someone or something by assigning them to a particular category, level, group, or degree of importance or risk.<br><br><b>Grammar:</b> Separable weak verb: <i>einstufen – stufte ein – hat eingestuft</i>. Common constructions: <b>jemanden/etwas (Akkusativ) als … einstufen</b> and <b>jemanden/etwas (Akkusativ) in eine Kategorie (Akkusativ) einstufen</b>. <b>Als</b> can introduce an adjective (<i>als gefährlich</i>) or a noun phrase matching the object's case (<i>ihn als einen zuverlässigen Mitarbeiter einstufen</i>); it does not independently govern a fixed case.<br><br><b>Example:</b> <i>Die Behörden stuften die Situation als gefährlich ein.</i> — “The authorities classified the situation as dangerous.”<br><br><b>English:</b> <b>classify</b><br><br><b>CEFR:</b> roughly <b>B2–C1</b>."
"schändlich","<b>Definition:</b> Morally disgraceful, shameful, or dishonorable; describing an action or behavior that deserves strong condemnation. It has a somewhat elevated or literary tone.<br><br><b>Grammar:</b> Adjective. It can be used predicatively (<i>Das war schändlich</i>) or declined before a noun: <i>eine schändliche Tat</i>.<br><br><b>Example:</b> <i>Er wurde für sein schändliches Verhalten scharf kritisiert.</i> — “He was harshly criticized for his disgraceful behavior.”<br><br><b>English:</b> <b>disgraceful</b><br><br><b>CEFR:</b> roughly <b>B2–C1</b>."
"die Wohltätigkeit","<b>Definition:</b> The act or practice of helping people in need, especially through donations, financial support, or organized charitable work. It can also refer more generally to charitable activity or benevolence.<br><br><b>Grammar:</b> Feminine noun: <i>die Wohltätigkeit</i>. It is usually used in the singular. The related adjective is <i>wohltätig</i> (“charitable”).<br><br><b>Example:</b> <i>Sie engagiert sich seit Jahren für wohltätige Zwecke.</i> — “She has been involved in charitable causes for years.”<br><br><b>English:</b> <b>charity</b><br><br><b>CEFR:</b> roughly <b>B2–C1</b>."
"jemandem (Dativ) einen Schritt voraus sein","<b>Definition:</b> To be in a more advanced, informed, or advantageous position than someone else, often because you have anticipated what will happen next.<br><br><b>Grammar:</b> Idiomatic expression, usually used with <i>sein</i>: <i>jemandem einen Schritt voraus sein</i>. The person being surpassed is in the dative.<br><br><b>Example:</b> <i>Sie ist ihren Konkurrenten immer einen Schritt voraus.</i> — “She is always one step ahead of her competitors.”<br><br><b>Synonym:</b> <b>im Vorteil / voraus</b><br><br><b>English:</b> <b>one step ahead</b> · <b>French:</b> <b>avoir une longueur d’avance</b><br><br><b>CEFR:</b> roughly <b>B1–B2</b>."
"die Leibwache","<b>Definition:</b> A group of guards responsible for protecting an important, powerful, or endangered person from attack or other threats.<br><br><b>Grammar:</b> Feminine noun: <i>die Leibwache</i>; plural: <i>die Leibwachen</i>. Often used collectively for a person’s bodyguards.<br><br><b>Example:</b> <i>Der Präsident wurde von seiner Leibwache zum Fahrzeug begleitet.</i> — “The president was escorted to the vehicle by his bodyguards.”<br><br><b>Synonym:</b> <b>der Personenschutz / die Schutztruppe</b><br><br><b>English:</b> <b>bodyguard / security detail</b> · <b>French:</b> <b>garde du corps</b><br><br><b>CEFR:</b> roughly <b>B2–C1</b>."
"jemanden/etwas (Akkusativ) mit etwas (Dativ) versorgen","<b>Definition:</b> To provide a person, group, or place with something they need, such as food, energy, information, or medical care. It can also mean to look after or care for someone.<br><br><b>Grammar:</b> Weak, inseparable verb: <i>versorgen – versorgte – hat versorgt</i>. Common construction: <i>jemanden mit etwas versorgen</i> (“to provide someone with something”), where <i>jemanden</i> is accusative and <i>mit etwas</i> takes the dative.<br><br><b>Example:</b> <i>Das Krankenhaus versorgt die Patienten mit Medikamenten.</i> — “The hospital provides the patients with medication.”<br><br><b>Synonym:</b> <b>beliefern / betreuen / sich (Akkusativ) um jemanden/etwas (Akkusativ) kümmern</b><br><br><b>English:</b> <b>provide / supply / care for</b> · <b>French:</b> <b>fournir / approvisionner / soigner</b><br><br><b>CEFR:</b> roughly <b>B1–B2</b>."
"gewaltig","<b>Definition:</b> Very large, powerful, intense, or impressive in size, force, extent, or effect. Depending on context, it can describe physical magnitude, strength, impact, or degree.<br><br><b>Grammar:</b> Adjective. It can be used predicatively (<i>Der Unterschied ist gewaltig</i>) or declined before a noun (<i>eine gewaltige Kraft</i>).<br><br><b>Example:</b> <i>Der Sturm richtete gewaltige Schäden an.</i> — “The storm caused tremendous damage.”<br><br><b>Synonym:</b> <b>enorm / riesig / mächtig</b><br><br><b>English:</b> <b>enormous / tremendous</b> · <b>French:</b> <b>énorme / formidable</b><br><br><b>CEFR:</b> roughly <b>B1–B2</b>."
"der Rückzug","<b>Definition:</b> A retreat, withdrawal, or pulling back from a position, conflict, responsibility, or public engagement. It can refer to a physical retreat, a strategic withdrawal, or a gradual disengagement from a situation.<br><br><b>Grammar:</b> Masculine noun: <i>der Rückzug</i>; plural: <i>die Rückzüge</i>. It is often used in military, political, personal, or strategic contexts, e.g. <i>einen Rückzug vorbereiten</i> (“to prepare a withdrawal”). Common complement: <b>der Rückzug aus etwas (Dativ)</b>, for example <i>der Rückzug aus der Politik</i>.<br><br><b>Example:</b> <i>Nach dem Streit kündigte er seinen Rückzug aus dem Verein an.</i> — “After the argument, he announced that he would leave the club.”<br><br><b>English:</b> <b>retreat / withdrawal</b><br><br><b>CEFR:</b> roughly <b>B2</b>."
"jemandem (Dativ) zu etwas (Dativ) verhelfen","<b>Definition:</b> To help someone obtain or achieve something, such as success, recognition, or independence.<br><br><b>Grammar:</b> <i>verhelfen</i> is a strong, inseparable verb: <i>verhelfen – verhalf – hat verholfen</i>. Standard construction: <i>jemandem zu etwas verhelfen</i>, with the person in the dative and <i>zu</i> + dative for the thing achieved. Reflexive <i>sich verhelfen</i> is possible only in limited contexts and is less idiomatic.<br><br><b>Example:</b> <i>Der neue Job verhalf ihm zu finanzieller Unabhängigkeit.</i> — “The new job helped him achieve financial independence.”<br><br><b>Synonym:</b> <b>jemandem (Dativ) helfen, etwas zu erreichen / jemandem (Dativ) etwas (Akkusativ) ermöglichen</b><br><br><b>English:</b> <b>help attain / enable to achieve</b> · <b>French:</b> <b>aider à obtenir / permettre d’atteindre</b><br><br><b>CEFR:</b> roughly <b>B2–C1</b>."
"jemanden (Akkusativ) täuschen / sich (Akkusativ) in jemandem/etwas (Dativ) täuschen","<b>Definition:</b> To make someone believe something that is false or misleading, either deliberately or because appearances create a wrong impression. Reflexively, <i>sich täuschen</i> means to be mistaken.<br><br><b>Grammar:</b> Weak verb: <i>täuschen – täuschte – hat getäuscht</i>. Common constructions: <b>jemanden (Akkusativ) täuschen</b>; <b>sich (Akkusativ) in jemandem/etwas (Dativ) täuschen</b>; <b>sich (Akkusativ) bei etwas (Dativ) täuschen</b>.<br><br><b>Example:</b> <i>Der Betrüger versuchte, die Kunden mit gefälschten Unterlagen zu täuschen.</i> — “The fraudster tried to deceive the customers with forged documents.”<br><br><b>Synonym:</b> <b>irreführen / betrügen / einen falschen Eindruck vermitteln</b><br><br><b>English:</b> <b>deceive / mislead</b> · <b>French:</b> <b>tromper / induire en erreur</b><br><br><b>CEFR:</b> roughly <b>B1–B2</b>."
"der Ermittler","<b>Definition:</b> A person who investigates a crime, suspicious event, or other matter in order to establish what happened and identify those responsible.<br><br><b>Grammar:</b> Masculine noun: <b>der Ermittler</b>; plural: <b>die Ermittler</b>; feminine: <b>die Ermittlerin</b>. <b>Ermittlern</b> is the dative plural. In <i>den Ermittlern</i>, the dative plural normally takes the additional <b>-n</b>: <i>den Ermittlern</i>.<br><br><b>Example:</b> <i>Nach tagelanger Suche gelang es den Ermittlern, den Zeugen ausfindig zu machen.</i> — “After days of searching, the investigators managed to locate the witness.”<br><br><b>Synonym:</b> <b>der Untersuchungsbeamte / der Fahnder</b><br><br><b>English:</b> <b>investigator / detective</b> · <b>French:</b> <b>enquêteur / enquêtrice</b><br><br><b>CEFR:</b> roughly <b>B2</b>."
"jemandem/etwas (Dativ) überlegen sein","<b>Definition:</b> Better, stronger, more capable, or in a more advantageous position than someone or something else.<br><br><b>Grammar:</b> Adjective. Very commonly used with the dative: <i>jemandem überlegen sein</i>.<br><br><b>Example:</b> <i>Sie war ihren Konkurrenten strategisch überlegen.</i> — “She was strategically superior to her competitors.”<br><br><b>Synonym:</b> <b>besser / stärker / im Vorteil</b><br><br><b>English:</b> <b>superior / better</b> · <b>French:</b> <b>supérieur / avantagé</b><br><br><b>CEFR:</b> roughly <b>B2</b>."
"die Feindseligkeit","<b>Definition:</b> A hostile, unfriendly, or antagonistic attitude or behavior toward another person, group, or idea. It can refer either to a general feeling of hostility or to specific hostile actions or remarks.<br><br><b>Grammar:</b> Feminine noun: <i>die Feindseligkeit</i>; plural: <i>die Feindseligkeiten</i>. The plural often refers to hostile acts or open conflict between opposing sides. Common complement: <b>die Feindseligkeit gegenüber jemandem/etwas (Dativ)</b>.<br><br><b>Example:</b> <i>Zwischen den beiden Gruppen herrschte offene Feindseligkeit.</i> — “There was open hostility between the two groups.”<br><br><b>Synonym:</b> <b>die Feindschaft / die Ablehnung / die feindliche Haltung</b><br><br><b>English:</b> <b>hostility / animosity</b> · <b>French:</b> <b>hostilité / animosité</b><br><br><b>CEFR:</b> roughly <b>B2–C1</b>."
"jemanden/etwas (Akkusativ) verabscheuen","<b>Definition:</b> To feel very strong dislike, disgust, or moral rejection toward someone or something. It is stronger and often more emphatic than <i>nicht mögen</i> and can express both hatred and deep aversion.<br><br><b>Grammar:</b> Weak, inseparable verb: <i>verabscheuen – verabscheute – hat verabscheut</i>. Usually takes an accusative object: <i>jemanden/etwas verabscheuen</i>.<br><br><b>Example:</b> <i>Sie verabscheut jede Form von Gewalt.</i> — “She detests every form of violence.”<br><br><b>Synonym:</b> <b>hassen / zutiefst ablehnen / abscheulich finden</b><br><br><b>English:</b> <b>detest / loathe / abhor</b> · <b>French:</b> <b>détester / abhorrer</b><br><br><b>CEFR:</b> roughly <b>B2–C1</b>."
"das Leid","<b>Definition:</b> Physical or emotional suffering, pain, sorrow, or distress. Compared with <i>Elend</i>, <i>Leid</i> is broader and often refers more directly to the experience of suffering itself rather than to a miserable condition or severe poverty.<br><br><b>Grammar:</b> Neuter noun: <i>das Leid</i>. Usually used in the singular. Common expressions include <i>jemandem Leid zufügen</i> (“to cause someone suffering”), <i>Leid erfahren</i> (“to experience suffering”), and <i>es tut mir leid</i> (“I’m sorry”), although the last expression has developed an idiomatic meaning.<br><br><b>Example:</b> <i>Der Krieg brachte der Bevölkerung großes Leid.</i> — “The war brought great suffering to the population.”<br><br><b>Synonym:</b> <b>der Kummer / der Schmerz / die Qual / das Elend</b><br><br><b>English:</b> <b>suffering / sorrow / pain / grief</b> · <b>French:</b> <b>souffrance / peine / douleur / chagrin</b><br><br><b>CEFR:</b> roughly <b>B1–B2</b>."
"das Elend","<b>Definition:</b> A state of severe suffering, misery, hardship, or poverty. It can describe both material deprivation and intense emotional or human suffering.<br><br><b>Grammar:</b> Neuter noun: <i>das Elend</i>. It is usually used in the singular and has no common plural in standard usage.<br><br><b>Example:</b> <i>Viele Menschen lebten nach dem Krieg in großem Elend.</i> — “Many people lived in great misery after the war.”<br><br><b>Synonym:</b> <b>die Not / der Jammer / das große Leid</b><br><br><b>English:</b> <b>misery / destitution / suffering</b> · <b>French:</b> <b>misère / détresse</b><br><br><b>CEFR:</b> roughly <b>B1–B2</b>."
"etwas (Akkusativ) abnutzen / sich (Akkusativ) abnutzen","<b>Definition:</b> To wear something down through use; reflexively, to become worn through use. <b>Abgenutzt</b> means worn out or showing signs of heavy use, and can also describe an expression or idea that has become stale through repetition.<br><br><b>Grammar:</b> Separable weak verb: <b>abnutzen – nutzte ab – hat abgenutzt</b>. Patterns: <b>etwas (Akkusativ) abnutzen</b> and <b>sich (Akkusativ) abnutzen – nutzte sich ab – hat sich abgenutzt</b>. <b>Abgenutzt</b> is the past participle, also used adjectivally.<br><br><b>Example:</b> <i>Der Teppich ist an den Rändern stark abgenutzt.</i> — “The carpet is badly worn at the edges.”<br><br><b>Synonym:</b> <b>etwas (Akkusativ) verschleißen / sich (Akkusativ) verschleißen</b>; <b>abgenutzt:</b> <b>verschlissen / abgetragen</b><br><br><b>English:</b> <b>wear down / wear out</b>; <b>abgenutzt:</b> <b>worn / worn out / threadbare</b> · <b>French:</b> <b>user / s’user</b>; <b>abgenutzt:</b> <b>usé / élimé</b><br><br><b>CEFR:</b> roughly <b>B2</b>."
"die Geistesgegenwart","<b>Definition:</b> The ability to remain mentally alert, calm, and capable of reacting quickly and appropriately in a sudden, difficult, or dangerous situation.<br><br><b>Grammar:</b> Feminine noun: <i>die Geistesgegenwart</i>. It is generally used in the singular. Common expression: <i>Geistesgegenwart beweisen / zeigen</i>.<br><br><b>Example:</b> <i>Dank ihrer Geistesgegenwart konnte sie Schlimmeres verhindern.</i> — “Thanks to her presence of mind, she was able to prevent something worse.”<br><br><b>Synonym:</b> <b>die Besonnenheit / die Reaktionsschnelligkeit / die Umsicht</b><br><br><b>English:</b> <b>presence of mind / quick-wittedness</b> · <b>French:</b> <b>présence d’esprit / sang-froid</b><br><br><b>CEFR:</b> roughly <b>B2–C1</b>."
"widrig","<b>Definition:</b> Unfavorable, adverse, or obstructive; used for circumstances, conditions, or situations that make something more difficult or work against a desired outcome. It is especially common in the expression <i>widrige Umstände</i>.<br><br><b>Grammar:</b> Adjective. Often used attributively: <i>widrige Umstände</i>, <i>widrige Bedingungen</i>. The declined ending changes according to case, gender, number, and article.<br><br><b>Example:</b> <i>Trotz widriger Umstände setzte sie ihre Arbeit fort.</i> — “Despite adverse circumstances, she continued her work.”<br><br><b>Synonym:</b> <b>ungünstig / hinderlich / nachteilig / schwierig</b><br><br><b>English:</b> <b>adverse / unfavorable</b> · <b>French:</b> <b>défavorable / adverse</b><br><br><b>CEFR:</b> roughly <b>B2–C1</b>."
"der Aufruhr","<b>Definition:</b> A state of intense public disturbance, disorder, or agitation, often involving a crowd, protest, rebellion, or violent unrest. It can also be used figuratively for great emotional or social turmoil.<br><br><b>Grammar:</b> Masculine noun: <i>der Aufruhr</i>. It is usually used in the singular. Common expressions: <i>in Aufruhr geraten</i>, <i>für Aufruhr sorgen</i>.<br><br><b>Example:</b> <i>Die umstrittene Entscheidung versetzte die Bevölkerung in Aufruhr.</i> — “The controversial decision threw the population into uproar.”<br><br><b>Synonym:</b> <b>die Unruhe / der Tumult / der Aufstand / die Unruhen (Plural)</b><br><br><b>English:</b> <b>uproar / unrest / turmoil</b> · <b>French:</b> <b>agitation / troubles / tumulte</b><br><br><b>CEFR:</b> roughly <b>B2–C1</b>."
"unmittelbar","<b>Definition:</b> Directly, immediately, or without anything intervening in space, time, or connection. Depending on context, it can mean “right next to,” “straight after,” or “directly connected.”<br><br><b>Grammar:</b> Adjective or adverb. As an adjective, it is declined: <i>die unmittelbare Nähe</i>, <i>ein unmittelbarer Zusammenhang</i>. As an adverb, it remains unchanged: <i>unmittelbar danach</i>.<br><br><b>Example:</b> <i>Das Hotel liegt unmittelbar am Bahnhof.</i> — “The hotel is located directly next to the train station.”<br><br><b>Synonym:</b> <b>direkt / sofort / unmittelbar folgend</b><br><br><b>English:</b> <b>immediate / direct / directly</b> · <b>French:</b> <b>immédiat / direct / directement</b><br><br><b>CEFR:</b> roughly <b>B1–B2</b>."
"gerecht","<b>Definition:</b> Fair, just, or appropriate according to moral principles, rules, or what someone deserves. Depending on context, it can describe a person, decision, treatment, distribution, or outcome.<br><br><b>Grammar:</b> Adjective. It can be used predicatively (<i>Das ist gerecht</i>) or declined before a noun: <i>eine gerechte Entscheidung</i>, <i>ein gerechter Lohn</i>.<br><br><b>Example:</b> <i>Alle Mitarbeiter sollten gerecht behandelt werden.</i> — “All employees should be treated fairly.”<br><br><b>Synonym:</b> <b>fair / angemessen / rechtmäßig</b><br><br><b>English:</b> <b>fair / just / equitable</b> · <b>French:</b> <b>juste / équitable</b><br><br><b>CEFR:</b> roughly <b>A2–B1</b>."
"auf etwas (Dativ) beharren","<b>Definition:</b> To continue firmly insisting on an opinion, demand, position, or course of action and refuse to change it, even when others disagree or apply pressure.<br><br><b>Grammar:</b> Inseparable weak verb: <i>beharren – beharrte – hat beharrt</i>. Most commonly used with <b>auf + dative</b>: <i>auf etwas beharren</i> (“to insist on something”).<br><br><b>Example:</b> <i>Sie beharrte auf ihrer ursprünglichen Entscheidung.</i> — “She insisted on her original decision.”<br><br><b>Synonym:</b> <b>auf etwas (Dativ) bestehen / an etwas (Dativ) festhalten / nicht nachgeben</b><br><br><b>English:</b> <b>insist / persist / stand firm</b> · <b>French:</b> <b>insister / persister / maintenir</b><br><br><b>CEFR:</b> roughly <b>B2–C1</b>."
"der Gipfel","<b>Definition:</b> The highest point or summit of a mountain. Figuratively, it can also refer to the highest point, peak, or culmination of an achievement, development, or period.<br><br><b>Grammar:</b> Masculine noun: <i>der Gipfel</i>; plural: <i>die Gipfel</i>. Common expressions include <i>den Gipfel erreichen</i> (“to reach the summit”) and <i>auf dem Gipfel stehen</i> (“to stand at the summit”).<br><br><b>Example:</b> <i>Nach mehreren Stunden erreichten die Bergsteiger endlich den Gipfel.</i> — “After several hours, the climbers finally reached the summit.”<br><br><b>English:</b> <b>summit / peak</b> · <b>French:</b> <b>sommet</b><br><br><b>CEFR:</b> roughly <b>A2–B1</b>."
"etwas (Akkusativ) erklimmen","<b>Definition:</b> To climb or ascend something, especially a mountain, summit, steep path, or height. It often suggests reaching a high point through physical effort and is somewhat more elevated in style than simply <i>steigen</i>.<br><br><b>Grammar:</b> Strong verb: <b>erklimmen – erklomm – hat erklommen</b>. It takes an accusative object: <i>einen Berg / einen Gipfel erklimmen</i>.<br><br><b>Example:</b> <i>Sie wollten den höchsten Gipfel der Region erklimmen.</i> — “They wanted to climb the highest peak in the region.”<br><br><b>English:</b> <b>climb / scale / ascend</b> · <b>French:</b> <b>gravir / escalader</b><br><br><b>CEFR:</b> roughly <b>B2–C1</b>."
"der Neid","<b>Definition:</b> A feeling of resentment or dissatisfaction caused by wanting something that another person has, such as success, possessions, abilities, or advantages.<br><br><b>Grammar:</b> Masculine noun: <i>der Neid</i>. It is usually used in the singular. Common complement: <b>der Neid auf jemanden/etwas (Akkusativ)</b>. Common expressions include <i>Neid auf jemanden haben</i> (“to be envious of someone”) and <i>vor Neid erblassen</i> (“to turn pale with envy”).<br><br><b>Example:</b> <i>Er betrachtete den Erfolg seines Kollegen mit unverhohlenem Neid.</i> — “He looked at his colleague’s success with undisguised envy.”<br><br><b>English:</b> <b>envy / jealousy</b> · <b>French:</b> <b>envie / jalousie</b><br><br><b>CEFR:</b> roughly <b>B1–B2</b>."
"töricht","<b>Definition:</b> Foolish, unwise, or lacking good judgment; describing a decision, action, or person that shows poor sense.<br><br><b>Grammar:</b> Adjective. It can be used predicatively (<i>Das war töricht</i>) or declined before a noun: <i>eine törichte Entscheidung</i>.<br><br><b>Example:</b> <i>Es wäre töricht, diese Warnung einfach zu ignorieren.</i> — “It would be foolish to simply ignore this warning.”<br><br><b>English:</b> <b>foolish / unwise</b> · <b>French:</b> <b>insensé / imprudent / sot</b><br><br><b>CEFR:</b> roughly <b>B2–C1</b>."
"der Rang","<b>Definition:</b> A position or level within a hierarchy, organization, profession, or social structure. It can also refer more generally to status, standing, or importance.<br><br><b>Grammar:</b> Masculine noun: <i>der Rang</i>; plural: <i>die Ränge</i>. Common expressions include <i>einen hohen Rang haben</i> (“to hold a high rank”), <i>im Rang über jemandem stehen</i> (“to outrank someone”), and <i>von hohem Rang sein</i> (“to be of high importance”).<br><br><b>Example:</b> <i>Er bekleidete einen hohen Rang innerhalb der Organisation.</i> — “He held a high rank within the organization.”<br><br><b>English:</b> <b>rank / status / standing</b> · <b>French:</b> <b>rang / statut / position</b><br><br><b>CEFR:</b> roughly <b>B2</b>."
"sich (Akkusativ) mit etwas (Dativ) brüsten","<b>Definition:</b> To boast, brag, or speak proudly about one’s achievements, possessions, qualities, or connections, often in a way that seems self-important or excessive.<br><br><b>Grammar:</b> Reflexive verb: <i>sich brüsten – brüstete sich – hat sich gebrüstet</i>. Common construction: <i>sich mit etwas brüsten</i>, where <i>mit</i> takes the dative.<br><br><b>Example:</b> <i>Er brüstete sich mit seinen beruflichen Erfolgen.</i> — “He boasted about his professional achievements.”<br><br><b>English:</b> <b>boast / brag</b> · <b>French:</b> <b>se vanter / se targuer</b><br><br><b>CEFR:</b> roughly <b>B1–B2</b>."
"die Zuneigung","<b>Definition:</b> A warm feeling of affection, fondness, or emotional attachment toward another person, animal, or sometimes a place or thing.<br><br><b>Grammar:</b> Feminine noun: <i>die Zuneigung</i>. Usually used in the singular. Common complements: <b>die Zuneigung zu jemandem/etwas (Dativ)</b> and <b>die Zuneigung für jemanden/etwas (Akkusativ)</b>. Common expressions include <i>Zuneigung zu jemandem empfinden</i> (“to feel affection for someone”) and <i>jemandem Zuneigung zeigen</i> (“to show someone affection”).<br><br><b>Example:</b> <i>Mit der Zeit entwickelte sie eine tiefe Zuneigung zu ihm.</i> — “Over time, she developed a deep affection for him.”<br><br><b>English:</b> <b>affection / fondness</b> · <b>French:</b> <b>affection / tendresse</b><br><br><b>CEFR:</b> roughly <b>B1–B2</b>."
"erschreckend","<b>Definition:</b> Causing fear, shock, concern, or alarm; describing something that is disturbing or frightening because of its seriousness or intensity.<br><br><b>Grammar:</b> Present participle/adjectival form of <b>jemanden (Akkusativ) erschrecken – erschreckte – hat erschreckt</b> (“to frighten someone”). Distinguish intransitive <b>erschrecken – erschrak – ist erschrocken</b> (“to get a fright”). It can be used predicatively (<i>Das ist erschreckend</i>) or declined before a noun (<i>eine erschreckende Entwicklung</i>).<br><br><b>Example:</b> <i>Die Zahl der Unfälle ist erschreckend hoch.</i> — “The number of accidents is alarmingly high.”<br><br><b>Synonym:</b> <b>beunruhigend / alarmierend / schockierend</b><br><br><b>English:</b> <b>alarming / frightening / shocking</b> · <b>French:</b> <b>alarmant / effrayant / inquiétant</b><br><br><b>CEFR:</b> roughly <b>B2–C1</b>."
"jemanden/etwas (Akkusativ) übertrumpfen","<b>Definition:</b> To surpass or outdo someone, especially by performing better, achieving more, or presenting something even more impressive. Originally, it also refers to beating a card by playing a trump card.<br><br><b>Grammar:</b> Weak verb: <i>übertrumpfen – übertrumpfte – hat übertrumpft</i>. Usually takes an accusative object: <i>jemanden/etwas übertrumpfen</i>. Common expression: <i>sich gegenseitig übertrumpfen</i> (“to try to outdo one another”).<br><br><b>Example:</b> <i>Die beiden Konkurrenten versuchten ständig, sich gegenseitig zu übertrumpfen.</i> — “The two competitors constantly tried to outdo each other.”<br><br><b>Synonym:</b> <b>übertreffen / überbieten / in den Schatten stellen</b><br><br><b>English:</b> <b>outdo / surpass / trump</b> · <b>French:</b> <b>surpasser / surclasser</b><br><br><b>CEFR:</b> roughly <b>B2–C1</b>."
"der Konkurrent","<b>Definition:</b> A person, company, team, or organization that competes with another for the same goal, customers, position, prize, or advantage.<br><br><b>Grammar:</b> Masculine noun: <i>der Konkurrent</i>; feminine: <i>die Konkurrentin</i>; plural: <i>die Konkurrenten / die Konkurrentinnen</i>. It is a weak masculine noun: <i>mit dem Konkurrenten</i>, <i>gegen den Konkurrenten</i>.<br><br><b>Example:</b> <i>Das Unternehmen versucht, seinen größten Konkurrenten auf dem Markt zu übertrumpfen.</i> — “The company is trying to outdo its biggest competitor in the market.”<br><br><b>Synonym:</b> <b>der Rivale / der Mitbewerber / der Wettbewerber</b><br><br><b>English:</b> <b>competitor / rival</b> · <b>French:</b> <b>concurrent / rival</b><br><br><b>CEFR:</b> roughly <b>B1–B2</b>."
"sich (Akkusativ) gegen etwas (Akkusativ) / für etwas (Akkusativ) wappnen","<b>Definition:</b> To prepare oneself mentally or practically for something difficult, unpleasant, dangerous, or challenging; to arm oneself in anticipation of a test or hardship.<br><br><b>Grammar:</b> Reflexive verb: <i>sich wappnen – wappnete sich – hat sich gewappnet</i>. Common constructions: <b>sich (Akkusativ) gegen etwas (Akkusativ) wappnen</b> (“to arm oneself against something”), <b>sich (Akkusativ) für etwas (Akkusativ) wappnen</b> (“to prepare oneself for something”), and <b>sich (Akkusativ) mit etwas (Dativ) wappnen</b> (<i>sich mit Geduld wappnen</i>).<br><br><b>Example:</b> <i>Wir müssen uns gegen Kritik wappnen.</i> — “We have to prepare ourselves for criticism.”<br><br><b>English:</b> <b>brace oneself / prepare oneself / arm oneself</b><br><br><b>CEFR:</b> roughly <b>B2–C1</b>."
"über etwas (Akkusativ) verfügen / etwas (Akkusativ) verfügen","<b>Definition:</b> To have something at one’s disposal, possess or command a resource, ability, or amount. In formal contexts, it can also mean to order or decree something.<br><br><b>Grammar:</b> Weak, inseparable verb: <i>verfügen – verfügte – hat verfügt</i>. <b>Über etwas (Akkusativ) verfügen</b> means “to have something at one's disposal.” <b>Etwas (Akkusativ) verfügen</b> means “to order/decree something,” for example <i>eine Schließung verfügen</i>.<br><br><b>Example:</b> <i>Das Unternehmen verfügt über umfangreiche finanzielle Mittel.</i> — “The company has substantial financial resources at its disposal.”<br><br><b>Synonym:</b> <b>besitzen / haben / anordnen</b> depending on context<br><br><b>English:</b> <b>have at one’s disposal / possess / command</b> · <b>French:</b> <b>disposer de / posséder</b><br><br><b>CEFR:</b> roughly <b>B2–C1</b>."
"etwas (Akkusativ) vollziehen / sich (Akkusativ) vollziehen","<b>Definition:</b> To carry out, perform, or execute an action, process, decision, or formal procedure. Reflexively, <i>sich vollziehen</i> means that a process, change, or event takes place or unfolds.<br><br><b>Grammar:</b> Strong, inseparable verb: <i>vollziehen – vollzog – hat vollzogen</i>. Usually takes an accusative object: <i>etwas vollziehen</i>. Reflexive construction: <i>sich vollziehen</i> (“to take place / unfold”).<br><br><b>Example:</b> <i>Der Wandel vollzog sich über mehrere Jahrzehnte.</i> — “The change took place over several decades.”<br><br><b>Synonym:</b> <b>durchführen / ausführen / verwirklichen</b><br><br><b>English:</b> <b>carry out / execute / take place</b> · <b>French:</b> <b>accomplir / exécuter / s’accomplir</b><br><br><b>CEFR:</b> roughly <b>B2–C1</b>."
"etwas (Akkusativ) nachvollziehen","<b>Definition:</b> To understand someone's reasoning, feelings, or actions by mentally following how they arose; also to retrace or reconstruct a process or sequence of events.<br><br><b>Grammar:</b> Strong, separable verb: <b>nachvollziehen – vollzog nach – hat nachvollzogen</b>. Takes an <b>accusative object</b>: <i>eine Entscheidung nachvollziehen</i>, <i>jemandes Gedankengang nachvollziehen</i>. Present tense: <i>Ich vollziehe die einzelnen Schritte nach</i>. With a modal verb: <i>Ich kann das nachvollziehen</i>. Infinitive with <b>zu</b>: <b>nachzuvollziehen</b>.<br><br><b>Example:</b> <i>Ich kann gut nachvollziehen, warum du so entschieden hast.</i> — “I can understand why you made that decision.” Another example: <i>Anhand der Unterlagen lässt sich der Ablauf genau nachvollziehen.</i> — “The sequence of events can be reconstructed precisely from the documents.”<br><br><b>Synonym:</b> <b>verstehen / nachempfinden / gedanklich folgen / rekonstruieren</b> depending on context<br><br><b>English:</b> <b>understand / follow / relate to / retrace / reconstruct</b> · <b>French:</b> <b>comprendre / suivre le raisonnement de / se mettre à la place de / reconstituer</b> Useful nuance: <b>Nachvollziehen</b> emphasizes following the reasoning or perspective behind something; understanding a decision does not necessarily mean agreeing with it. <b>Vollziehen</b> means “carry out,” while <b>nachvollziehen</b> often means “understand how or why something was done.”<br><br><b>CEFR:</b> roughly <b>B2–C1</b>."
"etwas (Akkusativ) verzerren","<b>Definition:</b> To distort, deform, or misrepresent something so that its original shape, sound, appearance, meaning, or effect is altered. It can be used both literally, for physical or acoustic distortion, and figuratively, for presenting facts or reality inaccurately.<br><br><b>Grammar:</b> Weak, inseparable verb: <i>verzerren – verzerrte – hat verzerrt</i>. Usually takes an accusative object: <i>etwas verzerren</i>.<br><br><b>Example:</b> <i>Die Aufnahme verzerrt seine Stimme stark.</i> — “The recording distorts his voice considerably.”<br><br><b>Synonym:</b> <b>entstellen / verfälschen / verformen</b><br><br><b>English:</b> <b>distort / warp / misrepresent</b> · <b>French:</b> <b>déformer / fausser</b><br><br><b>CEFR:</b> roughly <b>B2–C1</b>."
"unbarmherzig","<b>Definition:</b> Showing no mercy, compassion, or pity; harsh and relentless toward someone or something. It can describe a person, behavior, punishment, criticism, or difficult conditions.<br><br><b>Grammar:</b> Adjective/adverb. It can be used predicatively (<i>Er ist unbarmherzig</i>), attributively (<i>eine unbarmherzige Strafe</i>), or adverbially (<i>jemanden unbarmherzig bestrafen</i>).<br><br><b>Example:</b> <i>Der Herrscher ging unbarmherzig gegen seine Gegner vor.</i> — “The ruler dealt mercilessly with his opponents.”<br><br><b>Synonym:</b> <b>gnadenlos / erbarmungslos / mitleidlos</b><br><br><b>English:</b> <b>merciless / ruthless / relentless</b> · <b>French:</b> <b>impitoyable / sans pitié</b><br><br><b>CEFR:</b> roughly <b>B2–C1</b>."
"das Lob","<b>Definition:</b> Praise or approval expressed toward someone for something they have done well, achieved, or possessed. It can be spoken, written, or given in a nonverbal way and is often associated with recognition, respect, or encouragement.<br><br><b>Grammar:</b> Neuter noun: <i>das Lob</i>; no common plural in ordinary usage. It is usually used in the singular and often appears in expressions such as <i>Lob verdienen</i> (“to deserve praise”), <i>jemandem Lob spenden</i> (“to bestow praise on someone”), and <i>viel Lob bekommen</i> (“to get a lot of praise”).<br><br><b>Example:</b> <i>Seine Arbeit wurde mit großem Lob gewürdigt.</i> — “His work was highly praised.”<br><br><b>English:</b> <b>praise / acclaim</b><br><br><b>CEFR:</b> roughly <b>A2–B1</b>."
"etwas (Akkusativ) beseitigen","<b>Definition:</b> To remove, eliminate, or get rid of something unwanted, problematic, or obstructive. Depending on context, it can refer to removing a physical object, solving a problem, eliminating a danger, or abolishing a condition.<br><br><b>Grammar:</b> Weak, inseparable verb: <i>beseitigen – beseitigte – hat beseitigt</i>. Usually takes an accusative object: <i>etwas beseitigen</i>.<br><br><b>Example:</b> <i>Die Techniker konnten den Fehler schnell beseitigen.</i> — “The technicians were able to eliminate the problem quickly.”<br><br><b>Synonym:</b> <b>entfernen / abschaffen / aus dem Weg räumen</b><br><br><b>English:</b> <b>remove / eliminate / get rid of</b> · <b>French:</b> <b>éliminer / enlever / supprimer</b><br><br><b>CEFR:</b> roughly <b>B2</b>."
"die Verwirrung","<b>Definition:</b> A state of not understanding something clearly, being uncertain about what is happening, or being mentally disoriented. It can also refer to a confusing situation or disorder.<br><br><b>Grammar:</b> Feminine noun: <i>die Verwirrung</i>; plural: <i>die Verwirrungen</i>. Related verb: <i>verwirren</i> (“to confuse”).<br><br><b>Example:</b> <i>Die widersprüchlichen Informationen sorgten für große Verwirrung.</i> — “The contradictory information caused great confusion.”<br><br><b>Synonym:</b> <b>die Unklarheit / das Durcheinander / die Irritation</b><br><br><b>English:</b> <b>confusion / bewilderment</b> · <b>French:</b> <b>confusion / désarroi</b><br><br><b>CEFR:</b> roughly <b>B1–B2</b>."
"hinterlistig","<b>Definition:</b> Deceptive and malicious in a concealed way; describing someone who acts secretly or dishonestly in order to harm, trick, or betray another person.<br><br><b>Grammar:</b> Adjective/adverb. It can be used predicatively (<i>Er ist hinterlistig</i>), attributively (<i>ein hinterlistiger Plan</i>), or adverbially (<i>jemanden hinterlistig täuschen</i>).<br><br><b>Example:</b> <i>Er lockte seinen Gegner mit einem hinterlistigen Trick in die Falle.</i> — “He lured his opponent into the trap with a treacherous trick.”<br><br><b>Synonym:</b> <b>heimtückisch / verschlagen / tückisch</b><br><br><b>English:</b> <b>treacherous / deceitful / underhanded</b> · <b>French:</b> <b>sournois / perfide / traître</b><br><br><b>CEFR:</b> roughly <b>B2–C1</b>."
"jemandem/etwas (Dativ) gegenüber","<b>Definition:</b> A very common word with several uses. As a preposition, it can mean “toward,” “in relation to,” or “compared with” someone or something. As an adverb, it can mean “opposite” or “across from.”<br><br><b>Grammar:</b> Usually takes the <b>dative</b>: <i>jemandem gegenüber</i>. It can come before or after the noun/pronoun: <i>gegenüber dem Haus</i> / <i>dem Haus gegenüber</i>. With people, <i>jemandem gegenüber</i> often means “toward someone” in the sense of attitude or behavior.<br><br><b>Example:</b> <i>Er verhielt sich seinen Kollegen gegenüber sehr freundlich.</i> — “He behaved very kindly toward his colleagues.”<br><br><b>Synonym:</b> <b>im Verhältnis zu / im Vergleich zu / auf der anderen Seite von</b><br><br><b>English:</b> <b>toward / opposite / compared with / in relation to</b> · <b>French:</b> <b>envers / en face de / par rapport à</b><br><br><b>CEFR:</b> roughly <b>B1–B2</b>."
"derartig","<b>Definition:</b> Of such a kind or nature; used to refer to something of the type just mentioned or implied. It often emphasizes that something is remarkable, extreme, or characteristic in a particular way.<br><br><b>Grammar:</b> Adjective/determiner. It is declined like an adjective: <i>ein derartiger Vorfall</i>, <i>eine derartige Reaktion</i>, <i>derartige Probleme</i>.<br><br><b>Example:</b> <i>Mit einer derartigen Reaktion hatte niemand gerechnet.</i> — “No one had expected such a reaction.”<br><br><b>Synonym:</b> <b>solch / so beschaffen / von dieser Art</b><br><br><b>English:</b> <b>such / of that kind / such a</b> · <b>French:</b> <b>tel / de ce genre</b><br><br><b>CEFR:</b> roughly <b>B1–B2</b>."
"die Willkür","<b>Definition:</b> The exercise of power or decision-making according to personal wishes rather than clear rules, laws, fairness, or objective reasons. It usually has a strongly negative meaning.<br><br><b>Grammar:</b> Feminine noun: <i>die Willkür</i>. Usually used in the singular. Common expressions include <i>staatliche Willkür</i>, <i>der Willkür ausgeliefert sein</i>, and <i>willkürlich handeln</i>.<br><br><b>Example:</b> <i>Die Bürger waren der Willkür des Herrschers ausgeliefert.</i> — “The citizens were at the mercy of the ruler’s arbitrary power.”<br><br><b>Synonym:</b> <b>die Beliebigkeit / die Eigenmächtigkeit / die Laune</b><br><br><b>English:</b> <b>arbitrariness / arbitrary exercise of power</b> · <b>French:</b> <b>arbitraire</b><br><br><b>CEFR:</b> roughly <b>B2–C1</b>."
"die Launenhaftigkeit","<b>Definition:</b> The tendency to change one’s mood, attitude, or behavior unpredictably and frequently, often without a clear reason.<br><br><b>Grammar:</b> Feminine noun: <i>die Launenhaftigkeit</i>. Usually used in the singular. Related adjective: <i>launenhaft</i> (“moody / capricious”).<br><br><b>Example:</b> <i>Seine Launenhaftigkeit machte die Zusammenarbeit schwierig.</i> — “His moodiness made working together difficult.”<br><br><b>Synonym:</b> <b>die Unbeständigkeit / die Wechselhaftigkeit / die Sprunghaftigkeit</b><br><br><b>English:</b> <b>moodiness / capriciousness / fickleness</b> · <b>French:</b> <b>humeur changeante / inconstance / caprice</b><br><br><b>CEFR:</b> roughly <b>B2–C1</b>."
"sich (Akkusativ) gegen jemanden/etwas (Akkusativ) auflehnen","<b>Definition:</b> To resist, rebel against, or openly oppose a person, authority, rule, or situation that one does not accept.<br><br><b>Grammar:</b> Reflexive, separable verb: <i>sich auflehnen – lehnte sich auf – hat sich aufgelehnt</i>. Common construction: <i>sich gegen jemanden/etwas auflehnen</i>.<br><br><b>Example:</b> <i>Die Bevölkerung lehnte sich gegen die ungerechte Herrschaft auf.</i> — “The population rebelled against the unjust rule.”<br><br><b>Synonym:</b> <b>gegen jemanden/etwas (Akkusativ) rebellieren / sich (Akkusativ) jemandem/etwas (Dativ) widersetzen / jemandem/etwas (Dativ) Widerstand leisten</b><br><br><b>English:</b> <b>rebel / resist / rise up against</b> · <b>French:</b> <b>se rebeller / se dresser contre / résister à</b><br><br><b>CEFR:</b> roughly <b>B2–C1</b>."
"an etwas (Dativ) / unter jemandem/etwas (Dativ) leiden","<b>Definition:</b> To suffer physically or emotionally, or to be affected by an illness, problem, or difficult condition. It can also mean to tolerate or endure something, especially in the expression <i>etwas nicht leiden können</i>.<br><br><b>Grammar:</b> Strong verb: <i>leiden – litt – hat gelitten</i>. Common constructions: <b>an etwas (Dativ) leiden</b> (“to suffer from something,” often an illness), <b>unter jemandem/etwas (Dativ) leiden</b> (“to suffer because of someone/something”), and <b>jemanden/etwas (Akkusativ) nicht leiden können</b> (“to dislike someone/something”).<br><br><b>Example:</b> <i>Viele Menschen leiden unter ständigem Stress.</i> — “Many people suffer from constant stress.”<br><br><b>Synonym:</b> <b>erdulden / ertragen / Schmerzen haben</b><br><br><b>English:</b> <b>suffer / endure</b> · <b>French:</b> <b>souffrir / endurer</b><br><br><b>CEFR:</b> roughly <b>B1–B2</b>."
"sich (Akkusativ) gezwungen fühlen, etwas zu tun","<b>Definition:</b> To feel that one has no real choice but to do something because of pressure, circumstances, duty, or expectations.<br><br><b>Grammar:</b> Reflexive construction with <i>sich fühlen</i>: <i>sich gezwungen fühlen, etwas zu tun</i>. The infinitive clause normally uses <i>zu</i>: <i>Ich fühle mich gezwungen, zu reagieren.</i><br><br><b>Example:</b> <i>Sie fühlte sich gezwungen, ihre Entscheidung zu erklären.</i> — “She felt compelled to explain her decision.”<br><br><b>Synonym:</b> <b>sich verpflichtet fühlen / keine andere Wahl sehen / sich genötigt fühlen</b><br><br><b>English:</b> <b>feel compelled / feel forced / feel obliged</b> · <b>French:</b> <b>se sentir obligé / contraint</b><br><br><b>CEFR:</b> roughly <b>B2–C1</b>."
"der Wandel","<b>Definition:</b> A process of change or transformation, especially one that happens over time in society, culture, politics, technology, attitudes, or personal circumstances.<br><br><b>Grammar:</b> Masculine noun: <i>der Wandel</i>. Usually used in the singular. Common expressions include <i>gesellschaftlicher Wandel</i>, <i>politischer Wandel</i>, <i>im Wandel sein</i>, and <i>einen Wandel vollziehen</i>.<br><br><b>Example:</b> <i>Die Gesellschaft befindet sich in einem tiefgreifenden Wandel.</i> — “Society is undergoing a profound change.”<br><br><b>Synonym:</b> <b>die Veränderung / die Entwicklung / der Umbruch</b><br><br><b>English:</b> <b>change / transformation / shift</b> · <b>French:</b> <b>changement / transformation / évolution</b><br><br><b>CEFR:</b> roughly <b>B2</b>."
"unangemessen","<b>Definition:</b> Not appropriate, suitable, or proper for a particular situation, context, standard, or expectation. It can describe behavior, language, clothing, reactions, prices, or decisions.<br><br><b>Grammar:</b> Adjective. It can be used predicatively (<i>Das ist unangemessen</i>) or attributively (<i>ein unangemessenes Verhalten</i>).<br><br><b>Example:</b> <i>Seine Bemerkung war in dieser Situation völlig unangemessen.</i> — “His remark was completely inappropriate in that situation.”<br><br><b>Synonym:</b> <b>unpassend / unangebracht / nicht angemessen</b><br><br><b>English:</b> <b>inappropriate / unsuitable / improper</b> · <b>French:</b> <b>inapproprié / déplacé / inadéquat</b><br><br><b>CEFR:</b> roughly <b>B2</b>."
"jemanden/etwas (Akkusativ) verhüllen","<b>Definition:</b> To cover or conceal someone or something so that it cannot be clearly seen. Figuratively, it can also mean to obscure or disguise the true nature of something.<br><br><b>Grammar:</b> Weak, inseparable verb: <i>verhüllen – verhüllte – hat verhüllt</i>. Usually takes an accusative object: <i>jemanden/etwas verhüllen</i>.<br><br><b>Example:</b> <i>Dichter Nebel verhüllte die Berge.</i> — “Thick fog concealed the mountains.”<br><br><b>Synonym:</b> <b>bedecken / verbergen / verschleiern</b><br><br><b>English:</b> <b>cover / conceal / veil / obscure</b> · <b>French:</b> <b>voiler / couvrir / dissimuler</b><br><br><b>CEFR:</b> roughly <b>B2–C1</b>."
"der Schaden","<b>Definition:</b> Harm, damage, or loss caused to a person, object, organization, environment, or situation. It can refer to physical damage, financial loss, or more abstract harm.<br><br><b>Grammar:</b> Masculine noun: <i>der Schaden</i>; plural: <i>die Schäden</i>. Common complement: <b>der Schaden an etwas (Dativ)</b>. Common expressions include <i>Schaden verursachen</i>, <i>Schaden nehmen</i>, <i>jemandem (Dativ) Schaden zufügen</i>, and <i>einen Schaden beheben</i>.<br><br><b>Example:</b> <i>Der Sturm verursachte erhebliche Schäden an den Gebäuden.</i> — “The storm caused considerable damage to the buildings.”<br><br><b>Synonym:</b> <b>die Beschädigung / der Verlust / der Nachteil</b><br><br><b>English:</b> <b>damage / harm / loss</b> · <b>French:</b> <b>dommage / dégât / préjudice</b><br><br><b>CEFR:</b> roughly <b>A2–B1</b>."
"das Begehren","<b>Definition:</b> A strong desire, wish, or demand for something. Depending on context, it can sound formal, legal, literary, or somewhat elevated. In legal language, it may refer to a claim or request.<br><br><b>Grammar:</b> Neuter noun: <i>das Begehren</i>; plural: <i>die Begehren</i> is possible but uncommon. Common complement: <b>das Begehren nach etwas (Dativ)</b>. Related verb: <b>jemanden/etwas (Akkusativ) begehren</b> (“to desire / demand”).<br><br><b>Example:</b> <i>Sein Begehren nach Macht wurde immer stärker.</i> — “His desire for power became stronger and stronger.”<br><br><b>Synonym:</b> <b>das Verlangen / der Wunsch / die Forderung</b><br><br><b>English:</b> <b>desire / demand / claim</b> · <b>French:</b> <b>désir / demande / revendication</b><br><br><b>CEFR:</b> roughly <b>B2–C1</b>."
"das Zelt","<b>Definition:</b> A portable shelter made of fabric or similar material stretched over poles or a frame, commonly used for camping or temporary accommodation.<br><br><b>Grammar:</b> Neuter noun: <b>das Zelt</b>; plural: <b>die Zelte</b>.<br><br><b>Example:</b> <i>Die Soldaten schlugen ihre Zelte am Fluss auf.</i> — “The soldiers pitched their tents by the river.”<br><br><b>Synonym:</b> <b>die Unterkunft / das Campingzelt</b><br><br><b>English:</b> <b>tent</b> · <b>French:</b> <b>tente</b><br><br><b>CEFR:</b> roughly <b>A2</b>."
"der Kessel","<b>Definition:</b> A large container, traditionally made of metal, used for heating or boiling liquids. In military language, <b>Kessel</b> can also mean an area in which troops are completely surrounded by enemy forces.<br><br><b>Grammar:</b> Masculine noun: <b>der Kessel</b>; plural: <b>die Kessel</b>.<br><br><b>Example:</b> <i>Die Armee geriet in einen Kessel und konnte sich kaum zurückziehen.</i> — “The army became encircled and could barely retreat.”<br><br><b>Synonym:</b> <b>der Behälter / der Kochkessel</b><br><br><b>English:</b> <b>kettle / cauldron; encirclement (military)</b> · <b>French:</b> <b>chaudron / encerclement</b><br><br><b>CEFR:</b> roughly <b>A2–B1</b>."
"jemanden (Akkusativ) zu etwas (Dativ) zwingen","<b>Definition:</b> To force or compel someone to do something against their preference or because they have no real alternative. It can refer to physical force, pressure, circumstances, rules, or necessity.<br><br><b>Grammar:</b> Strong verb: <i>zwingen – zwang – hat gezwungen</i>. Common construction: <i>jemanden zu etwas zwingen</i> or <i>jemanden zwingen, etwas zu tun</i>. The person being forced is in the accusative. Related expression: <i>sich gezwungen fühlen, etwas zu tun</i> (“to feel compelled to do something”).<br><br><b>Example:</b> <i>Die Umstände zwangen ihn, seine Pläne zu ändern.</i> — “The circumstances forced him to change his plans.”<br><br><b>Synonym:</b> <b>nötigen / unter Druck setzen / dazu bringen</b><br><br><b>English:</b> <b>force / compel</b> · <b>French:</b> <b>forcer / contraindre</b><br><br><b>CEFR:</b> roughly <b>B1–B2</b>."
"die Gewalt","<b>Definition:</b> The use of physical force, coercion, or power to harm, control, or intimidate someone. Depending on context, <i>Gewalt</i> can also mean authority or institutional power, as in <i>Staatsgewalt</i>.<br><br><b>Grammar:</b> Feminine noun: <i>die Gewalt</i>. Usually used in the singular. Common expressions include <i>Gewalt anwenden</i> (“to use violence”), <i>Gewalt ausüben</i> (“to exercise violence/force”), <i>unter Gewalt leiden</i> (“to suffer from violence”), and <i>jede Form von Gewalt</i> (“every form of violence”). In your file, it appears in <i>Sie verabscheut jede Form von Gewalt.</i><br><br><b>Example:</b> <i>Gewalt ist keine Lösung für politische Konflikte.</i> — “Violence is not a solution to political conflicts.”<br><br><b>Synonym:</b> <b>die Gewalttätigkeit / der Zwang / die Macht</b> depending on context<br><br><b>English:</b> <b>violence / force / power</b> · <b>French:</b> <b>violence / force / pouvoir</b><br><br><b>CEFR:</b> roughly <b>B1–B2</b>."
"etwas (Akkusativ) bewahren / jemanden/etwas (Akkusativ) vor etwas (Dativ) bewahren / sich (Dativ) etwas (Akkusativ) bewahren","<b>Definition:</b> To keep, preserve, protect, or maintain something so that it is not lost, destroyed, changed, or forgotten. It is often used with things such as peace, traditions, memories, secrets, composure, or one’s dignity.<br><br><b>Grammar:</b> Weak, inseparable verb: <i>bewahren – bewahrte – hat bewahrt</i>. Usually takes an accusative object: <i>etwas bewahren</i>. A very common construction is <i>jemanden/etwas vor etwas bewahren</i> (“to protect/save someone or something from something”), where <i>vor</i> takes the dative. Reflexive: <b>sich (Dativ) etwas (Akkusativ) bewahren</b>, for example <i>sich seine Neugier bewahren</i> (“to retain one's curiosity”).<br><br><b>Example:</b> <i>Auch in schwierigen Situationen bewahrte sie ihre Ruhe.</i> — “Even in difficult situations, she kept her composure.”<br><br><b>Synonym:</b> <b>erhalten / schützen / aufrechterhalten</b><br><br><b>English:</b> <b>preserve / keep / maintain / protect</b> · <b>French:</b> <b>préserver / conserver / garder</b><br><br><b>CEFR:</b> roughly <b>B2</b>."
"über jemanden/etwas (Akkusativ) hereinbrechen","<b>Definition:</b> To happen suddenly and forcefully, especially when referring to something difficult, dangerous, or unpleasant that affects someone unexpectedly. In the expression <i>über jemanden hereinbrechen</i>, the event is pictured as if it were crashing down upon the person.<br><br><b>Grammar:</b> Strong, separable verb: <i>hereinbrechen – brach herein – ist hereingebrochen</i>. Common construction: <i>etwas bricht über jemanden herein</i>. The thing that happens is the subject, while <i>über</i> takes the accusative: <i>über uns</i>, <i>über ihn</i>, <i>über die Stadt</i>.<br><br><b>Example:</b> <i>Was auch über uns hereinbrechen mag, wir werden zusammenhalten.</i> — “Whatever may befall us, we will stick together.” In your phrase, <b>Was auch über uns hereinbrechen mag</b>, <i>mag</i> is part of a concessive construction meaning roughly <b>“whatever may…”</b>. So the whole phrase means: <b>“Whatever may befall us” / “Whatever may come crashing down on us.”</b><br><br><b>Synonym:</b> <b>plötzlich eintreten / jemanden unerwartet treffen / über jemanden kommen</b><br><br><b>English:</b> <b>befall / descend upon / strike suddenly</b> · <b>French:</b> <b>s’abattre sur / fondre sur</b><br><br><b>CEFR:</b> roughly <b>B2–C1</b>."
"der Sog","<b>Definition:</b> A pulling force that draws something toward or into something else. Literally, it can describe suction or a strong current in water or air. Figuratively, it often means a powerful attraction or influence that pulls someone into a situation, mood, movement, or development.<br><br><b>Grammar:</b> Masculine noun: <i>der Sog</i>; plural: <i>die Sogwirkungen</i> is more common than a simple plural in many contexts, though <i>die Soge</i> is possible but rare. Common expressions include <i>in den Sog geraten</i> (“to get drawn into something”) and <i>jemanden in seinen Sog ziehen</i> (“to draw someone in”).<br><br><b>Example:</b> <i>Die Ereignisse zogen immer mehr Menschen in ihren Sog.</i> — “The events drew more and more people in.”<br><br><b>Synonym:</b> <b>der Zug / die Anziehungskraft / die Strömung</b><br><br><b>English:</b> <b>pull / suction / undertow / draw</b> · <b>French:</b> <b>aspiration / attraction / courant d’entraînement</b><br><br><b>CEFR:</b> roughly <b>B2–C1</b>."
"zuversichtlich","<b>Definition:</b> Feeling confident and optimistic that something will develop positively or that a desired result will be achieved. It expresses trust in a favorable future outcome.<br><br><b>Grammar:</b> Adjective. It can be used predicatively (<i>Ich bin zuversichtlich</i>) or declined before a noun (<i>eine zuversichtliche Haltung</i>). A common construction is <b>zuversichtlich sein, dass …</b>.<br><br><b>Example:</b> <i>Ich bin zuversichtlich, dass wir eine Lösung finden werden.</i> — “I am confident that we will find a solution.”<br><br><b>Synonym:</b> <b>optimistisch / hoffnungsvoll / guter Dinge</b><br><br><b>English:</b> <b>confident / optimistic / hopeful</b> · <b>French:</b> <b>confiant / optimiste</b><br><br><b>CEFR:</b> roughly <b>B1–B2</b>."
"jemanden/etwas (Akkusativ) etwas (Dativ) aussetzen / sich (Akkusativ) etwas (Dativ) aussetzen","<b>Definition:</b> To cause or allow someone to experience difficult, unfavorable, or adverse conditions, often without sufficient protection from them.<br><br><b>Grammar:</b> Construction: <b>jemanden/etwas (Akkusativ) etwas (Dativ) aussetzen</b>; reflexively, <b>sich (Akkusativ) etwas (Dativ) aussetzen</b>. No preposition precedes the dative complement. The person is in the <b>accusative</b> (<i>jemanden</i>), while the thing or condition is in the <b>dative</b> (<i>widrigen Umständen</i>). Verb: <i>aussetzen – setzte aus – hat ausgesetzt</i>.<br><br><b>Example:</b> <i>Man sollte Kinder nicht unnötig widrigen Umständen aussetzen.</i> — “Children should not be unnecessarily exposed to adverse conditions.”<br><br><b>Synonym:</b> <b>jemanden schwierigen Bedingungen ausliefern / jemanden ungünstigen Bedingungen aussetzen</b><br><br><b>English:</b> <b>expose someone to adverse conditions</b> · <b>French:</b> <b>exposer quelqu’un à des conditions défavorables</b><br><br><b>CEFR:</b> roughly <b>B2–C1</b>."
"jemanden (Akkusativ) überwältigen / von etwas (Dativ) überwältigt sein","<b>Definition:</b> To overpower someone or affect them so strongly that they struggle to cope with a feeling, impression, or situation. <b>Überwältigt</b> describes the resulting state of being overwhelmed, which can be positive or negative.<br><br><b>Grammar:</b> Weak verb: <b>überwältigen – überwältigte – hat überwältigt</b>. Patterns: <b>jemanden (Akkusativ) überwältigen</b> and <b>von etwas (Dativ) überwältigt sein</b>. <b>Überwältigt</b> is the past participle; <b>überwältigend</b> is the present participle and describes what causes the feeling (“overwhelming”).<br><br><b>Example:</b> <i>Sie war von der Unterstützung ihrer Freunde überwältigt.</i> — “She was overwhelmed by the support of her friends.”<br><br><b>Synonym:</b> <b>überwältigen:</b> <b>übermannen / bezwingen / tief bewegen</b>; <b>überwältigt:</b> <b>überfordert / tief bewegt</b> depending on context<br><br><b>English:</b> <b>overwhelm / overpower</b>; <b>überwältigt:</b> <b>overwhelmed / overcome</b> · <b>French:</b> <b>submerger / maîtriser / bouleverser</b>; <b>überwältigt:</b> <b>submergé / bouleversé / dépassé</b><br><br><b>CEFR:</b> roughly <b>B2–C1</b>."
"die Bergung","<b>Definition:</b> The act of recovering, rescuing, or retrieving people, vehicles, objects, or remains from a difficult, dangerous, or inaccessible place. It is often used in rescue, accident, maritime, and recovery contexts.<br><br><b>Grammar:</b> Feminine noun: <i>die Bergung</i>; plural: <i>die Bergungen</i>. Related verb: <i>bergen – barg – hat geborgen</i>.<br><br><b>Example:</b> <i>Die Bergung des Fahrzeugs dauerte mehrere Stunden.</i> — “The recovery of the vehicle took several hours.”<br><br><b>Synonym:</b> <b>die Rettung / die Sicherung / die Hebung</b> depending on context<br><br><b>English:</b> <b>recovery / rescue / retrieval / salvage</b> · <b>French:</b> <b>récupération / sauvetage / dégagement</b><br><br><b>CEFR:</b> roughly <b>B2–C1</b>."
"die Spannung","<b>Definition:</b> A state of pressure, strain, or conflict between people, groups, countries, or competing interests. It can also refer to suspense or anticipation, physical tension, or electrical voltage.<br><br><b>Grammar:</b> Feminine noun: <i>die Spannung</i>; plural: <i>die Spannungen</i>. In political or social contexts, the plural is very common: <i>politische Spannungen, soziale Spannungen, zunehmende Spannungen</i>.<br><br><b>Example:</b> <i>Die Spannungen zwischen den beiden Ländern nahmen weiter zu.</i> — “Tensions between the two countries continued to increase.”<br><br><b>Synonym:</b> <b>die Anspannung / der Konflikt / die Belastung / die elektrische Spannung</b> depending on context<br><br><b>English:</b> <b>tension / tensions / suspense / voltage</b>·<br><br><b>CEFR:</b> roughly <b>B1–B2</b>."
"die Heftigkeit","<b>Definition:</b> A high degree of strength, force, or intensity. It can describe emotions, reactions, arguments, attacks, weather, pain, or other events that occur with unusual power or violence.<br><br><b>Grammar:</b> Feminine noun: <i>die Heftigkeit</i>. Usually used in the singular. Related adjective: <i>heftig</i> (“intense / violent / severe”). Common expressions include <i>mit großer Heftigkeit</i>, <i>die Heftigkeit einer Reaktion</i> and <i>an Heftigkeit zunehmen</i>.<br><br><b>Example:</b> <i>Die Heftigkeit seiner Reaktion überraschte alle Anwesenden.</i> — “The intensity of his reaction surprised everyone present.”<br><br><b>Synonym:</b> <b>die Intensität / die Stärke / die Wucht / die Vehemenz</b><br><br><b>English:</b> <b>intensity / severity / force / vehemence</b> · <b>French:</b> <b>intensité / violence / véhémence</b> A useful distinction: <b>Stärke</b> is very general, while <b>Heftigkeit</b> usually implies something <b>forceful, intense, sudden, or emotionally charged</b>.<br><br><b>CEFR:</b> roughly <b>B2–C1</b>."
"in etwas (Dativ) verwurzelt sein","<b>Definition:</b> Literally, having roots in the ground. Figuratively, it means being deeply connected to a place, culture, tradition, belief, or way of thinking.<br><br><b>Grammar:</b> Past participle of <i>verwurzeln</i>, often used adjectivally. Verb: <i>verwurzeln – verwurzelte – hat verwurzelt</i>. Very common construction: <b>in etwas (Dativ) verwurzelt sein</b>.<br><br><b>Example:</b> <i>Diese Tradition ist tief in der regionalen Kultur verwurzelt.</i> — “This tradition is deeply rooted in the regional culture.”<br><br><b>Synonym:</b> <b>fest verankert / tief verbunden / tief verankert</b><br><br><b>English:</b> <b>rooted / deeply rooted / firmly established</b> · <b>French:</b> <b>enraciné / profondément ancré</b><br><br><b>CEFR:</b> roughly <b>B2–C1</b>."
"jemanden/etwas (Akkusativ) überwinden","<b>Definition:</b> To successfully deal with, conquer, or get past a difficulty, fear, obstacle, weakness, or opponent.<br><br><b>Grammar:</b> Strong verb: <i>überwinden – überwand – hat überwunden</i>. Usually takes an <b>accusative object</b>: <i>eine Angst überwinden, ein Hindernis überwinden</i>.<br><br><b>Example:</b> <i>Sie konnte ihre Angst schließlich überwinden.</i> — “She was eventually able to overcome her fear.”<br><br><b>Synonym:</b> <b>bezwingen / bewältigen / besiegen / hinter sich lassen</b><br><br><b>English:</b> <b>overcome / conquer / surmount</b> · <b>French:</b> <b>surmonter / vaincre</b> <b>überwunden</b> = past participle: <i>Er hat seine Angst überwunden.</i> If you meant a Konjunktiv-II form, it would be <b>überwänden</b>, not <i>überwünden</i>.<br><br><b>CEFR:</b> roughly <b>B2</b>."
"für etwas (Akkusativ) anfällig sein","<b>Definition:</b> Easily affected, harmed, influenced, or likely to develop a particular problem, illness, weakness, or reaction.<br><br><b>Grammar:</b> Adjective. Very common constructions are <b>anfällig für + Akkusativ</b> and <b>gegenüber etwas anfällig sein</b> (<b>gegenüber + Dativ</b>).<br><br><b>Example:</b> <i>Ältere Menschen sind oft anfälliger für Infektionen.</i> — “Older people are often more susceptible to infections.”<br><br><b>Synonym:</b> <b>empfindlich / verwundbar / empfänglich</b><br><br><b>English:</b> <b>susceptible / vulnerable / prone</b> · <b>French:</b> <b>sensible / vulnérable / sujet à</b> Useful nuance: <b>anfällig für</b> usually means “prone/susceptible to,” while <b>verwundbar</b> is more directly “vulnerable” in the sense of being open to harm or attack.<br><br><b>CEFR:</b> roughly <b>B2–C1</b>."
"auf jemanden/etwas (Akkusativ) angewiesen sein","<b>Definition:</b> Dependent on or reliant on someone or something because it is necessary for you. Often implies that you cannot manage properly without it.<br><br><b>Grammar:</b> Usually used in the construction <b>auf jemanden/etwas angewiesen sein</b>. <b>auf</b> takes the <b>accusative</b> here.<br><br><b>Example:</b> <i>Viele ältere Menschen sind im Alltag auf Unterstützung angewiesen.</i> — “Many elderly people depend on assistance in everyday life.”<br><br><b>Synonym:</b> <b>abhängig / auf etwas angewiesen sein / etwas benötigen</b><br><br><b>English:</b> <b>dependent on / reliant on / in need of</b> · <b>French:</b> <b>dépendant de / tributaire de</b><br><br><b>CEFR:</b> roughly <b>B2</b>; the construction <b>auf etwas angewiesen sein</b> is particularly useful at B2–C1."
"jemanden/etwas (Akkusativ) mit etwas (Dativ) belasten","<b>Definition:</b> To burden, strain, or place pressure on a person, system, relationship, budget, or object by adding a responsibility, problem, cost, weight, or other load.<br><br><b>Grammar:</b> <b>jemanden/etwas (Akkusativ) mit etwas (Dativ) belasten – belastete – hat belastet</b> <i> person/thing being burdened = <b>Akkusativ</b> </i> burden/cause = <b>mit + Dativ</b><br><br><b>Example:</b> <i>Wir sollten die Mitarbeiter nicht mit unnötiger Bürokratie belasten.</i> — “We should not burden the employees with unnecessary bureaucracy.” Another example: <i>Die hohen Zinsen belasten den Staatshaushalt erheblich.</i> — “The high interest rates place a considerable strain on the state budget.”<br><br><b>Synonym:</b> <b>beanspruchen / beschweren / jemandem etwas aufbürden / unter Druck setzen</b> depending on context<br><br><b>English:</b> <b>burden / strain / weigh on / impose a load on</b> · <b>French:</b> <b>charger / accabler / peser sur</b><br><br><b>CEFR:</b> roughly <b>B2–C1</b>. Useful distinction: <b>jemanden mit etwas belasten</b> = actively burden someone with something; <b>durch etwas belastet sein</b> = to be burdened/strained by something (<b>durch + Akkusativ</b>)."
"zu etwas (Dativ) neigen / dazu neigen, etwas zu tun","<b>Definition:</b> To tend toward something or have a habitual inclination to behave, think, or react in a certain way.<br><br><b>Grammar:</b> Weak verb: <b>neigen – neigte – hat geneigt</b>. Patterns: <b>zu etwas (Dativ) neigen</b> (<i>zu Übertreibungen neigen</i>) and <b>dazu neigen, etwas zu tun</b>. <b>Wir neigen dazu</b> is the first-person plural present, meaning “we tend to.” This meaning is not reflexive.<br><br><b>Example:</b> <i>Wir neigen dazu, negative Erfahrungen stärker zu gewichten als positive.</i> — “We tend to give more weight to negative experiences than positive ones.”<br><br><b>Synonym:</b> <b>zu etwas (Dativ) tendieren / dazu tendieren, etwas zu tun / geneigt sein, etwas zu tun</b><br><br><b>English:</b> <b>tend to / be inclined to</b> · <b>French:</b> <b>avoir tendance à / être enclin à</b><br><br><b>CEFR:</b> roughly <b>B2</b>."
"etwas (Akkusativ) ausgleichen","<b>Definition:</b> To balance something out, compensate for a disadvantage or difference, or make two sides more equal.<br><br><b>Grammar:</b> Separable verb: <b>ausgleichen – glich aus – hat ausgeglichen</b>. Often takes an accusative object.<br><br><b>Example:</b> <i>Zusätzliche Pausen können die hohe Arbeitsbelastung teilweise ausgleichen.</i> — “Additional breaks can partly compensate for the heavy workload.” Another common use: <i>Die Mannschaft glich in der zweiten Halbzeit aus.</i> — “The team equalized in the second half.”<br><br><b>Synonym:</b> <b>kompensieren / ins Gleichgewicht bringen / wettmachen / angleichen</b> depending on context<br><br><b>English:</b> <b>balance out / compensate for / equalize / offset</b> · <b>French:</b> <b>compenser / équilibrer / égaliser</b><br><br><b>CEFR:</b> roughly <b>B2</b>."
"sich (Akkusativ) mit etwas (Dativ) befassen","<b>Definition:</b> To deal with, study, examine, or concern oneself with a topic, problem, question, or task.<br><br><b>Grammar:</b> Weak, reflexive verb: <b>sich befassen – befasste sich – hat sich befasst</b>. Pattern: <b>sich (Akkusativ) mit etwas (Dativ) befassen</b>.<br><br><b>Example:</b> <i>Die Studie befasst sich mit den Ursachen sozialer Ungleichheit.</i> — “The study deals with the causes of social inequality.” Another example: <i>Ich muss mich noch genauer mit diesem Problem befassen.</i> — “I still need to look into this problem more closely.”<br><br><b>Synonym:</b> <b>sich (Akkusativ) mit etwas (Dativ) beschäftigen / etwas (Akkusativ) behandeln / sich (Akkusativ) mit etwas (Dativ) auseinandersetzen</b><br><br><b>English:</b> <b>deal with / concern oneself with / examine / study</b> · <b>French:</b> <b>s’occuper de / traiter de / se pencher sur</b> Useful nuance: <b>sich mit etwas befassen</b> often sounds more formal or analytical than <b>sich mit etwas beschäftigen</b>.<br><br><b>CEFR:</b> roughly <b>B2–C1</b>."
"jemanden (Akkusativ) ertragen","<b>Definition:</b> To endure, tolerate, or put up with someone, especially when the person is difficult, annoying, or unpleasant.<br><br><b>Grammar:</b> <b>ertragen – ertrug – hat ertragen</b>. It takes the <b>accusative</b>: <i> <b>jemanden ertragen</b> </i> <b>etwas ertragen</b><br><br><b>Example:</b> <i>Ich kann ihn kaum noch ertragen.</i> — “I can hardly stand him anymore.”<br><br><b>Synonym:</b> <b>aushalten / tolerieren / hinnehmen</b><br><br><b>English:</b> <b>to tolerate someone / put up with someone / endure someone</b> · <b>French:</b> <b>supporter quelqu’un / tolérer quelqu’un</b> <b>Jmdn.</b> abbreviates <b>jemanden</b> (Akkusativ).<br><br><b>CEFR:</b> roughly <b>B2</b>."
"jemanden/etwas (Akkusativ) ertragen","<b>Definition:</b> To bear, endure, or put up with something unpleasant or difficult, such as pain, noise, stress, or a person's behavior. With a person as the object, it means to tolerate or stand that person.<br><br><b>Grammar:</b> Strong, inseparable verb: <b>ertragen – ertrug – hat ertragen</b>. Present tense: <i>du erträgst, er/sie/es erträgt</i>. Takes an <b>accusative object</b>: <b>jemanden/etwas ertragen</b>.<br><br><b>Example:</b> <i>Ich kann diesen Lärm nicht mehr ertragen.</i> — “I can't stand this noise anymore.”<br><br><b>Synonym:</b> <b>aushalten / dulden / hinnehmen / tolerieren</b> depending on context<br><br><b>English:</b> <b>bear / endure / tolerate / put up with</b> · <b>French:</b> <b>supporter / endurer / tolérer</b> Useful nuance: <b>ertragen</b> emphasizes bearing something unpleasant; <b>aushalten</b> is often a more everyday alternative. <b>Nicht ertragen können</b> commonly means “can't stand.”<br><br><b>CEFR:</b> roughly <b>B2</b>."
"die Erschöpfung","<b>Definition:</b> A state of extreme physical or mental tiredness in which a person has little energy left. It can also describe the depletion or using up of resources or supplies.<br><br><b>Grammar:</b> Feminine noun: <b>die Erschöpfung</b>; usually used in the singular. Related verb: <i>erschöpfen – erschöpfte – hat erschöpft</i>. Related adjective: <b>erschöpft</b> (“exhausted”). Common expressions: <b>vor Erschöpfung</b>, <b>körperliche/geistige Erschöpfung</b>, <b>bis zur Erschöpfung</b>.<br><br><b>Example:</b> <i>Nach der langen Wanderung konnte sie vor Erschöpfung kaum noch stehen.</i> — “After the long hike, she could barely stand from exhaustion.”<br><br><b>Synonym:</b> <b>die Entkräftung / die starke Müdigkeit / die Ermattung</b>; <b>der Aufbrauch</b> when referring to resources<br><br><b>English:</b> <b>exhaustion / fatigue / depletion</b> · <b>French:</b> <b>épuisement / grande fatigue</b> Useful nuance: <b>Erschöpfung</b> is stronger than ordinary <b>Müdigkeit</b> (“tiredness”): it suggests that your physical or mental energy has largely been used up.<br><br><b>CEFR:</b> roughly <b>B2</b>."
"etwas (Akkusativ) erzielen","<b>Definition:</b> To achieve or obtain a particular result, success, profit, or score through an action or effort. Often used for concrete or measurable outcomes in business, sports, and formal contexts.<br><br><b>Grammar:</b> Weak, inseparable verb: <b>erzielen – erzielte – hat erzielt</b>. Takes an <b>accusative object</b>: <i>einen Erfolg erzielen, ein gutes Ergebnis erzielen, einen Gewinn erzielen, ein Tor erzielen</i>.<br><br><b>Example:</b> <i>Das Unternehmen konnte im letzten Jahr einen hohen Gewinn erzielen.</i> — “The company was able to generate a large profit last year.”<br><br><b>Synonym:</b> <b>erreichen / erlangen / erwirtschaften</b> depending on context<br><br><b>English:</b> <b>achieve / obtain / generate / score</b> depending on context · <b>French:</b> <b>obtenir / réaliser / marquer</b> depending on context Useful nuance: <b>erzielen</b> focuses on the result obtained and is more formal than <b>erreichen</b>. Say <b>ein Ziel erreichen</b>, but <b>ein Ergebnis erzielen</b>. In sports, <b>ein Tor erzielen</b> means “to score a goal.”<br><br><b>CEFR:</b> roughly <b>B2</b>."
"jemanden/etwas (Akkusativ) beeinträchtigen","<b>Definition:</b> To negatively affect or impair someone's abilities, health, well-being, or the quality or functioning of something.<br><br><b>Grammar:</b> Weak, inseparable verb: <b>beeinträchtigen – beeinträchtigte – hat beeinträchtigt</b>. Takes an <b>accusative object</b>: <i>die Gesundheit beeinträchtigen, die Konzentration beeinträchtigen</i>.<br><br><b>Example:</b> <i>Der ständige Lärm beeinträchtigt meine Konzentration.</i> — “The constant noise impairs my concentration.”<br><br><b>Synonym:</b> <b>behindern / einschränken / schädigen</b> depending on context<br><br><b>English:</b> <b>impair / adversely affect / compromise</b> · <b>French:</b> <b>nuire à / altérer / compromettre</b> Useful nuance: <b>beeinträchtigen</b> always implies a negative effect, whereas <b>beeinflussen</b> (“influence”) can be positive, negative, or neutral.<br><br><b>CEFR:</b> roughly <b>B2–C1</b>."
"jemanden/etwas (Akkusativ) vertreiben / sich (Dativ) die Zeit (Akkusativ) vertreiben","<b>Definition:</b> To drive or force someone or something away; figuratively, to dispel an unpleasant feeling. In business, it means to distribute or sell products. <b>Sich die Zeit vertreiben</b> means to pass the time.<br><br><b>Grammar:</b> Strong, inseparable verb: <b>vertreiben – vertrieb – hat vertrieben</b>. Takes an <b>accusative object</b>: <i>jemanden vertreiben, Waren vertreiben</i>. In <b>sich die Zeit vertreiben</b>, the reflexive pronoun is <b>dative</b>: <i>Ich vertreibe mir die Zeit</i>. Additional patterns: <b>jemanden/etwas (Akkusativ) aus etwas (Dativ) vertreiben</b> and <b>sich (Dativ) die Zeit (Akkusativ) mit etwas (Dativ) vertreiben</b>.<br><br><b>Example:</b> <i>Der Hund hat die Vögel aus dem Garten vertrieben.</i> — “The dog chased the birds out of the garden.” Another example: <i>Das Unternehmen vertreibt seine Produkte weltweit.</i> — “The company sells its products worldwide.”<br><br><b>Synonym:</b> <b>verjagen / verscheuchen</b>; <b>verkaufen / vermarkten</b> in business contexts<br><br><b>English:</b> <b>drive away / expel / dispel / distribute / sell</b> · <b>French:</b> <b>chasser / expulser / dissiper / distribuer / commercialiser</b><br><br><b>CEFR:</b> roughly <b>B2</b>. Useful expression: <i>Ich vertreibe mir die Zeit mit Lesen.</i> — “I pass the time by reading.”"
"die Beklemmung","<b>Definition:</b> An oppressive feeling of anxiety, unease, or emotional constriction. It can also describe a physical sensation of tightness, especially in the chest.<br><br><b>Grammar:</b> Feminine noun: <b>die Beklemmung</b>; plural: <b>die Beklemmungen</b>, though the singular is more common for the general feeling. Related adjective: <b>beklemmend</b> (“oppressive / unsettling”). Common expressions: <i>ein Gefühl der Beklemmung, Beklemmung auslösen</i>.<br><br><b>Example:</b> <i>Beim Betreten des dunklen, engen Raumes verspürte sie Beklemmung.</i> — “On entering the dark, cramped room, she felt a sense of anxiety and constriction.”<br><br><b>Synonym:</b> <b>die Bedrückung / das Unbehagen / das Angstgefühl / das Engegefühl</b> depending on context<br><br><b>English:</b> <b>anxiety / oppressive unease / tightness</b> · <b>French:</b> <b>angoisse / oppression / sensation d’oppression</b> Useful nuance: <b>Beklemmung</b> often combines anxiety or unease with a feeling of being emotionally or physically confined; <b>Angst</b> is a broader term for fear or anxiety.<br><br><b>CEFR:</b> roughly <b>C1</b>."
"die Gelassenheit","<b>Definition:</b> A state or quality of remaining calm, composed, and emotionally balanced, especially in difficult, stressful, or uncertain situations.<br><br><b>Grammar:</b> Feminine noun: <b>die Gelassenheit</b>; normally used in the singular. Related adjective: <b>gelassen</b> (“calm / composed”). Common expressions: <i>Gelassenheit bewahren, etwas mit Gelassenheit hinnehmen, innere Gelassenheit</i>.<br><br><b>Example:</b> <i>Trotz der Kritik bewahrte sie ihre Gelassenheit.</i> — “Despite the criticism, she remained composed.”<br><br><b>Synonym:</b> <b>die Ruhe / die Besonnenheit / der Gleichmut / die innere Ruhe</b><br><br><b>English:</b> <b>composure / serenity / equanimity / calmness</b> · <b>French:</b> <b>sérénité / calme / sang-froid</b> Useful nuance: <b>Gelassenheit</b> suggests staying calm without being overwhelmed; <b>Gleichgültigkeit</b> means indifference or a lack of interest. You can care deeply about something and still respond with <b>Gelassenheit</b>.<br><br><b>CEFR:</b> roughly <b>B2–C1</b>."
"das Fingerspitzengefühl","<b>Definition:</b> The ability to handle delicate situations or people with sensitivity, tact, and intuitive judgment. It can also describe a finely developed instinct for making the right decisions in a particular field.<br><br><b>Grammar:</b> Neuter noun: <b>das Fingerspitzengefühl</b>; normally used in the singular. Common expressions: <i>Fingerspitzengefühl zeigen, mit Fingerspitzengefühl vorgehen, Fingerspitzengefühl im Umgang mit Menschen</i>.<br><br><b>Example:</b> <i>Im Umgang mit verunsicherten Menschen ist Fingerspitzengefühl gefragt.</i> — “Tact and sensitivity are needed when dealing with people who feel insecure.”<br><br><b>Synonym:</b> <b>das Feingefühl / das Taktgefühl / das Einfühlungsvermögen / das Gespür</b> depending on context<br><br><b>English:</b> <b>tact / sensitivity / intuitive flair / a delicate touch</b> · <b>French:</b> <b>tact / doigté / finesse</b> Useful nuance: <b>Fingerspitzengefühl</b> combines sensitivity with an intuitive sense of how to act appropriately; it is broader than simply being polite. Correct spelling: <b>Fingerspitzengefühl</b>, not <i>Fingerzpitzgefühl</i>.<br><br><b>CEFR:</b> roughly <b>C1</b>."
"etwas (Akkusativ) erlangen","<b>Definition:</b> To obtain, gain, or attain something, especially an abstract quality, status, right, or state, often through effort or over time. Common in formal language.<br><br><b>Grammar:</b> Weak, inseparable verb: <b>erlangen – erlangte – hat erlangt</b>. Takes an <b>accusative object</b>: <i>Bekanntheit erlangen, die Freiheit erlangen, Gewissheit erlangen</i>.<br><br><b>Example:</b> <i>Durch ihre Forschung erlangte sie internationale Anerkennung.</i> — “Through her research, she gained international recognition.”<br><br><b>Synonym:</b> <b>erwerben / erreichen / gewinnen / erhalten</b> depending on context<br><br><b>English:</b> <b>obtain / gain / attain / acquire</b> · <b>French:</b> <b>obtenir / acquérir / atteindre</b> Useful nuance: <b>erlangen</b> emphasizes coming to possess or attain something. <b>erzielen</b> focuses on producing a result, while <b>erringen</b> emphasizes achieving something through struggle or against resistance.<br><br><b>CEFR:</b> roughly <b>B2–C1</b>."
"bewusst / sich (Dativ) einer Sache (Genitiv) bewusst sein","<b>Definition:</b> Done deliberately and with awareness; also describing someone who is conscious of something or pays careful attention to it.<br><br><b>Grammar:</b> Adjective and adverb. As an adjective, it is declined: <i>eine bewusste Entscheidung</i>. Common constructions: <b>sich (Dativ) einer Sache (Genitiv) bewusst sein</b> (<i>Ich bin mir dessen bewusst</i>), <b>etwas (Akkusativ) bewusst tun</b>, and <b>bewusst wahrnehmen</b>.<br><br><b>Example:</b> <i>Sie hat sich bewusst für diesen Weg entschieden.</i> — “She deliberately chose this path.”<br><br><b>Synonym:</b> <b>absichtlich / willentlich / gewollt</b>; <b>wach / aufmerksam</b> in the sense of conscious awareness<br><br><b>English:</b> <b>conscious / deliberate / intentional / aware</b> · <b>French:</b> <b>conscient / délibéré / intentionnel</b> Useful nuance: <b>bewusst</b> can mean “deliberately” (<i>Er hat das bewusst getan</i>) or “conscious/aware” (<i>Sie ist sich der Gefahr bewusst</i>). <b>Absichtlich</b> means “intentionally” and does not cover the awareness meaning.<br><br><b>CEFR:</b> roughly <b>B1–B2</b>."
"die Bö","<b>Definition:</b> A sudden, brief, and usually strong gust of wind.<br><br><b>Grammar:</b> Feminine noun: <b>die Bö</b>; plural: <b>die Böen</b>. The longer form <b>die Böe</b> is also common. Do not confuse it with <b>„Buh!“</b>, the interjection used to boo someone.<br><br><b>Example:</b> <i>Eine heftige Bö riss den Sonnenschirm um.</i> — “A strong gust of wind knocked over the parasol.”<br><br><b>Synonym:</b> <b>die Böe / der Windstoß / der Luftstoß</b><br><br><b>English:</b> <b>gust / squall</b> · <b>French:</b> <b>rafale / bourrasque</b> Useful nuance: <b>Bö</b> is a weather term; for “boo!” use <b>„Buh!“</b> or <b>„Bööö!“</b>.<br><br><b>CEFR:</b> roughly <b>B2–C1</b>."
"etwas (Akkusativ) verschwenden","<b>Definition:</b> To use money, time, energy, resources, or opportunities carelessly or unnecessarily, without getting a useful result.<br><br><b>Grammar:</b> Weak, inseparable verb: <b>verschwenden – verschwendete – hat verschwendet</b>. Takes an <b>accusative object</b>: <i>Geld verschwenden, Zeit verschwenden, Energie verschwenden</i>. Additional patterns: <b>etwas (Akkusativ) für etwas (Akkusativ) verschwenden</b>, <b>Zeit (Akkusativ) mit etwas (Dativ) verschwenden</b>, and <b>Zeit verschwenden, indem man etwas tut</b>. The verb is not reflexive in these meanings.<br><br><b>Example:</b> <i>Wir sollten keine Zeit mit unwichtigen Details verschwenden.</i> — “We shouldn’t waste time on unimportant details.”<br><br><b>Synonym:</b> <b>vergeuden / verprassen / unnötig verbrauchen</b> depending on context<br><br><b>English:</b> <b>waste / squander</b> · <b>French:</b> <b>gaspiller / dilapider</b> Useful nuance: <b>verschwenden</b> usually implies careless or needless use. <b>Verbrauchen</b> is neutral and simply means “use up” or “consume.”<br><br><b>CEFR:</b> roughly <b>B2</b>."
"etwas (Akkusativ) abstecken","<b>Definition:</b> To mark out an area or define boundaries; in regional colloquial technical usage, also to unplug a device. <b>Abgesteckt</b> means “marked out / delineated” or, in that regional usage, “unplugged.”<br><br><b>Grammar:</b> Separable weak verb: <b>abstecken – steckte ab – hat abgesteckt</b>. Takes an accusative object: <b>etwas (Akkusativ) abstecken</b>. <b>Abgesteckt</b> is the past participle. Common expressions: <i>ein Grundstück abstecken</i>, <i>Grenzen abstecken</i>, <i>das Gerät abstecken</i>.<br><br><b>Example:</b> <i>Die Grenzen des Grundstücks sind bereits abgesteckt.</i> — “The boundaries of the property have already been marked out.”<br><br><b>Synonym:</b> <b>markieren / abgrenzen / ausstecken</b> depending on context<br><br><b>English:</b> <b>mark out / delineate / define / unplug</b> · <b>French:</b> <b>délimiter / baliser / débrancher</b> Useful nuance: In figurative language, <b>die Grenzen abstecken</b> means “to define or set the limits.” In standard German, <b>den Stecker ziehen</b> is a widely understood way to say “unplug.”<br><br><b>CEFR:</b> roughly <b>B2</b>."
"vorkommen","<b>Definition:</b> To happen or occur, often occasionally or unexpectedly. <b>Es kommt vor, dass …</b> means “it happens that …”.<br><br><b>Grammar:</b> Strong, separable verb: <b>vorkommen – kam vor – ist vorgekommen</b>. <b>Es kommt vor</b> is the third-person singular present. In the meaning “happen,” it takes no accusative object or fixed preposition. Common patterns: <b>etwas (Nominativ) kommt vor</b> and <b>es kommt vor, dass …</b>. Infinitive with <b>zu</b>: <b>vorzukommen</b>.<br><br><b>Example:</b> <i>Es kommt vor, dass man sich an Namen nicht erinnert.</i> — “It happens that one does not remember names.”<br><br><b>Synonym:</b> <b>geschehen / passieren / auftreten</b> depending on context<br><br><b>English:</b> <b>happen / occur</b> · <b>French:</b> <b>arriver / se produire</b> Useful nuance: <b>vorkommen</b> can also mean “to occur/be found” (<i>Dieses Tier kommt in Europa vor</i>) or “to seem/appear” (<i>Das kommt mir seltsam vor</i>). The latter meaning uses <b>jemandem (Dativ) … vorkommen</b>; with a reflexive pronoun: <b>sich (Dativ) … vorkommen</b> (<i>Ich komme mir hilflos vor</i>).<br><br><b>CEFR:</b> roughly <b>B1–B2</b>."
"widersprüchlich","<b>Definition:</b> Containing contradictions or expressing statements, information, or feelings that conflict with one another or do not fit together consistently.<br><br><b>Grammar:</b> Adjective: <b>widersprüchlich</b>. <b>widersprüchlichen</b> is a declined form with the ending <b>-en</b>; its case, gender, and number depend on the surrounding phrase. In <i>mit widersprüchlichen Aussagen</i>, it is dative plural after <b>mit</b>.<br><br><b>Example:</b> <i>Die widersprüchlichen Aussagen der Zeugen erschwerten die Ermittlungen.</i> — “The witnesses’ contradictory statements made the investigation more difficult.”<br><br><b>Synonym:</b> <b>gegensätzlich / widerspruchsvoll / inkonsistent</b> depending on context<br><br><b>English:</b> <b>contradictory / conflicting / inconsistent</b> · <b>French:</b> <b>contradictoire / incohérent</b> Useful nuance: <b>unterschiedlich</b> simply means “different”; <b>widersprüchlich</b> means that things contradict each other or contain internal contradictions.<br><br><b>CEFR:</b> roughly <b>B2–C1</b>."
"erheblich","<b>Definition:</b> Large or important enough in amount, extent, or effect to be noticeable or significant; considerable or substantial.<br><br><b>Grammar:</b> Adjective, also used adverbially: <i>Die Kosten sind erheblich gestiegen</i>. <b>erheblichen</b> is a declined form of <b>erheblich</b>; the <b>-en</b> ending depends on case, gender, number, and article. In <i>einen erheblichen Schaden</i>, it is accusative masculine singular.<br><br><b>Example:</b> <i>Der Sturm hat einen erheblichen Schaden verursacht.</i> — “The storm caused considerable damage.”<br><br><b>Synonym:</b> <b>beträchtlich / bedeutend / wesentlich</b> depending on context<br><br><b>English:</b> <b>considerable / substantial / significant</b> · <b>French:</b> <b>considérable / important / notable</b> Useful nuance: <b>erheblich</b> emphasizes a substantial degree or amount and often sounds more formal than <b>groß</b>. It can describe both positive and negative developments: <i>erhebliche Fortschritte</i>, <i>erhebliche Schwierigkeiten</i>.<br><br><b>CEFR:</b> roughly <b>B2</b>."
"schließlich","<b>Definition:</b> Finally or eventually, after a sequence of events or a period of time. It can also mean “after all,” introducing a reason or reminding someone of a relevant fact.<br><br><b>Grammar:</b> Invariable adverb; also used as a particle expressing justification. At the beginning of a declarative sentence, it is followed by the finite verb: <i>Schließlich fanden wir eine Lösung</i>.<br><br><b>Example:</b> <i>Nach langem Überlegen entschied sie sich schließlich für das Angebot.</i> — “After much deliberation, she eventually decided to accept the offer.” Another example: <i>Du kannst ihm vertrauen; schließlich ist er dein Freund.</i> — “You can trust him; after all, he is your friend.”<br><br><b>Synonym:</b> <b>letztlich / am Ende / letzten Endes</b>; <b>immerhin / denn immerhin</b> when giving a reason<br><br><b>English:</b> <b>finally / eventually / ultimately / after all</b> · <b>French:</b> <b>finalement / en fin de compte / après tout</b> Useful nuance: <b>endlich</b> often expresses relief or impatience (“at last”), while temporal <b>schließlich</b> more neutrally describes the eventual outcome. <b>Schließlich</b> can also introduce a justification, as in “after all.”<br><br><b>CEFR:</b> roughly <b>B1–B2</b>."
"sorgfältig","<b>Definition:</b> Done with care, attention to detail, and an effort to avoid mistakes or omissions; also describing someone who works in this manner.<br><br><b>Grammar:</b> Adjective, also used adverbially: <i>eine sorgfältige Prüfung</i>, <i>etwas sorgfältig prüfen</i>. Comparative: <b>sorgfältiger</b>; superlative: <b>am sorgfältigsten</b>. Related noun: <b>die Sorgfalt</b>.<br><br><b>Example:</b> <i>Sie prüfte die Unterlagen sorgfältig, bevor sie den Vertrag unterschrieb.</i> — “She checked the documents carefully before signing the contract.”<br><br><b>Synonym:</b> <b>gründlich / gewissenhaft / gewissenhaft ausgeführt / genau</b> depending on context<br><br><b>English:</b> <b>careful / meticulous / thorough</b>; adverbially <b>carefully / meticulously / thoroughly</b> · <b>French:</b> <b>soigneux / minutieux / méticuleux</b>; adverbially <b>soigneusement / minutieusement</b> Useful nuance: <b>sorgfältig</b> emphasizes care and precision when doing something; <b>vorsichtig</b> emphasizes caution to avoid danger, harm, or risk.<br><br><b>CEFR:</b> roughly <b>B1–B2</b>."
"das Gelände","<b>Definition:</b> An area of land considered in terms of its physical features, such as slopes or uneven ground. It can also mean the grounds or site of a factory, school, event, or other facility.<br><br><b>Grammar:</b> Neuter noun: <b>das Gelände</b>; plural: <b>die Gelände</b>, though usually used in the singular. Common expressions: <i>unwegsames Gelände</i>, <i>auf dem Gelände</i> (location, dative), <i>auf das Gelände</i> (movement onto the site, accusative).<br><br><b>Example:</b> <i>Das Betreten des Geländes ist nur Mitarbeitern erlaubt.</i> — “Only employees are allowed to enter the premises.” Another example: <i>Die Wanderung führte durch steiles, felsiges Gelände.</i> — “The hike led through steep, rocky terrain.”<br><br><b>Synonym:</b> <b>das Terrain / das Gebiet / das Areal / das Grundstück</b> depending on context<br><br><b>English:</b> <b>terrain / grounds / site / premises</b> · <b>French:</b> <b>terrain / site / enceinte</b> Useful nuance: <b>Gelände</b> emphasizes the physical land or the grounds of a facility; <b>Grundstück</b> usually refers to a defined plot of land as a piece of property.<br><br><b>CEFR:</b> roughly <b>B1–B2</b>."
"die Verzweiflung","<b>Definition:</b> A state of deep distress and loss of hope in which someone feels unable to find a way out of a difficult situation.<br><br><b>Grammar:</b> Feminine noun: <b>die Verzweiflung</b>; normally used in the singular. Related verb: <b>verzweifeln – verzweifelte – ist verzweifelt</b>; pattern: <b>an jemandem/etwas (Dativ) verzweifeln</b>. Related adjective: <b>verzweifelt</b> (“desperate / despairing”). Common expressions: <i>aus Verzweiflung</i>, <i>in seiner Verzweiflung</i>, <i>jemanden zur Verzweiflung bringen</i>.<br><br><b>Example:</b> <i>In ihrer Verzweiflung bat sie einen Freund um Hilfe.</i> — “In her desperation, she asked a friend for help.”<br><br><b>Synonym:</b> <b>die Hoffnungslosigkeit / die Ausweglosigkeit / die tiefe Mutlosigkeit</b> depending on context<br><br><b>English:</b> <b>despair / desperation</b> · <b>French:</b> <b>désespoir</b> Useful nuance: <b>Verzweiflung</b> is stronger than ordinary sadness or frustration and involves a sense of hopelessness. <b>Das bringt mich zur Verzweiflung!</b> can also be used more loosely to mean “That drives me to despair!”<br><br><b>CEFR:</b> roughly <b>B2</b>."
"etwas (Akkusativ) betreten / betreten","<b>Definition:</b> To enter a room, building, or area, or to step onto a surface. As an adjective, it means embarrassed, abashed, or visibly uncomfortable, often after an awkward incident.<br><br><b>Grammar:</b> Strong, inseparable verb: <b>betreten – betrat – hat betreten</b>. Present tense: <i>du betrittst, er/sie/es betritt</i>. Takes an <b>accusative object without a preposition</b>: <i>den Raum betreten, das Gelände betreten</i>. The adjective is declined before nouns: <i>ein betretenes Schweigen</i>.<br><br><b>Example:</b> <i>Sie betrat den Raum und begrüßte die Anwesenden.</i> — “She entered the room and greeted those present.” Another example: <i>Nach seiner Bemerkung herrschte betretenes Schweigen.</i> — “His remark was followed by an embarrassed silence.”<br><br><b>Synonym:</b> <b>hineingehen / eintreten / einen Fuß auf etwas setzen</b>; as an adjective: <b>verlegen / beschämt</b><br><br><b>English:</b> <b>enter / step onto</b>; adjectivally <b>embarrassed / abashed</b> · <b>French:</b> <b>entrer dans / poser le pied sur</b>; adjectivally <b>gêné / confus</b> Useful nuance: <b>betreten</b> often sounds more formal than <b>hineingehen</b>. <b>Betreten verboten!</b> means “No entry!”; <b>Rasen betreten verboten!</b> means “Keep off the grass!”<br><br><b>CEFR:</b> roughly <b>B1–B2</b> for the verb; <b>C1</b> for the adjective."
"übel / das Übel","<b>Definition:</b> As an adjective, bad, unpleasant, nasty, or serious; in <i>jemandem ist übel</i>, it describes feeling nauseous. The noun <b>das Übel</b> means an evil, ill, or harmful condition.<br><br><b>Grammar:</b> Adjective, also used adverbially: <i>ein übler Geruch</i>, <i>jemanden übel behandeln</i>. Comparative: <b>übler</b>; superlative: <b>am übelsten</b>. Feeling sick is expressed with the <b>dative</b>: <i>Mir ist übel</i>. Neuter noun: <b>das Übel</b>; plural: <b>die Übel</b>.<br><br><b>Example:</b> <i>Nach der Busfahrt war mir übel.</i> — “I felt nauseous after the bus ride.” Another example: <i>Wir müssen das kleinere Übel wählen.</i> — “We have to choose the lesser evil.”<br><br><b>Synonym:</b> <b>schlecht / unangenehm / schlimm</b>; as a noun: <b>der Missstand / das Unheil</b> depending on context<br><br><b>English:</b> <b>bad / nasty / unpleasant / nauseous</b>; noun <b>evil / ill</b> · <b>French:</b> <b>mauvais / désagréable / nauséeux</b>; noun <b>mal / fléau</b> Useful nuance: <b>Mir ist übel</b> means “I feel sick”; <b>Ich bin übel</b> does not express nausea. <b>Nicht übel!</b> means “Not bad!” Capitalize <b>Übel</b> when it is a noun: <i>das Übel an der Wurzel packen</i> (“tackle the problem at its root”).<br><br><b>CEFR:</b> roughly <b>B1–B2</b>."
"gegen etwas (Akkusativ) verstoßen / jemanden (Akkusativ) verstoßen","<b>Definition:</b> To violate or act against a rule, law, agreement, or principle. With a person as its direct object, it means to reject, disown, or cast that person out of a family or community.<br><br><b>Grammar:</b> Strong, inseparable verb: <b>verstoßen – verstieß – hat verstoßen</b>. Present tense: <i>du verstößt, er/sie/es verstößt</i>. Use <b>gegen + accusative</b> for violations: <i>gegen das Gesetz verstoßen</i>. For rejecting a person, use an <b>accusative object</b>: <i>jemanden verstoßen</i>, <i>jemanden aus der Familie verstoßen</i>.<br><br><b>Example:</b> <i>Wer gegen die Regeln verstößt, muss mit Konsequenzen rechnen.</i> — “Anyone who breaks the rules must expect consequences.” Another example: <i>Seine Familie hat ihn verstoßen.</i> — “His family disowned him.”<br><br><b>Synonym:</b> <b>missachten / verletzen / zuwiderhandeln</b> for rules; <b>ausstoßen / ausschließen / zurückweisen</b> for people<br><br><b>English:</b> <b>violate / breach / contravene / disown / cast out</b> · <b>French:</b> <b>enfreindre / contrevenir à / renier / bannir</b> Useful nuance: <b>Gegen ein Gesetz verstoßen</b> means “to break a law”; the preposition <b>gegen</b> is required in this construction. <b>Jemanden verstoßen</b> expresses a severe rejection and is stronger than simply disagreeing with or refusing someone.<br><br><b>CEFR:</b> roughly <b>B2</b>."
"jemanden/etwas (Akkusativ) befördern / jemanden (Akkusativ) zu etwas (Dativ) befördern","<b>Definition:</b> To promote someone to a higher position or rank; also to transport or convey people, goods, or other items from one place to another.<br><br><b>Grammar:</b> Weak, inseparable verb: <b>befördern – beförderte – hat befördert</b>. <b>Befördert</b> is the past participle, as well as the present-tense form for <i>er/sie/es</i> and <i>ihr</i>. Takes an <b>accusative object</b>: <i>jemanden befördern</i>, <i>Waren befördern</i>. For promotion to a position, use <b>zu + dative</b>: <i>jemanden zum Abteilungsleiter befördern</i>. Passive: <i>Sie wurde befördert</i>.<br><br><b>Example:</b> <i>Sie wurde zur Abteilungsleiterin befördert.</i> — “She was promoted to head of department.” Another example: <i>Der Zug befördert täglich Hunderte von Fahrgästen.</i> — “The train carries hundreds of passengers every day.”<br><br><b>Synonym:</b> <b>in eine höhere Position versetzen</b> for career advancement; <b>transportieren / transportieren lassen / weiterleiten</b> for moving people or goods<br><br><b>English:</b> <b>promote / transport / convey</b>; <b>befördert:</b> <b>promoted / transported / conveyed</b> · <b>French:</b> <b>promouvoir / transporter / acheminer</b>; <b>befördert:</b> <b>promu / transporté / acheminé</b> Useful nuance: Without further context, <b>Sie wurde befördert</b> usually refers to a promotion at work. In transport contexts, <b>befördern</b> is more formal than <b>bringen</b> or <b>fahren</b>. <b>Fördern</b> without <b>be-</b> means “support / encourage / foster” and does not specifically mean giving someone a higher job rank.<br><br><b>CEFR:</b> roughly <b>B1–B2</b>."
"jemanden/etwas (Akkusativ) prägen / von etwas (Dativ) geprägt sein","<b>Definition:</b> To shape or leave a lasting influence on someone or something; to give something its characteristic features. Literally, to stamp or emboss a design onto a material or mint coins. It can also mean to coin a term or expression.<br><br><b>Grammar:</b> Weak verb: <b>prägen – prägte – hat geprägt</b>. <b>Geprägt</b> is the past participle, also used adjectivally: <i>eine stark geprägte Persönlichkeit</i>. Takes an <b>accusative object</b>: <i>einen Menschen prägen</i>, <i>Münzen prägen</i>, <i>einen Begriff prägen</i>. Common construction: <b>von etwas geprägt sein</b> (<b>dative</b>) — “to be shaped or characterized by something.”<br><br><b>Example:</b> <i>Ihre Kindheit hat sie stark geprägt.</i> — “Her childhood had a profound influence on her.” Another example: <i>Die Region ist vom Weinbau geprägt.</i> — “The region is characterized by viticulture.”<br><br><b>Synonym:</b> <b>formen / nachhaltig beeinflussen / kennzeichnen</b> figuratively; <b>stanzen / einpressen</b> for physical impressions<br><br><b>English:</b> <b>shape / influence / characterize / stamp / mint / coin</b>; <b>geprägt:</b> <b>shaped / influenced / characterized / stamped / minted / coined</b> · <b>French:</b> <b>façonner / marquer / caractériser / frapper / forger</b>; <b>geprägt:</b> <b>façonné / marqué / caractérisé / frappé / forgé</b> Useful nuance: Figurative <b>prägen</b> suggests a lasting or defining influence, often stronger than <b>beeinflussen</b>. <b>Einen Begriff prägen</b> means “to coin a term,” while <b>Münzen prägen</b> means “to mint coins.”<br><br><b>CEFR:</b> roughly <b>B2</b>."
"die Auskunft","<b>Definition:</b> Information given in response to a question or request. It can also refer to an information desk or service where such information is provided.<br><br><b>Grammar:</b> Feminine noun: <b>die Auskunft</b>; plural: <b>die Auskünfte</b>. Common expressions: <i>jemandem Auskunft geben/erteilen</i> (<b>dative</b> for the recipient), <i>um Auskunft bitten</i>, <i>Auskunft über etwas geben</i> (<b>accusative</b> after <b>über</b>), <i>an der Auskunft fragen</i>.<br><br><b>Example:</b> <i>Können Sie mir Auskunft über die Öffnungszeiten geben?</i> — “Could you give me information about the opening hours?” Another example: <i>Bitte fragen Sie an der Auskunft.</i> — “Please ask at the information desk.”<br><br><b>Synonym:</b> <b>die Information / die Mitteilung / die Antwort</b>; <b>die Informationsstelle</b> for the service or desk<br><br><b>English:</b> <b>information / particulars / information desk</b> · <b>French:</b> <b>renseignement / renseignements / bureau d’information</b> Useful nuance: <b>Auskunft</b> usually refers to information supplied in response to an inquiry; <b>Information</b> is broader. German can use the plural <b>Auskünfte</b>, but English <b>information</b> is uncountable.<br><br><b>CEFR:</b> roughly <b>A2–B1</b>."
"jemandem/etwas (Dativ) ausweichen / auf etwas (Akkusativ) ausweichen","<b>Definition:</b> To move aside or swerve to avoid someone or something; figuratively, to evade a question, topic, or confrontation. It can also mean to switch to an alternative place or option when the original one is unavailable or unsuitable.<br><br><b>Grammar:</b> Strong, separable verb: <b>ausweichen – wich aus – ist ausgewichen</b>. Takes the <b>dative</b> for what is avoided: <i>einem Hindernis ausweichen</i>, <i>einer Frage ausweichen</i>. For switching to an alternative, use <b>auf + accusative</b>: <i>auf einen anderen Termin ausweichen</i>. Infinitive with <b>zu</b>: <b>auszuweichen</b>.<br><br><b>Example:</b> <i>Die Fahrerin wich einem Radfahrer aus.</i> — “The driver swerved to avoid a cyclist.” Another example: <i>Er ist meiner Frage ausgewichen.</i> — “He dodged my question.”<br><br><b>Synonym:</b> <b>zur Seite gehen / aus dem Weg gehen / umgehen</b>; <b>auf eine Alternative zurückgreifen</b> depending on context<br><br><b>English:</b> <b>dodge / evade / swerve / move aside / switch to an alternative</b> · <b>French:</b> <b>éviter / esquiver / s’écarter / se rabattre sur</b> Useful nuance: <b>Ausweichen</b> emphasizes moving out of the way or avoiding direct engagement. <b>Vermeiden</b> means “avoid” more generally and takes the accusative: <i>einen Konflikt vermeiden</i>, but <i>einem Konflikt ausweichen</i>. <b>Auf einen anderen Raum ausweichen</b> means “to use another room instead.”<br><br><b>CEFR:</b> roughly <b>B1–B2</b>."
"etwas (Akkusativ) auskosten","<b>Definition:</b> To savor or enjoy something fully, making the most of an experience, feeling, or moment. In literary contexts, it can also mean to experience something unpleasant to its fullest extent.<br><br><b>Grammar:</b> Weak, separable verb: <b>auskosten – kostete aus – hat ausgekostet</b>. Takes an <b>accusative object</b>: <i>den Augenblick auskosten</i>, <i>seinen Erfolg auskosten</i>. Present tense: <i>Sie kostet ihre Freiheit aus</i>. Infinitive with <b>zu</b>: <b>auszukosten</b>.<br><br><b>Example:</b> <i>Sie kostete jeden Augenblick ihres Urlaubs aus.</i> — “She savored every moment of her vacation.” Another example: <i>Nach der anstrengenden Woche wollte er die Ruhe voll auskosten.</i> — “After the exhausting week, he wanted to savor the peace and quiet to the fullest.”<br><br><b>Synonym:</b> <b>voll genießen / in vollen Zügen genießen / ausschöpfen</b> depending on context<br><br><b>English:</b> <b>savor / relish / enjoy to the full</b> · <b>French:</b> <b>savourer / profiter pleinement de / goûter pleinement</b> Useful nuance: <b>Kosten</b> can mean “to taste”; <b>auskosten</b> extends this idea to fully savoring an experience. Compared with <b>genießen</b>, it emphasizes enjoying something completely: <i>den Triumph bis zum letzten Augenblick auskosten</i>.<br><br><b>CEFR:</b> roughly <b>B2–C1</b>."
"die Klinke","<b>Definition:</b> A lever-shaped door handle that is pressed down to release the latch and open the door. In mechanical contexts, it can also mean a pawl or catch that engages with another part to restrict movement.<br><br><b>Grammar:</b> Feminine noun: <b>die Klinke</b>; plural: <b>die Klinken</b>. Common expressions: <i>die Klinke herunterdrücken</i>, <i>die Hand auf die Klinke legen</i>, <i>die Klinke in der Hand halten</i>.<br><br><b>Example:</b> <i>Sie drückte die Klinke herunter und öffnete leise die Tür.</i> — “She pressed down the door handle and quietly opened the door.”<br><br><b>Synonym:</b> <b>die Türklinke / der Türgriff</b> in everyday usage<br><br><b>English:</b> <b>door handle / lever handle</b>; technically <b>pawl / catch</b> · <b>French:</b> <b>poignée de porte / béquille</b>; technically <b>cliquet</b> Useful nuance: <b>Türgriff</b> is a general term for a door handle; <b>Klinke</b> usually means the lever you press down. A round doorknob is <b>der Türknauf</b>. <b>Sich die Klinke in die Hand geben</b> means that visitors arrive in quick succession, with one leaving as another arrives.<br><br><b>CEFR:</b> roughly <b>B1–B2</b> for the everyday meaning."
"jemanden (Akkusativ) von den Beinen (Dativ) reißen","<b>Definition:</b> To knock someone off their feet through a sudden, forceful impact, for example from a wave, gust of wind, or collision. <b>Von den Beinen gerissen</b> means “knocked off one's feet.”<br><br><b>Grammar:</b> Strong verb: <b>reißen – riss – hat gerissen</b> in this transitive construction. The person is an <b>accusative object</b>: <i>jemanden von den Beinen reißen</i>. <b>Von</b> takes the <b>dative</b>: <i>von den Beinen</i> (dative plural of <i>das Bein</i>). <b>Gerissen</b> is the past participle. Passive: <i>Sie wurde von den Beinen gerissen</i>.<br><br><b>Example:</b> <i>Eine große Welle riss sie von den Beinen.</i> — “A large wave knocked her off her feet.” Another example: <i>Sie wurde von einer heftigen Bö von den Beinen gerissen.</i> — “She was knocked off her feet by a strong gust of wind.”<br><br><b>Synonym:</b> <b>umwerfen / zu Boden reißen / umstoßen</b><br><br><b>English:</b> <b>knock someone off their feet / knock someone down</b> · <b>French:</b> <b>renverser quelqu’un / faire tomber quelqu’un brutalement</b> Useful nuance: Translate the whole expression rather than each word: <b>von den Beinen gerissen</b> describes losing one's footing through force. The standalone adjective <b>gerissen</b> can mean “cunning / crafty,” but that meaning does not apply here.<br><br><b>CEFR:</b> roughly <b>B2</b>."
"gellend","<b>Definition:</b> Describing a loud, sharp, piercing sound, especially a scream, cry, or shrill laugh.<br><br><b>Grammar:</b> <b>Gellend</b> is the present participle of <b>gellen</b>, used as an adjective. <b>Gellenden</b> is a declined form with the ending <b>-en</b>; the case, gender, and number depend on the surrounding phrase. In <i>einen gellenden Schrei</i>, it is accusative masculine singular; in <i>mit einem gellenden Schrei</i>, it is dative masculine singular.<br><br><b>Example:</b> <i>Sie stieß einen gellenden Schrei aus.</i> — “She let out a piercing scream.”<br><br><b>Synonym:</b> <b>schrill / durchdringend / ohrenbetäubend</b> depending on context<br><br><b>English:</b> <b>piercing / shrill / ringing</b> · <b>French:</b> <b>strident / perçant / aigu</b> Useful nuance: <b>Gellend</b> emphasizes a sound's sharp, penetrating quality, whereas <b>laut</b> simply means “loud.” Common combinations include <i>ein gellender Schrei</i> and <i>gellendes Gelächter</i>.<br><br><b>CEFR:</b> roughly <b>C1</b>."
"das Kreischen / kreischen","<b>Definition:</b> A loud, high-pitched, piercing cry or noise. The verb means to shriek or screech and can describe people, animals, or mechanical sounds such as brakes.<br><br><b>Grammar:</b> Neuter noun formed from the infinitive: <b>das Kreischen</b>, normally used without a plural. Lowercase <b>kreischen</b> is a weak verb: <b>kreischen – kreischte – hat gekreischt</b>, usually used intransitively. Common expressions: <i>ein gellendes Kreischen</i>, <i>vor Angst kreischen</i>, <i>kreischende Bremsen</i>.<br><br><b>Example:</b> <i>Ein gellendes Kreischen durchbrach die Stille.</i> — “A piercing screech broke the silence.” Another example: <i>Die Bremsen kreischten, als der Zug anhielt.</i> — “The brakes screeched as the train came to a stop.”<br><br><b>Synonym:</b> <b>das Schrillen / das schrille Schreien</b>; as a verb: <b>schrill schreien / schrillen</b><br><br><b>English:</b> <b>screeching / shrieking / a screech / a shriek</b>; verb <b>screech / shriek</b> · <b>French:</b> <b>cri strident / hurlement aigu / crissement</b>; verb <b>pousser des cris stridents / crisser</b> Useful nuance: <b>Schreien</b> broadly means “to shout / scream”; <b>kreischen</b> emphasizes a particularly shrill, high-pitched sound. Capitalized <b>Kreischen</b> is the noun: <i>das Kreischen der Möwen</i> (“the screeching of the gulls”).<br><br><b>CEFR:</b> roughly <b>B2</b>."
"die Wand","<b>Definition:</b> A wall: a vertical surface or structure that encloses or divides a room or building. It can also describe a steep rock face or a wall-like mass, such as a wall of water.<br><br><b>Grammar:</b> Feminine noun: <b>die Wand</b>; plural: <b>die Wände</b>. <b>Wänden</b> is the <b>dative plural</b>, with the additional <b>-n</b>: <i>an den Wänden</i>, <i>zwischen den Wänden</i>, <i>von den Wänden</i>. Compare location <i>an den Wänden</i> (dative) with direction <i>an die Wände</i> (accusative).<br><br><b>Example:</b> <i>An den Wänden hingen alte Bilder.</i> — “Old pictures hung on the walls.” Another example: <i>Das Kreischen hallte von den Wänden wider.</i> — “The screech echoed off the walls.”<br><br><b>Synonym:</b> <b>die Zimmerwand / die Trennwand</b>; <b>die Mauer</b> in some contexts<br><br><b>English:</b> <b>wall</b>; in rock formations <b>face / cliff face</b> · <b>French:</b> <b>mur / paroi</b> Useful nuance: <b>Wand</b> is the usual word for a room's wall and need not be made of masonry. <b>Mauer</b> emphasizes a masonry structure, often an exterior or freestanding wall. <b>In den eigenen vier Wänden</b> means “in one's own home.”<br><br><b>CEFR:</b> roughly <b>A1–A2</b> for the everyday meaning."
"von etwas (Dativ) widerhallen","<b>Definition:</b> For a sound to echo off a surface, such as walls or cliffs, which reflects it back.<br><br><b>Grammar:</b> Weak, separable verb: <b>widerhallen – hallte wider – hat widergehallt</b>. The sound is the <b>subject</b>. <b>Von + dative</b> identifies the reflecting surface: <i>von den Wänden widerhallen</i>. Infinitive with <b>zu</b>: <b>widerzuhallen</b>. The verb can also occur without <b>von</b>, for example <i>im Flur widerhallen</i>.<br><br><b>Example:</b> <i>Ihr Kreischen hallte noch immer von den Wänden wider.</i> — “Her screeching was still echoing off the walls.”<br><br><b>Synonym:</b> <b>zurückhallen / als Echo zurückklingen</b><br><br><b>English:</b> <b>echo off something / reverberate off something</b> · <b>French:</b> <b>se répercuter sur quelque chose / être renvoyé en écho par quelque chose</b> Useful nuance: In a main clause, <b>wider</b> separates and moves to the end: <i>Das Geräusch hallte wider</i>. It is part of <b>widerhallen</b>, not <b>wieder</b> (“again”). <b>Von</b> introduces the surface reflecting the sound; it is not a mandatory preposition for every use of <b>widerhallen</b>.<br><br><b>CEFR:</b> roughly <b>B2–C1</b>."
"kauern","<b>Definition:</b> To crouch or sit huddled up, with the body bent low and the limbs drawn close, often because of fear, cold, or a need to hide.<br><br><b>Grammar:</b> Weak verb: <b>kauern – kauerte – hat gekauert</b>. <b>Kauerte</b> is the first- or third-person singular simple past (Präteritum): <i>ich/er/sie/es kauerte</i>. Usually intransitive, with a phrase indicating location: <i>in einer Ecke kauern</i>, <i>hinter einem Baum kauern</i>. These location phrases take the <b>dative</b>. Regional usage, especially in southern German-speaking areas, also uses <b>ist gekauert</b>.<br><br><b>Example:</b> <i>Sie kauerte zitternd in einer Ecke.</i> — “She crouched trembling in a corner.”<br><br><b>Synonym:</b> <b>hocken / zusammengekauert sitzen</b><br><br><b>English:</b> <b>crouch / huddle / squat</b>; <b>kauerte:</b> <b>crouched / huddled / squatted</b> · <b>French:</b> <b>être accroupi / se tenir recroquevillé</b>; <b>kauerte:</b> <b>était accroupi(e) / se tenait recroquevillé(e)</b> Useful nuance: <b>Kauern</b> describes a low, compact posture; it does not necessarily imply fear. <b>Sich ducken</b> emphasizes lowering one's head or body, while <b>kauern</b> often describes remaining in a crouched position.<br><br><b>CEFR:</b> roughly <b>B2–C1</b>."
"wimmern","<b>Definition:</b> To make soft, plaintive crying sounds because of pain, fear, or distress; to whimper. <b>Wimmernd</b> means “whimpering.”<br><br><b>Grammar:</b> Weak verb: <b>wimmern – wimmerte – hat gewimmert</b>, usually intransitive. <b>Wimmernd</b> is the present participle (Partizip I), used adjectivally or adverbially. It remains uninflected in <i>Sie kauerte wimmernd in der Ecke</i>, but takes an adjective ending before a noun: <i>ein wimmerndes Kind</i>. Common expression: <i>vor Schmerzen wimmern</i>.<br><br><b>Example:</b> <i>Sie kauerte wimmernd in der Ecke.</i> — “She crouched in the corner, whimpering.”<br><br><b>Synonym:</b> <b>leise jammern / kläglich weinen</b><br><br><b>English:</b> <b>whimper / whimpering</b> · <b>French:</b> <b>gémir / en gémissant / gémissant</b> Useful nuance: <b>Wimmern</b> describes a softer, weaker sound than <b>schreien</b> or <b>kreischen</b>. In <i>Sie kauerte wimmernd</i>, <b>kauerte</b> is the finite verb and <b>wimmernd</b> describes what she was doing at the same time.<br><br><b>CEFR:</b> roughly <b>B2–C1</b>."
"anspruchsvoll","<b>Definition:</b> Demanding considerable effort, skill, or thought; also describing something sophisticated or of a high standard, such as a text, task, or audience.<br><br><b>Grammar:</b> Adjective, also used adverbially: <i>eine anspruchsvolle Aufgabe</i>, <i>Der Kurs ist anspruchsvoll</i>. <b>Anspruchsvoll</b> is declined before a noun according to case, gender, number, and determiner. Related noun: <b>der Anspruch</b> (“demand / requirement / claim”).<br><br><b>Example:</b> <i>Der Roman ist sprachlich anspruchsvoll, aber sehr lesenswert.</i> — “The novel is linguistically challenging, but well worth reading.”<br><br><b>Synonym:</b> <b>schwierig / fordernd / gehoben</b> depending on context<br><br><b>English:</b> <b>challenging / demanding / sophisticated / high-standard</b> · <b>French:</b> <b>exigeant / difficile / sophistiqué / de haut niveau</b> Useful nuance: <b>Anspruchsvoll</b> can be positive, suggesting quality or sophistication, as well as describing something difficult. <b>Schwierig</b> primarily means “difficult.”<br><br><b>CEFR:</b> roughly <b>B2</b>."
"die Anforderung","<b>Definition:</b> Something that is required or expected; a condition, standard, or task that must be met or fulfilled. In plural, <b>Anforderungen</b> often refers to the demands a job, course, or situation places on someone.<br><br><b>Grammar:</b> Feminine noun: <b>die Anforderung</b>; plural: <b>die Anforderungen</b>. Related verb: <b>fordern</b> (“to demand / require”); <b>Anforderungen an jemanden/etwas (Akkusativ) stellen</b> means “to make demands of someone/something.” <b>An + accusative</b> identifies the person or thing the requirements concern.<br><br><b>Example:</b> <i>Die Stelle stellt hohe Anforderungen an die Bewerber.</i> — “The position places high demands on applicants.” Another example: <i>Bitte prüfen Sie, ob Ihr Computer die technischen Anforderungen erfüllt.</i> — “Please check whether your computer meets the technical requirements.”<br><br><b>Synonym:</b> <b>Voraussetzung / Erfordernis / Bedingung</b> depending on context<br><br><b>English:</b> <b>requirement / demand / criterion</b> · <b>French:</b> <b>exigence / condition / critère</b> Useful nuance: <b>Anforderung</b> can refer to a specific requirement that must be met or to the effort and ability demanded by a task. <b>Voraussetzung</b> more often means a prerequisite that must already be in place.<br><br><b>CEFR:</b> roughly <b>B2</b>."
"sich (Akkusativ) auf jemanden/etwas (Akkusativ) einlassen / jemanden (Akkusativ) einlassen","<b>Definition:</b> The separable verb <b>einlassen</b> has several meanings. Reflexively, <b>sich auf jemanden/etwas einlassen</b> means to become involved with or agree to engage in a person, situation, risk, or activity. It can also mean to let someone into a place (<b>jemanden einlassen</b>) or to admit water or another substance into a container or space.<br><br><b>Grammar:</b> Separable strong verb: <b>sich auf etwas (Akkusativ) einlassen – ließ sich ein – hat sich eingelassen</b>. In a main clause, the prefix separates: <i>Sie lässt sich darauf ein</i>. Related phrase: <b>sich mit jemandem (Dativ) einlassen</b> (“to get involved with someone”). Non-reflexive <b>jemanden (Akkusativ) einlassen</b> means “to let someone in.”<br><br><b>Example:</b> <i>Nach langem Zögern ließ er sich auf das Experiment ein.</i> — “After hesitating for a long time, he agreed to take part in the experiment.” Another example: <i>Der Türsteher ließ uns nicht ein.</i> — “The doorman did not let us in.”<br><br><b>Synonym:</b> <b>sich auf etwas einlassen:</b> <b>sich auf etwas einrichten / sich darauf einlassen / sich darauf einlassen, etwas zu tun</b> depending on context<br><br><b>English:</b> <b>get involved in / engage in / agree to take part in</b>; <b>let in / admit</b> · <b>French:</b> <b>s’engager dans / se laisser entraîner dans</b>; <b>laisser entrer / admettre</b> Useful nuance: <b>Sich auf etwas einlassen</b> often suggests accepting uncertainty, risk, or emotional involvement. <b>Einwilligen</b> simply means “to consent,” while <b>sich einlassen</b> emphasizes entering into or engaging with the matter.<br><br><b>CEFR:</b> roughly <b>B2</b>."
"jemanden (Akkusativ) zu etwas (Dativ) verlocken","<b>Definition:</b> To tempt or entice someone by making an action, offer, or opportunity seem attractive. It often suggests an appealing invitation to do something, sometimes despite possible risks or drawbacks.<br><br><b>Grammar:</b> Weak, inseparable verb: <b>jemanden (Akkusativ) zu etwas (Dativ) verlocken – verlockte – hat verlockt</b>. Related adjective: <b>verlockend</b> (“tempting / enticing”).<br><br><b>Example:</b> <i>Der niedrige Preis verlockte viele Kunden zum Kauf.</i> — “The low price tempted many customers to buy.” Another example: <i>Lass dich nicht von dem verlockenden Angebot verlocken.</i> — “Don’t let yourself be tempted by the enticing offer.”<br><br><b>Synonym:</b> <b>verführen / reizen / anlocken</b> depending on context<br><br><b>English:</b> <b>tempt / entice / lure</b> · <b>French:</b> <b>tenter / séduire / attirer</b> Useful nuance: <b>Verlocken</b> focuses on making something seem attractive enough to draw someone toward it. <b>Überreden</b> means persuading someone through words or arguments, while <b>verführen</b> can suggest stronger temptation or seduction.<br><br><b>CEFR:</b> roughly <b>B2</b>."
"erschöpft","<b>Definition:</b> Extremely tired or drained of physical or mental energy, often after effort, stress, or illness. It can also mean that a supply or resource has been used up, as in <i>erschöpfte Vorräte</i>.<br><br><b>Grammar:</b> Adjective and past participle of the weak, inseparable verb <b>jemanden/etwas (Akkusativ) erschöpfen – erschöpfte – hat erschöpft</b>. Used predicatively (<i>Ich bin erschöpft</i>) or declined before a noun (<i>ein erschöpfter Läufer</i>). Reflexive <b>sich erschöpfen</b> can mean “to exhaust oneself” or, in formal use, “to be exhausted / be fully covered.”<br><br><b>Example:</b> <i>Nach dem langen Aufstieg waren wir völlig erschöpft.</i> — “After the long climb, we were completely exhausted.” Another example: <i>Die natürlichen Ressourcen dürfen nicht erschöpft werden.</i> — “Natural resources must not be depleted.”<br><br><b>Synonym:</b> <b>müde / ausgelaugt / kraftlos</b> depending on context<br><br><b>English:</b> <b>exhausted / worn out / depleted</b> · <b>French:</b> <b>épuisé / exténué / épuisé (pour une ressource)</b> Useful nuance: For people, <b>erschöpft</b> is stronger than <b>müde</b> (“tired”) and suggests that little energy is left. For resources, it means “depleted” or “used up.”<br><br><b>CEFR:</b> roughly <b>B1–B2</b>."
"heftig","<b>Definition:</b> Strong or intense in force, degree, or effect. It can describe severe weather, pain, arguments, reactions, or other events. Colloquially, it can also mean “extreme” or “impressive.”<br><br><b>Grammar:</b> Adjective, also used adverbially: <i>ein heftiger Sturm</i>, <i>Der Wind wehte heftig</i>. Declined before a noun according to case, gender, number, and determiner. Comparative: <b>heftiger</b>; superlative: <b>am heftigsten</b>.<br><br><b>Example:</b> <i>Nach dem Sturz hatte sie heftige Schmerzen.</i> — “After the fall, she had severe pain.” Another example: <i>Die beiden gerieten in einen heftigen Streit.</i> — “The two got into a fierce argument.”<br><br><b>Synonym:</b> <b>stark / intensiv / heftig ausgeprägt</b> depending on context<br><br><b>English:</b> <b>strong / intense / severe / fierce</b> · <b>French:</b> <b>violent / intense / fort / sévère</b> Useful nuance: <b>Heftig</b> emphasizes force or intensity and can sound more dramatic than <b>stark</b>. Depending on context, English equivalents include “severe” for pain, “fierce” for a dispute, and “heavy” for rain.<br><br><b>CEFR:</b> roughly <b>B1–B2</b>."
"etwas (Akkusativ) überschreiten","<b>Definition:</b> To cross from one side of a boundary, place, or line to the other; figuratively, to go beyond a limit, permitted amount, authority, or acceptable standard. Common objects include <i>eine Grenze</i>, <i>einen Fluss</i>, <i>eine Schwelle</i>, <i>ein Tempolimit</i>, and <i>seine Befugnisse</i>.<br><br><b>Grammar:</b> Strong, inseparable verb: <b>etwas (Akkusativ) überschreiten – überschritt – hat überschritten</b>. It takes a direct accusative object without a preposition: <i>eine Grenze überschreiten</i>, <i>das zulässige Gewicht überschreiten</i>. The related noun is <b>die Überschreitung</b> (“crossing / exceeding”).<br><br><b>Example:</b> <i>Wer die Grenze ohne Genehmigung überschreitet, muss mit einer Strafe rechnen.</i> — “Anyone who crosses the border without permission must expect a penalty.” Another example: <i>Mit dieser Entscheidung hat er seine Befugnisse überschritten.</i> — “With this decision, he exceeded his authority.”<br><br><b>Synonym:</b> <b>überqueren / übersteigen / hinausgehen über</b> depending on context<br><br><b>English:</b> <b>cross / exceed / overstep</b> · <b>French:</b> <b>franchir / dépasser / outrepasser</b> Useful nuance: For a physical route, <b>überschreiten</b> is more formal than <b>überqueren</b>. For limits, rules, or authority, it means “exceed” or “overstep”; <b>verletzen</b> emphasizes breaking a rule, while <b>überschreiten</b> emphasizes going beyond a boundary.<br><br><b>CEFR:</b> roughly <b>B2</b>."
"funkeln","<b>Definition:</b> To shine with many small, bright flashes of reflected or emitted light. It can describe stars, jewels, water, snow, or a person’s eyes; figuratively, it can suggest lively intelligence or strong feeling. <b>Funkelnd</b> means “sparkling,” “twinkling,” or “glittering.”<br><br><b>Grammar:</b> Weak verb: <b>funkeln – funkelte – hat gefunkelt</b>, usually used intransitively. A place or surface is commonly introduced with <b>in + dative</b>: <i>in der Sonne funkeln</i>, <i>in den Augen funkeln</i>. <b>Funkelnd</b> is the present participle (Partizip I), used adjectivally or adverbially: <i>funkelnde Sterne</i>, <i>Die Augen funkelten wütend</i>.<br><br><b>Example:</b> <i>Die Sterne funkelten am klaren Nachthimmel.</i> — “The stars twinkled in the clear night sky.” Another example: <i>Ihre Augen funkelten vor Begeisterung.</i> — “Her eyes sparkled with enthusiasm.”<br><br><b>Synonym:</b> <b>glitzern / glänzen / strahlen</b> depending on context<br><br><b>English:</b> <b>sparkle / glitter / twinkle</b>; <b>funkelnd:</b> <b>sparkling / glittering / twinkling</b> · <b>French:</b> <b>scintiller / étinceler / briller</b>; <b>funkelnd:</b> <b>scintillant / étincelant</b> Useful nuance: <b>Funkeln</b> emphasizes sharp, lively flashes of light. <b>Glitzern</b> often suggests glitter or many reflected points of light, while <b>glänzen</b> is broader and can simply mean “shine” or “be glossy.”<br><br><b>CEFR:</b> roughly <b>B1–B2</b>."
"losschlagen / auf jemanden/etwas (Akkusativ) losschlagen / etwas (Akkusativ) losschlagen","<b>Definition:</b> To begin attacking or hitting someone or something; by extension, to start a fight or begin an action. In the literal construction <b>etwas von etwas losschlagen</b>, it means to remove something by striking it loose. In colloquial commercial language, <b>etwas losschlagen</b> can also mean to sell or get rid of something.<br><br><b>Grammar:</b> Strong, separable verb: <b>losschlagen – schlug los – hat losgeschlagen</b>. For an attack, use <b>auf jemanden/etwas ( Akkusativ) losschlagen</b>: <i>Die Truppen schlugen plötzlich auf den Gegner los</i>. For removing something, use <b>etwas ( Akkusativ) von etwas (Dativ) losschlagen</b>: <i>den Putz von der Wand losschlagen</i>. As an intransitive verb, <b>losschlagen</b> means “to begin”: <i>Jetzt können wir losschlagen</i>.<br><br><b>Example:</b> <i>Die Angreifer schlugen ohne Warnung auf die Passanten los.</i> — “The attackers began hitting the passers-by without warning.” Another example: <i>Nach der kurzen Pause schlug die Mannschaft wieder los.</i> — “After the short break, the team started again.”<br><br><b>Synonym:</b> <b>angreifen / zuschlagen / den Kampf beginnen</b>; <b>etwas von etwas (Dativ) loslösen</b> in the literal sense<br><br><b>English:</b> <b>attack / strike out at / start fighting</b>; <b>knock loose / sell off</b> in other contexts · <b>French:</b> <b>attaquer / frapper / commencer le combat</b>; <b>détacher à coups de marteau / vendre</b> in other contexts Useful nuance: <b>Losschlagen</b> is separable: <i>Die Kämpfer schlagen los</i>. Do not confuse <b>auf jemanden losschlagen</b> (“to attack someone”) with <b>auf jemanden einschlagen</b> (“to beat someone repeatedly”); the latter emphasizes repeated blows.<br><br><b>CEFR:</b> roughly <b>B2–C1</b>."
"der Überfluss","<b>Definition:</b> A very large or more-than-sufficient quantity of something, especially food, goods, money, or other resources. It can also refer to an abundance of abstract things such as information, choices, or impressions.<br><br><b>Grammar:</b> Masculine noun: <b>der Überfluss</b>; it is usually used in the singular. Common constructions are <b>im Überfluss vorhanden sein</b> (“to be abundant”), <b>etwas im Überfluss haben</b> (“to have something in abundance”), and <b>im Überfluss leben</b> (“to live in abundance”). <b>Überfluss an + dative</b> introduces what is abundant: <i>ein Überfluss an Informationen</i>.<br><br><b>Example:</b> <i>In diesem Land gibt es Lebensmittel im Überfluss.</i> — “In this country, there is an abundance of food.” Another example: <i>Der Überfluss an Informationen kann die Orientierung erschweren.</i> — “The abundance of information can make it harder to find one’s way.”<br><br><b>Synonym:</b> <b>die Fülle / der Reichtum / die Überfülle</b> depending on context<br><br><b>English:</b> <b>abundance / excess / plenty</b> · <b>French:</b> <b>abondance / profusion / excès</b> Useful nuance: <b>Überfluss</b> can be neutral or positive when it means abundance, but it can also suggest excess or waste. <b>Fülle</b> often sounds more positive or literary, while <b>Überschuss</b> usually means an amount left over after a need has been met.<br><br><b>CEFR:</b> roughly <b>B2</b>."
"weich","<b>Definition:</b> Soft to the touch or easy to bend, press, or shape. Figuratively, it can describe a gentle sound, light, manner, or personality; for water, it can mean low in dissolved minerals, and for a boiled food, tender rather than firm.<br><br><b>Grammar:</b> Adjective, also used adverbially: <i>weiches Brot</i>, <i>Die Decke fühlt sich weich an</i>, <i>Sie sprach weich und ruhig</i>. Comparative: <b>weicher</b>; superlative: <b>am weichsten</b>. Common verb constructions are <b>weich werden</b> (“to become soft”), <b>etwas (Akkusativ) weich machen</b> (“to soften something”), and <b>etwas (Akkusativ) weich kochen</b> (“to cook something until tender”).<br><br><b>Example:</b> <i>Das Kissen ist weich und bequem.</i> — “The pillow is soft and comfortable.” Another example: <i>Die Musik setzte mit weichen, ruhigen Tönen ein.</i> — “The music began with soft, gentle notes.”<br><br><b>Synonym:</b> <b>zart / sanft / geschmeidig / mild</b> depending on context<br><br><b>English:</b> <b>soft / tender / gentle / mild</b> · <b>French:</b> <b>doux / tendre / souple / délicat</b> Useful nuance: <b>Weich</b> describes physical softness, while <b>sanft</b> more often describes a gentle manner, sound, movement, or touch. In <b>weiches Wasser</b>, it means water with little dissolved calcium and magnesium; <b>weiche Drogen</b> is an informal expression for drugs considered less harmful than “hard drugs.”<br><br><b>CEFR:</b> roughly <b>A2–B1</b> for the physical meaning; <b>B2</b> for figurative uses."
"gelangweilt sein / sich (Akkusativ) langweilen","<b>Definition:</b> Feeling that an activity or situation is uninteresting because it does not provide enough stimulation or engagement. <b>Gelangweilt</b> describes the person experiencing boredom; <b>langweilig</b> describes the thing that causes it.<br><br><b>Grammar:</b> <b>Gelangweilt</b> is the past participle of the weak verb <b>jemanden (Akkusativ) langweilen – langweilte – hat gelangweilt</b>, and it is often used as an adjective. The reflexive construction is <b>sich (Akkusativ) langweilen – langweilte sich – hat sich gelangweilt</b>. A cause can be introduced with <b>von + dative</b>: <i>von einer Aufgabe gelangweilt sein</i>. German also commonly says <b>jemandem (Dativ) ist langweilig</b>: <i>Mir ist langweilig</i> (“I am bored”).<br><br><b>Example:</b> <i>Die Kinder langweilten sich während des langen Vortrags.</i> — “The children were bored during the long lecture.” Another example: <i>Ich bin von dieser Wiederholung gelangweilt.</i> — “I am bored by this repetition.”<br><br><b>Synonym:</b> <b>desinteressiert / lustlos / unbeteiligt</b> depending on context<br><br><b>English:</b> <b>bored / bored with / uninterested</b> · <b>French:</b> <b>ennuyé / qui s’ennuie / désintéressé</b> Useful nuance: <b>Ich bin gelangweilt</b> means “I am bored,” while <b>Der Film ist langweilig</b> means “The film is boring.” <b>Ich bin langweilig</b> would usually mean “I am a boring person.”<br><br><b>CEFR:</b> roughly <b>A2–B1</b>."
"die Wucht","<b>Definition:</b> Great physical force or momentum, especially the force of an impact, blow, collision, or moving object. Figuratively, it describes the strength and effect of an emotion, argument, event, or public reaction.<br><br><b>Grammar:</b> Feminine noun: <b>die Wucht</b>; it is usually used in the singular. Common constructions include <b>mit voller Wucht</b> (“with full force”), <b>mit Wucht gegen etwas (Akkusativ) prallen/schlagen</b> (“to crash/hit against something with force”), <b>die Wucht des Aufpralls</b> (“the force of the impact”), and <b>die Wucht einer Reaktion</b> (“the force of a reaction”).<br><br><b>Example:</b> <i>Der Ball traf ihn mit voller Wucht am Kopf.</i> — “The ball hit him in the head with full force.” Another example: <i>Die Wucht des Sturms riss mehrere Bäume um.</i> — “The force of the storm knocked down several trees.”<br><br><b>Synonym:</b> <b>die Kraft / die Gewalt / die Heftigkeit / die Stoßkraft</b> depending on context<br><br><b>English:</b> <b>force / impact / power / sheer force</b> · <b>French:</b> <b>force / puissance / impact / violence</b> Useful nuance: <b>Wucht</b> emphasizes sudden, powerful force and often suggests a strong impact. <b>Kraft</b> is more general and can refer to strength or energy without implying a sudden blow; <b>Heftigkeit</b> emphasizes intensity, especially in reactions, arguments, or events.<br><br><b>CEFR:</b> roughly <b>B2</b>."
"die Ausrüstung","<b>Definition:</b> The equipment, tools, clothing, or other items needed for a particular activity, task, profession, journey, or operation. It can refer to a complete set of items or to the way a place or vehicle is equipped.<br><br><b>Grammar:</b> Feminine noun: <b>die Ausrüstung</b>; it is usually used as an uncountable singular noun, though <b>die Ausrüstungen</b> is possible when referring to several complete sets or types of equipment. Related verb: <b>jemanden/etwas (Akkusativ) mit etwas (Dativ) ausrüsten</b> (“to equip someone/something with something”) and reflexive <b>sich (Akkusativ) mit etwas (Dativ) ausrüsten</b> (“to equip oneself with something”). <b>Ausrüstung für + accusative</b> identifies the intended activity or use.<br><br><b>Example:</b> <i>Für die Bergtour brauchen wir warme Kleidung und eine gute Ausrüstung.</i> — “For the mountain tour, we need warm clothing and good equipment.” Another example: <i>Die Soldaten wurden mit neuer Schutzausrüstung ausgerüstet.</i> — “The soldiers were equipped with new protective gear.”<br><br><b>Synonym:</b> <b>die Ausstattung / das Equipment / das Gerät</b> depending on context<br><br><b>English:</b> <b>equipment / gear / kit / outfit</b> · <b>French:</b> <b>équipement / matériel / attirail / tenue</b> Useful nuance: <b>Ausrüstung</b> usually means the functional equipment needed for an activity. <b>Ausstattung</b> more often describes the furnishings, features, or standard fittings of a room, vehicle, or product; <b>Kleidung</b> refers specifically to clothing.<br><br><b>CEFR:</b> roughly <b>B1–B2</b>."
"die Anstrengung","<b>Definition:</b> The physical or mental effort required to do something difficult, or an attempt made to achieve a particular result. It can also refer to the strain or exertion caused by an activity.<br><br><b>Grammar:</b> Feminine noun: <b>die Anstrengung</b>; plural: <b>die Anstrengungen</b>. Common constructions include <b>mit großer Anstrengung</b> (“with great effort”), <b>eine Anstrengung unternehmen</b> (“to make an effort”), <b>sich bei etwas (Dativ) anstrengen</b> (“to make an effort at something”), and <b>sich (Akkusativ) anstrengen, etwas zu tun</b> (“to try hard to do something”). Related adjective: <b>anstrengend</b> (“strenuous / tiring”); related verb: <b>jemanden/etwas (Akkusativ) anstrengen</b> (“to strain or tire someone/something”).<br><br><b>Example:</b> <i>Mit großer Anstrengung schaffte sie es, den Gipfel zu erreichen.</i> — “With great effort, she managed to reach the summit.” Another example: <i>Du musst dich mehr anstrengen, wenn du die Prüfung bestehen willst.</i> — “You have to try harder if you want to pass the exam.”<br><br><b>Synonym:</b> <b>die Mühe / der Aufwand / die Anspannung / die Bemühung</b> depending on context<br><br><b>English:</b> <b>effort / exertion / strain / attempt</b> · <b>French:</b> <b>effort / exertion / tension / tentative</b> Useful nuance: <b>Anstrengung</b> focuses on the effort made or energy expended; <b>Mühe</b> often emphasizes difficulty or trouble, while <b>Aufwand</b> emphasizes the resources, time, or work invested. <b>Anstrengend</b> describes something that causes tiredness, whereas <b>angestrengt</b> describes someone exerting effort or appearing tense.<br><br><b>CEFR:</b> roughly <b>B1–B2</b>."
"auftreten / bei jemandem/etwas (Dativ) auftreten / als jemand/etwas (Nominativ) auftreten","<b>Definition:</b> To occur or arise, especially in reference to a problem, symptom, error, or phenomenon; to appear or perform in public; or to present oneself in a particular role or manner. It can also mean to step on or tread on something literally.<br><br><b>Grammar:</b> Strong, separable verb: <b>auftreten – trat auf – ist aufgetreten</b>. In the meaning “occur,” the event or problem is the nominative subject: <i>Ein Fehler tritt auf</i>. A symptom or problem can occur <b>bei jemandem/etwas (Dativ)</b>: <i>Bei ihm treten starke Schmerzen auf</i>. For public performance, use <b>vor jemandem (Dativ) auftreten</b> or <b>auf einer Bühne auftreten</b>. For a role or manner, use <b>als jemand/etwas auftreten</b>: <i>als Experte auftreten</i>. The present-tense prefix separates: <i>Das Problem tritt wieder auf</i>; the infinitive with <b>zu</b> is <b>aufzutreten</b>. The related noun <b>das Auftreten</b> means “appearance, conduct, or occurrence.”<br><br><b>Example:</b> <i>Bei älteren Geräten treten solche Fehler häufiger auf.</i> — “Such errors occur more often in older devices.” Another example: <i>Die Band tritt morgen vor einem großen Publikum auf.</i> — “The band is performing before a large audience tomorrow.”<br><br><b>Synonym:</b> <b>vorkommen / erscheinen / sich zeigen</b>; <b>auftreten:</b> <b>auftreten, eine Rolle spielen, auftreten vor Publikum</b> depending on context<br><br><b>English:</b> <b>occur / arise / appear / perform / present oneself</b> · <b>French:</b> <b>survenir / se manifester / apparaître / se produire / se présenter</b> Useful nuance: <b>Auftreten</b> is broader than <b>vorkommen</b>. <b>Vorkommen</b> mainly means “occur” or “be found,” while <b>auftreten</b> often highlights a problem or symptom becoming noticeable, or a person appearing in public or in a particular role. In <b>sicheres Auftreten</b>, the noun means “confident manner/presence.”<br><br><b>CEFR:</b> roughly <b>B1–B2</b>."
"jener / jene / jenes","<b>Definition:</b> A demonstrative determiner or pronoun meaning “that / that one,” referring to a person or thing farther away, previously mentioned, or contrasted with another.<br><br><b>Grammar:</b> <b>Jenem</b> is the <b>dative masculine or neuter singular</b> form: <i>mit jenem Mann</i>, <i>in jenem Jahr</i>, <i>zu jenem Ergebnis</i>. Forms include <b>jener</b> (masculine nominative), <b>jene</b> (feminine nominative/accusative and plural), <b>jenes</b> (neuter nominative/accusative), <b>jenen</b> (masculine accusative and plural dative), <b>jenem</b> (masculine/neuter dative), <b>jener</b> (feminine dative), and <b>jener</b> (genitive feminine). It can stand before a noun (<i>jenem Haus</i>) or independently as a pronoun (<i>mit jenem</i>). <b>Mit</b>, <b>bei</b>, and <b>zu</b> always take the dative; <b>in</b> takes the dative when it indicates location.<br><br><b>Example:</b> <i>In jenem Jahr begann seine berufliche Laufbahn.</i> — “In that year, his professional career began.” Another example: <i>Er sprach mit jenem, der die Entscheidung getroffen hatte.</i> — “He spoke with the one who had made the decision.”<br><br><b>Synonym:</b> <b>der betreffende / der zuvor genannte / derjenige</b> depending on context<br><br><b>English:</b> <b>that / that one / the aforementioned</b> · <b>French:</b> <b>ce/cet…-là / celui-là / ledit</b> Useful nuance: <b>Jener</b> often contrasts with <b>dieser</b>: <i>dieser Mann und jener Mann</i> (“this man and that man”). In everyday speech, German often uses <b>der/die/das</b> or <b>derjenige/diejenige/dasjenige</b> instead; <b>jener</b> can sound formal, literary, or old-fashioned.<br><br><b>CEFR:</b> roughly <b>B1–B2</b>; frequent in formal or literary writing."
"die Altlast","<b>Definition:</b> A burden or problem left over from the past. In environmental and construction contexts, <b>Altlasten</b> are contaminated sites, polluted soil, or hazardous waste from former industrial or commercial use. Figuratively, the word refers to unresolved problems, debts, obligations, or political issues inherited from an earlier period.<br><br><b>Grammar:</b> Feminine noun: <b>die Altlast</b>; plural: <b>die Altlasten</b>. Common constructions include <b>Altlasten beseitigen/sanieren</b> (“remediate old contaminated sites”), <b>mit Altlasten belastet sein</b> (“be burdened with past problems”), and <b>Altlasten aus der Vergangenheit</b> (“burdens from the past”). The compound combines <b>alt</b> (“old”) and <b>die Last</b> (“burden”).<br><br><b>Example:</b> <i>Auf dem Gelände wurden gefährliche Altlasten im Boden gefunden.</i> — “Dangerous legacy contamination was found in the soil at the site.” Another example: <i>Die neue Regierung muss zahlreiche politische Altlasten bewältigen.</i> — “The new government has to deal with numerous political burdens inherited from the past.”<br><br><b>Synonym:</b> <b>die Hinterlassenschaft / die alte Belastung / der Problemfall</b> depending on context<br><br><b>English:</b> <b>legacy contamination / contaminated site / environmental liability</b>; figuratively <b>legacy problem / burden from the past</b> · <b>French:</b> <b>pollution héritée / site contaminé / passif environnemental</b>; figuratively <b>séquelle du passé / lourd héritage</b> Useful nuance: In environmental language, <b>Altlast</b> is a technical legal term for contamination caused by earlier activity. In general or political language, <b>Altlasten</b> is metaphorical and means unresolved burdens carried over from the past.<br><br><b>CEFR:</b> roughly <b>B2–C1</b>."
"die Belästigung","<b>Definition:</b> Unwanted behavior that annoys, disturbs, troubles, or pressures someone. In legal and social contexts, it can refer to harassment, including sexual harassment, repeated unwanted contact, or intrusive conduct.<br><br><b>Grammar:</b> Feminine noun: <b>die Belästigung</b>; plural: <b>die Belästigungen</b>. It is derived from <b>jemanden (Akkusativ) belästigen – belästigte – hat belästigt</b>. Common constructions include <b>jemanden mit etwas (Dativ) belästigen</b> (“to bother someone with something”), <b>sexuelle Belästigung</b>, and <b>wegen Belästigung angezeigt werden</b> (“be reported for harassment”).<br><br><b>Example:</b> <i>Die wiederholten Anrufe empfand sie als Belästigung.</i> — “She regarded the repeated calls as harassment.” Another example: <i>Sexuelle Belästigung am Arbeitsplatz ist nicht akzeptabel.</i> — “Sexual harassment in the workplace is unacceptable.”<br><br><b>Synonym:</b> <b>die Störung / die Behelligung / die Schikane / die Bedrängung</b> depending on context<br><br><b>English:</b> <b>harassment / nuisance / annoyance / molestation</b> depending on context · <b>French:</b> <b>harcèlement / importunité / nuisance</b> Useful nuance: <b>Belästigung</b> means unwanted disturbance or harassment. <b>Belastung</b> means a burden or strain, such as work, costs, pressure, or responsibility: <b>die Belastung durch hohe Kosten</b>. The two nouns are not interchangeable.<br><br><b>CEFR:</b> roughly <b>B2</b>."
"der Lokschuppen","<b>Definition:</b> A railway building used to shelter, inspect, maintain, or repair locomotives. Traditionally, a <b>Lokschuppen</b> was a covered shed where steam locomotives could be stored and serviced.<br><br><b>Grammar:</b> Masculine compound noun: <b>der Lokschuppen</b>; plural: <b>die Lokschuppen</b>. It is formed from <b>die Lokomotive</b> (shortened to <b>Lok-</b>) and <b>der Schuppen</b> (“shed”). The standard spelling is <b>Lokschuppen</b>; <b>Lockschuppen</b> with <b>ck</b> is a common misspelling.<br><br><b>Example:</b> <i>Die alte Dampflok steht heute in einem restaurierten Lokschuppen.</i> — “The old steam locomotive is now housed in a restored engine shed.”<br><br><b>Synonym:</b> <b>der Lokschuppen / das Bahnbetriebsgebäude</b><br><br><b>English:</b> <b>engine shed / locomotive shed / locomotive depot</b> · <b>French:</b> <b>rotonde ferroviaire / dépôt de locomotives</b> Useful nuance: The standard German spelling is <b>Lokschuppen</b>, with one <b>k</b>, because it is shortened from <b>Lokomotive</b>. <b>Lockschuppen</b> is not the standard form.<br><br><b>CEFR:</b> specialized railway vocabulary, roughly <b>B2</b>."
"etwas (Akkusativ) an etwas (Akkusativ) anschließen / sich (Akkusativ) jemandem/etwas (Dativ) anschließen","<b>Definition:</b> To connect or attach one thing to another, especially a device to a power source or network; reflexively, to join a person, group, movement, or opinion. <b>Angeschlossen</b> can also mean “connected,” “affiliated,” or, in the phrase <b>im Anschluss</b>, “afterward / following.”<br><br><b>Grammar:</b> Separable strong verb: <b>anschließen – schloss an – hat angeschlossen</b>. For connecting an object, use <b>etwas (Akkusativ) an etwas (Akkusativ) anschließen</b>: <i>einen Drucker an den Computer anschließen</i>. Reflexive <b>sich (Akkusativ) jemandem/etwas (Dativ) anschließen</b> means “to join/follow someone or something”: <i>sich einer Gruppe anschließen</i>. <b>Angeschlossen</b> is the past participle and can be used adjectivally: <i>das angeschlossene Gerät</i>. The phrase <b>im Anschluss an + accusative</b> means “following / after.”<br><br><b>Example:</b> <i>Der Techniker hat den Router an das Modem angeschlossen.</i> — “The technician connected the router to the modem.” Another example: <i>Nach der Rede schloss sie sich den Demonstrierenden an.</i> — “After the speech, she joined the demonstrators.”<br><br><b>Synonym:</b> <b>verbinden / anschalten / sich anschließen</b> depending on context<br><br><b>English:</b> <b>connect / attach / join</b>; <b>angeschlossen:</b> <b>connected / affiliated / adjoining</b> · <b>French:</b> <b>raccorder / brancher / rejoindre</b>; <b>connecté / affilié</b> Useful nuance: In the technical construction, <b>an + accusative</b> identifies what the device is connected to. Reflexive <b>sich jemandem anschließen</b> uses the dative for the person or group joined. <b>Anschließend</b> (with <i>-end</i>) is a different word meaning “afterward / next.”<br><br><b>CEFR:</b> roughly <b>B1–B2</b>."
"jemanden (Akkusativ) verhätscheln","<b>Definition:</b> To care for or indulge someone, especially a child, excessively and protectively, often in a way that may hinder their independence. <b>Verhätschelt</b> is the past participle and can describe someone who has received this kind of treatment.<br><br><b>Grammar:</b> Weak, inseparable verb: <b>jemanden (Akkusativ) verhätscheln – verhätschelte – hat verhätschelt</b>. The person receiving the excessive care is the accusative object. Passive or adjectival use: <b>von jemandem (Dativ) verhätschelt werden/sein</b>. The correct spelling is <b>verhätscheln / verhätschelt</b>, with <b>ä</b> after <b>h</b>; <b>verhältschelt</b> is a misspelling.<br><br><b>Example:</b> <i>Seine Großeltern haben ihn als Kind sehr verhätschelt.</i> — “His grandparents pampered him a lot as a child.” Another example: <i>Das verhätschelte Kind durfte kaum etwas selbst entscheiden.</i> — “The pampered child was hardly allowed to decide anything for itself.”<br><br><b>Synonym:</b> <b>verwöhnen / verzärteln / übermäßig umsorgen</b><br><br><b>English:</b> <b>coddle / pamper / mollycoddle</b>; <b>verhätschelt:</b> <b>pampered / coddled</b> · <b>French:</b> <b>couver / gâter / dorloter</b>; <b>verhätschelt:</b> <b>gâté / choyé</b> Useful nuance: <b>Verhätscheln</b> implies excessive, overprotective affection and often carries a mildly critical tone. <b>Verwöhnen</b> can be positive (“to spoil someone with kindness or treats”), while <b>verhätscheln</b> suggests someone is being treated too delicately.<br><br><b>CEFR:</b> roughly <b>B2</b>."
"der Kreislauf","<b>Definition:</b> A system or process in which something circulates or repeatedly returns to its starting point. It commonly refers to the circulation of blood in the body, a recurring sequence of events, or an economic, natural, or technical cycle. In everyday speech, <b>der Kreislauf</b> can also mean one’s circulation or circulatory system.<br><br><b>Grammar:</b> Masculine noun: <b>der Kreislauf</b>; plural: <b>die Kreisläufe</b>. Common compounds include <b>der Blutkreislauf</b>, <b>der Wasserkreislauf</b>, and <b>der Wirtschaftskreislauf</b>. Common expressions: <b>der Kreislauf kommt in Schwung</b> (“the circulation gets going”), <b>Kreislaufprobleme haben</b> (“have circulation problems”), <b>den Kreislauf anregen</b> (“stimulate the circulation”), and <b>etwas in Umlauf bringen</b> (“put something into circulation”).<br><br><b>Example:</b> <i>Nach dem Aufstehen wurde ihr schwindelig, weil ihr Kreislauf noch nicht richtig in Schwung war.</i> — “She felt dizzy after getting up because her circulation had not fully got going yet.” Another example: <i>Der Wasserkreislauf verbindet Meere, Atmosphäre und Land.</i> — “The water cycle connects the oceans, atmosphere, and land.”<br><br><b>Synonym:</b> <b>der Zyklus / der Umlauf / der Blutkreislauf</b> depending on context<br><br><b>English:</b> <b>circulation / circulatory system / cycle / circuit</b> · <b>French:</b> <b>circulation / système circulatoire / cycle / circuit</b> Useful nuance: In <b>mein Kreislauf</b>, the word often refers broadly to blood circulation and how it affects how one feels. <b>Zyklus</b> emphasizes a recurring sequence, while <b>Umlauf</b> often means circulation or movement around a route.<br><br><b>CEFR:</b> roughly <b>B1–B2</b>."
"der Schwung","<b>Definition:</b> A movement with force or momentum; the energy, drive, or liveliness that carries an activity forward; or a rounded, energetic style. In grammar, <b>Schwung</b> is an inflected form of <b>der Schwung</b> in the phrase <b>mit Schwung</b> and is not itself a grammatical term.<br><br><b>Grammar:</b> Masculine noun: <b>der Schwung</b>; plural: <b>die Schwünge</b>. Common expressions include <b>mit Schwung</b> (“with momentum / energetically”), <b>in Schwung kommen/geraten</b> (“get going”), <b>etwas in Schwung bringen</b> (“get something moving”), <b>jemandem Schwung verleihen</b> (“give someone/something momentum”), and <b>Schwung holen</b> (“gather momentum / take a running start”).<br><br><b>Example:</b> <i>Nach einer langsamen Anfangsphase kam das Projekt endlich in Schwung.</i> — “After a slow start, the project finally got going.” Another example: <i>Mit einem kräftigen Schwung warf er den Ball über das Netz.</i> — “With a powerful swing, he threw the ball over the net.”<br><br><b>Synonym:</b> <b>der Elan / die Dynamik / der Schwung</b> for momentum; <b>der Satzteil / die Wortgruppe</b> in grammar<br><br><b>English:</b> <b>momentum / energy / drive / swing / flourish</b> · <b>French:</b> <b>élan / dynamisme / énergie / mouvement / coup</b> Useful nuance: <b>Schwung</b> can mean physical momentum or figurative energy and forward progress. <b>Elan</b> focuses more on enthusiasm, while <b>Dynamik</b> describes force or activity within a process. In <b>mit Schwung</b>, it means “energetically” or “with momentum.”<br><br><b>CEFR:</b> roughly <b>B1–B2</b>."
"sich (Akkusativ) an jemanden/etwas (Akkusativ) wenden","<b>Definition:</b> To contact, address, or appeal to a person or organization, usually to ask for help, information, advice, or action. Literally, <b>sich wenden</b> can also mean to turn toward someone or something.<br><br><b>Grammar:</b> In this sense, <b>wenden</b> is a strong, reflexive verb: <b>sich (Akkusativ) an jemanden/etwas (Akkusativ) wenden – wandte sich – hat sich gewandt</b>. The common alternative forms <b>wendete sich / hat sich gewendet</b> also occur. <b>Wandte</b> is the third-person singular Präteritum (“he/she turned or addressed”). <b>An + accusative</b> identifies the person or body addressed: <i>sich an den Kundendienst wenden</i>. A request can be expressed with <b>mit + dative</b> (<i>sich mit einer Frage an jemanden wenden</i>) or <b>um + accusative</b> (<i>sich um Hilfe an jemanden wenden</i>). In a literal directional use, <b>sich zu jemandem/etwas (Dativ) wenden</b> means “turn toward someone/something.”<br><br><b>Example:</b> <i>Bei weiteren Fragen wenden Sie sich bitte an unseren Kundendienst.</i> — “If you have further questions, please contact our customer service.” Another example: <i>Sie wandte sich mit einer Bitte an ihren Nachbarn.</i> — “She turned to her neighbor with a request.”<br><br><b>Synonym:</b> <b>sich an jemanden wenden: jemanden kontaktieren / jemanden um etwas bitten / eine Frage an jemanden richten</b><br><br><b>English:</b> <b>turn to / contact / address / appeal to</b> · <b>French:</b> <b>s’adresser à / se tourner vers / contacter</b> Useful nuance: In <b>sich an jemanden wenden</b>, the reflexive pronoun is accusative and <b>an</b> takes the accusative. This is a common polite or formal way to say “contact” or “ask someone.” The principal parts for this use are <b>wandte sich – hat sich gewandt</b>; <b>wendete sich – hat sich gewendet</b> is also accepted. [Duden conjugation](https://www.duden.de/konjugation/wenden)<br><br><b>CEFR:</b> roughly <b>B1–B2</b>."
"jemandem (Dativ) etwas (Akkusativ) erwidern","<b>Definition:</b> To reply or respond to someone, often with a remark, question, objection, or gesture. It can also mean to return a feeling or action, as in <b>jemandes Liebe erwidern</b> (“to return someone’s love”).<br><br><b>Grammar:</b> Weak, inseparable verb: <b>erwidern – erwiderte – hat erwidert</b>. The reply or thing returned is usually the accusative object: <b>jemandem (Dativ) etwas (Akkusativ) erwidern</b> (<i>ihr eine Frage erwidern</i>). The dative person is sometimes omitted: <i>Er erwiderte nichts</i>. A direct quotation or clause can follow: <i>Sie erwiderte, dass sie keine Zeit habe</i>. Common patterns include <b>auf etwas ( Akkusativ) erwidern</b> (“to reply to something”) and <b>jemandes Gefühl/Liebe (Akkusativ) erwidern</b> (“to return someone’s feeling/love”).<br><br><b>Example:</b> <i>„Das stimmt nicht“, erwiderte sie ruhig.</i> — “‘That isn’t true,’ she replied calmly.” Another example: <i>Er erwiderte ihre Zuneigung.</i> — “He returned her affection.”<br><br><b>Synonym:</b> <b>antworten / entgegnen / zurückgeben</b> depending on context<br><br><b>English:</b> <b>reply / respond / retort / return</b> · <b>French:</b> <b>répliquer / répondre / rendre</b> Useful nuance: <b>Erwidern</b> is often used in written narratives and can sound more formal than <b>antworten</b>. With a quoted remark, it means “reply/retort”; with a feeling, it means to feel the same in return. The common construction <b>jemandem auf etwas erwidern</b> uses a dative person and <b>auf + accusative</b> for the statement or point being answered.<br><br><b>CEFR:</b> roughly <b>B2</b>."
"die Faust","<b>Definition:</b> A hand with the fingers curled tightly into the palm, usually with the thumb outside. A fist can be used to strike, express anger or determination, or represent solidarity and resistance.<br><br><b>Grammar:</b> Feminine noun: <b>die Faust</b>; plural: <b>die Fäuste</b>. Common expressions include <b>die Faust ballen</b> (“clench one’s fist”), <b>mit der Faust auf den Tisch schlagen</b> (“bang one’s fist on the table”), <b>jemandem mit der Faust drohen</b> (“threaten someone with a fist”), and <b>die Faust erheben</b> (“raise one’s fist”).<br><br><b>Example:</b> <i>Vor Wut ballte er die Fäuste.</i> — “He clenched his fists in anger.” Another example: <i>Sie schlug mit der Faust auf den Tisch.</i> — “She banged her fist on the table.”<br><br><b>Synonym:</b> <b>die geballte Hand / die Hand zur Faust</b><br><br><b>English:</b> <b>fist</b> · <b>French:</b> <b>poing</b> Useful nuance: <b>Die Faust ballen</b> can be a physical gesture of anger or resolve. In <b>mit der Faust kämpfen</b>, it refers to punching; in expressions such as <b>mit eiserner Faust regieren</b>, it is figurative (“rule with an iron fist”).<br><br><b>CEFR:</b> roughly <b>A2–B1</b>."
"die Hüfte","<b>Definition:</b> The side part of the body between the waist and the upper thigh, around the hip joint. The plural often refers to both sides of the body or the body’s outline at hip level.<br><br><b>Grammar:</b> Feminine noun: <b>die Hüfte</b>; plural: <b>die Hüften</b>. Common constructions include <b>Schmerzen in der Hüfte haben</b> (“have hip pain”), <b>jemanden an der Hüfte festhalten</b> (“hold someone by the hip”), <b>die Hände in die Hüften stemmen</b> (“put one’s hands on one’s hips”), and <b>auf der Hüfte tragen</b> (“carry on the hip”).<br><br><b>Example:</b> <i>Nach dem Sturz hatte sie starke Schmerzen in der Hüfte.</i> — “After the fall, she had severe pain in her hip.” Another example: <i>Er stemmte die Hände in die Hüften und wartete.</i> — “He put his hands on his hips and waited.”<br><br><b>Synonym:</b> <b>das Hüftgelenk</b> when referring specifically to the joint; <b>die Beckenseite</b> in some anatomical contexts<br><br><b>English:</b> <b>hip / hips</b> · <b>French:</b> <b>hanche / hanches</b> Useful nuance: <b>Hüfte</b> refers to the outer hip area and joint; <b>Becken</b> is the pelvis, the larger bony structure. The plural <b>Hüften</b> is common when referring to both hips or their shape.<br><br><b>CEFR:</b> roughly <b>A2</b>."
"sich (Akkusativ) umsehen / sich (Akkusativ) nach jemandem/etwas (Dativ) umsehen","<b>Definition:</b> To look around, inspect one’s surroundings, or turn one’s gaze from place to place. With <b>nach + dative</b>, it means to look or search for someone or something, including looking for a job, home, or opportunity.<br><br><b>Grammar:</b> Separable, reflexive verb: <b>sich umsehen – sah sich um – hat sich umgesehen</b>. The reflexive pronoun is accusative: <b>ich sehe mich um</b>. Common patterns: <b>sich (Akkusativ) irgendwo umsehen</b> (<i>sich im Raum umsehen</i>, with dative after <b>in</b> for location) and <b>sich (Akkusativ) nach jemandem/etwas (Dativ) umsehen</b> (<i>sich nach einer Wohnung umsehen</i>). The prefix separates in a main clause: <i>Sie sieht sich um</i>; with <b>zu</b>, it is <b>sich umzusehen</b>.<br><br><b>Example:</b> <i>Bevor sie eine Wohnung mieteten, sahen sie sich in der Gegend um.</i> — “Before renting an apartment, they looked around the area.” Another example: <i>Er sieht sich nach einer neuen Stelle um.</i> — “He is looking for a new job.”<br><br><b>Synonym:</b> <b>sich umschauen / sich umblicken / nach etwas suchen</b> depending on context<br><br><b>English:</b> <b>look around / look about / look for</b> · <b>French:</b> <b>regarder autour de soi / chercher / se renseigner pour trouver</b> Useful nuance: <b>Sich umsehen</b> alone means to look around; <b>sich nach etwas umsehen</b> means to look for something. <b>Sich umschauen</b> is a common near-synonym, while <b>suchen</b> more directly means “search for.”<br><br><b>CEFR:</b> roughly <b>B1–B2</b>."
"der Einwand","<b>Definition:</b> An objection or argument raised against a statement, proposal, plan, or decision. It is usually a reasoned point of disagreement rather than simply a refusal.<br><br><b>Grammar:</b> Masculine noun: <b>der Einwand</b>; plural: <b>die Einwände</b>. Common constructions include <b>einen Einwand gegen etwas (Akkusativ) haben/erheben</b> (“have/raise an objection to something”), <b>Einwände gegen einen Vorschlag vorbringen</b> (“raise objections to a proposal”), and <b>keine Einwände haben</b> (“have no objections”). The related verb is <b>einwenden – wandte ein – hat eingewandt</b>, often with a quoted clause or <b>dass</b> clause: <i>Sie wandte ein, dass …</i>.<br><br><b>Example:</b> <i>Gegen den Vorschlag wurden mehrere Einwände erhoben.</i> — “Several objections were raised against the proposal.” Another example: <i>Ich habe keinen Einwand gegen diesen Plan.</i> — “I have no objection to this plan.”<br><br><b>Synonym:</b> <b>der Widerspruch / die Gegenrede / der Vorbehalt</b> depending on context<br><br><b>English:</b> <b>objection / reservation / counterargument</b> · <b>French:</b> <b>objection / réserve / contre-argument</b> Useful nuance: <b>Einwand</b> usually names a specific argument against something. <b>Widerspruch</b> can be a broader contradiction or expression of disagreement, while <b>Vorbehalt</b> often signals hesitation or a condition that limits approval.<br><br><b>CEFR:</b> roughly <b>B2</b>."
"die Kneipe","<b>Definition:</b> A pub or informal bar where people meet to drink and socialize, often in a relaxed, familiar atmosphere. A Kneipe primarily serves drinks, especially beer, and may also offer simple food.<br><br><b>Grammar:</b> Feminine noun: <b>die Kneipe</b>; plural: <b>die Kneipen</b>. Common constructions: <b>in einer Kneipe (Dativ) sitzen</b> (“sit in a pub”), <b>in eine Kneipe (Akkusativ) gehen</b> (“go to a pub”), and <b>sich (Akkusativ) mit jemandem (Dativ) in einer Kneipe (Dativ) treffen</b> (“meet someone in a pub”). With <b>in</b>, the dative indicates location and the accusative indicates a destination. Related compound: <b>die Stammkneipe</b> (“one’s regular pub / local”).<br><br><b>Example:</b> <i>Nach der Arbeit trafen wir uns in einer kleinen Kneipe.</i> — “After work, we met in a small pub.” Another example: <i>Heute Abend gehen wir in eine Kneipe um die Ecke.</i> — “This evening, we’re going to a pub around the corner.”<br><br><b>Synonym:</b> <b>die Gaststätte / das Lokal / die Bar</b> depending on context<br><br><b>English:</b> <b>pub / bar / tavern</b> · <b>French:</b> <b>bistrot / bar / troquet</b> Useful nuance: <b>Kneipe</b> is informal and often suggests a simple, welcoming neighborhood pub; it need not be derogatory. <b>Gaststätte</b> is a broader, more neutral term, while <b>Restaurant</b> emphasizes meals. <b>Stammkneipe</b> refers to a pub someone visits regularly.<br><br><b>CEFR:</b> roughly <b>A2–B1</b>."
"der Wirt","<b>Definition:</b> A person who runs a pub, inn, or restaurant and receives or serves its guests. The word describes the operator, who does not necessarily own the building. In biology, a Wirt is a host organism in or on which a parasite lives.<br><br><b>Grammar:</b> Masculine noun: <b>der Wirt</b>; plural: <b>die Wirte</b>. Feminine: <b>die Wirtin</b>; plural: <b>die Wirtinnen</b>. Genitive singular: <b>des Wirts / des Wirtes</b>; dative: <b>dem Wirt</b>; accusative: <b>den Wirt</b>. Common constructions: <b>beim Wirt (bei + Dativ) bezahlen</b> (“pay the innkeeper”), <b>den Wirt (Akkusativ) nach etwas (Dativ) fragen</b> (“ask the innkeeper about something”), and <b>der Wirt einer Gaststätte (Genitiv)</b> (“the operator of an inn or restaurant”).<br><br><b>Example:</b> <i>Der Wirt begrüßte uns und brachte uns an einen freien Tisch.</i> — “The innkeeper welcomed us and showed us to an available table.” Another example: <i>Die Wirtin kennt die meisten Gäste persönlich.</i> — “The pub landlady knows most of the guests personally.”<br><br><b>Synonym:</b> <b>der Gastwirt / der Gaststättenbetreiber</b>; in biology <b>der Wirtsorganismus</b><br><br><b>English:</b> <b>innkeeper / publican / pub landlord / proprietor</b>; in biology <b>host</b> · <b>French:</b> <b>aubergiste / patron de café ou de restaurant</b>; in biology <b>hôte</b> Useful nuance: <b>Wirt</b> refers to the person running the establishment; <b>der Kellner / die Kellnerin</b> refers to someone serving guests. For the host of a private gathering, <b>der Gastgeber / die Gastgeberin</b> is usual. <b>Die Rechnung ohne den Wirt machen</b> means to make plans without accounting for someone whose involvement or agreement is essential.<br><br><b>CEFR:</b> roughly <b>B1–B2</b> for the everyday meaning."
"wider Willen","<b>Definition:</b> Against one's wishes or intentions; unwillingly or involuntarily. It can describe being made to do something one does not want to do, or an unintentional reaction such as smiling despite oneself.<br><br><b>Grammar:</b> Fixed adverbial expression. <b>Wider</b> is a preposition meaning “against” and takes the <b>Akkusativ</b>. <b>Willen</b> is the accusative singular of <b>der Wille</b> (“will / intention”): <b>den Willen</b>. The fixed phrase normally has no article: <b>wider Willen</b>. A possessive determiner can specify whose wishes are opposed: <b>wider meinen/deinen/seinen/ihren Willen</b>. The everyday equivalent is <b>gegen meinen Willen</b>.<br><br><b>Example:</b> <i>Wider Willen musste sie über seinen Witz lachen.</i> — “Despite herself, she had to laugh at his joke.” Another example: <i>Er wurde wider seinen Willen zum Sprecher der Gruppe gewählt.</i> — “He was elected spokesperson for the group against his will.”<br><br><b>Synonym:</b> <b>gegen den eigenen Willen / unfreiwillig / ungewollt</b> depending on context<br><br><b>English:</b> <b>against one's will / unwillingly / involuntarily / despite oneself</b> · <b>French:</b> <b>contre son gré / malgré soi / involontairement</b> Useful nuance: <b>Wider Willen</b> can describe an involuntary reaction, whereas <b>widerwillig</b> (“reluctantly”) emphasizes doing something with reluctance. Write <b>wider</b> (“against”), not <b>wieder</b> (“again”); <b>Willen</b> is capitalized because it is a noun.<br><br><b>CEFR:</b> roughly <b>B2–C1</b>; often literary or formal."
"der Bauchansatz","<b>Definition:</b> The beginnings of a paunch: a slight, noticeable protrusion or rounding of the belly. The word often appears in descriptions of a person's physique and suggests a modest rather than a very pronounced belly.<br><br><b>Grammar:</b> Masculine compound noun: <b>der Bauchansatz</b>; plural: <b>die Bauchansätze</b>; genitive singular: <b>des Bauchansatzes</b>. Formed from <b>der Bauch</b> (“belly”) and <b>der Ansatz</b> (“beginning / first signs” in this context). Common constructions: <b>einen Bauchansatz (Akkusativ) haben/bekommen</b> (“have/develop a slight paunch”), <b>ein leichter Bauchansatz</b>, and <b>mit einem kleinen Bauchansatz ( Dativ)</b> (“with a slight paunch”).<br><br><b>Example:</b> <i>Unter seinem Hemd zeichnete sich ein leichter Bauchansatz ab.</i> — “A slight paunch showed beneath his shirt.”<br><br><b>Synonym:</b> <b>das Bäuchlein / der kleine Bauch</b> depending on context<br><br><b>English:</b> <b>slight paunch / beginnings of a potbelly / small belly</b> · <b>French:</b> <b>début de ventre / petit ventre / légère bedaine</b> Useful nuance: <b>Ansatz</b> emphasizes the first signs or a small degree of something. <b>Bauchansatz</b> therefore suggests a slight protruding belly. <b>Bäuchlein</b> is a diminutive that can sound affectionate or playful, whereas <b>Bauchansatz</b> is more descriptive.<br><br><b>CEFR:</b> roughly <b>B2</b>."
"zerschunden","<b>Definition:</b> Covered in scrapes, grazes, or abrasions, usually on the skin after a fall, rough work, or contact with thorns, rocks, or other sharp surfaces. By extension, it can describe something badly battered or worn, such as a landscape, a building, or, figuratively, a person's soul or body after long suffering.<br><br><b>Grammar:</b> Past participle of the strong, inseparable verb <i>zerschinden</i> – <i>zerschund</i> – <i>hat zerschunden</i>. It is used almost only as a participle or adjective, and the finite verb forms are rare. It can be used predicatively (<i>Seine Hände waren zerschunden</i>) or declined before a noun (<i>zerschundene Knie</i>, <i>mit zerschundenen Händen</i>). The cause can be given with <i>von</i> + Dativ (<i>von den Dornen zerschunden</i>). It is related to <i>schinden</i> (""to maltreat / flay"") and its participle <i>geschunden</i>.<br><br><b>Example:</b> <i>Nach dem Sturz vom Fahrrad waren seine Knie völlig zerschunden.</i> — ""After falling off his bike, his knees were scraped raw.""<br><br><b>Synonym:</b> aufgeschürft / verschrammt / zerkratzt / übel zugerichtet, depending on context<br><br><b>English:</b> scraped / grazed / skinned / scratched all over / battered<br><br><b>CEFR:</b> roughly C1; common in narrative and descriptive writing."
"jemanden/etwas (Akkusativ) anstarren","<b>Definition:</b> To look at someone or something fixedly and for a long time, often with wide, unblinking eyes. It can express surprise, disbelief, fascination, hostility, or absent-mindedness. When directed at a person, it is often felt as intrusive or rude.<br><br><b>Grammar:</b> Weak, separable verb: <i>anstarren</i> – <i>starrte an</i> – <i>hat angestarrt</i>. The person or thing stared at is the direct accusative object: <i>Er starrte mich an.</i> The prefix separates in a main clause (<i>Sie starrt ihn an</i>), and the infinitive with <i>zu</i> is <i>anzustarren</i>. Manner is often added with an adverb: <i>jemanden ungläubig / entgeistert / mit großen Augen anstarren</i>. The base verb <i>starren</i> takes a preposition instead of a direct object: <i>auf etwas (Akkusativ) starren</i> (""stare at something"") or <i>ins Leere starren</i> (""stare into space"").<br><br><b>Example:</b> <i>Die Kinder starrten den Zauberer mit offenem Mund an.</i> — ""The children stared at the magician open-mouthed.""<br><br><b>Synonym:</b> anglotzen (colloquial) / anstieren / fixieren / unverwandt ansehen, depending on context<br><br><b>English:</b> stare at / gaze at / gape at<br><br><b>CEFR:</b> roughly B1–B2."
"fassungslos","<b>Definition:</b> So shocked, dismayed, or astonished that one cannot grasp what has happened or keep one's composure. It usually describes a reaction to something bad, unjust, or incomprehensible, such as terrible news, an outrageous remark, or an unexpected loss.<br><br><b>Grammar:</b> Adjective, also used adverbially: <i>Sie war fassungslos.</i> / <i>Er schüttelte fassungslos den Kopf.</i> It is declined before a noun: <i>ein fassungsloser Blick</i>, <i>mit fassungslosem Gesicht</i>. The cause can be introduced with <i>über</i> + Akkusativ (<i>fassungslos über die Nachricht</i>), and the emotion with <i>vor</i> + Dativ (<i>fassungslos vor Entsetzen / vor Wut</i>). The word is formed from <i>die Fassung</i> (""composure"") and the suffix <i>-los</i> (""without""). Related expressions include <i>die Fassung verlieren</i> (""to lose one's composure""), <i>die Fassung bewahren</i> (""to keep one's composure""), and <i>etwas nicht fassen können</i> (""to be unable to believe something""). The noun is <i>die Fassungslosigkeit</i>.<br><br><b>Example:</b> <i>Sie starrte ihn fassungslos an, als er ihr die Wahrheit erzählte.</i> — ""She stared at him in disbelief when he told her the truth.""<br><br><b>Synonym:</b> sprachlos / bestürzt / entsetzt / perplex / erschüttert, depending on context<br><br><b>English:</b> stunned / speechless / aghast / dumbfounded / in disbelief<br><br><b>CEFR:</b> roughly B2–C1; very common in journalism and fiction."
"der Wendepunkt","<b>Definition:</b> A moment or event at which a decisive change occurs, after which a situation, development, or life takes a different direction. Literally, it can be the point at which a route or movement reverses direction, for example the turning point on a course. In mathematics, it is the point where a curve changes its curvature.<br><br><b>Grammar:</b> Masculine compound noun: <i>der Wendepunkt</i>; plural: <i>die Wendepunkte</i>; genitive singular: <i>des Wendepunkt ( e)s</i>. It is formed from <i>wenden</i> (""to turn"") and <i>der Punkt</i> (""point""). Common constructions include <i>einen Wendepunkt erreichen</i> (""reach a turning point""), <i>an einem Wendepunkt stehen</i> (""be at a turning point""), <i>einen Wendepunkt markieren / darstellen</i> (""mark / represent a turning point""), <i>der Wendepunkt in etwas</i> (Dativ) (<i>der Wendepunkt in seinem Leben</i>), and <i>ein Wendepunkt der Geschichte</i> (Genitiv).<br><br><b>Example:</b> <i>Die Begegnung mit ihr war der Wendepunkt in seinem Leben.</i> — ""Meeting her was the turning point in his life.""<br><br><b>Synonym:</b> die Wende / der Umbruch / die Zäsur / der Scheidepunkt, depending on context<br><br><b>English:</b> turning point / watershed / pivotal moment; in mathematics inflection point<br><br><b>CEFR:</b> roughly B2."
"etwas (Akkusativ) ahnen","<b>Definition:</b> To have a vague feeling or intuition that something is the case or will happen, without knowing it for certain. It often refers to sensing something unpleasant in advance, such as danger, trouble, or a secret. In the negative, it expresses complete ignorance: someone has no idea of something.<br><br><b>Grammar:</b> Weak verb: <i>ahnen</i> – <i>ahnte</i> – <i>hat geahnt</i>. What is sensed is the accusative object (<i>die Gefahr ahnen</i>) or a clause (<i>ahnen, dass …</i>; <i>ahnen, wer / was / wie …</i>). Common expressions include <i>Ich habe es geahnt!</i> (""I knew it! ""), <i>Du ahnst ja nicht, …</i> (""You have no idea …""), <i>Wer hätte das ahnen können?</i> (""Who could have guessed?""), and <i>nichts Böses ahnend</i> (""unsuspecting""). The related noun is <i>die Ahnung</i> (<i>keine Ahnung haben</i>, ""to have no idea""; <i>eine böse Ahnung</i>, ""a foreboding""), and the adjective is <i>ahnungslos</i> (""unsuspecting, clueless""). <i>Erahnen</i> means to perceive something only faintly (<i>Umrisse in der Dunkelheit erahnen</i>).<br><br><b>Example:</b> <i>Sie ahnte nicht, dass ihr jemand gefolgt war.</i> — ""She had no idea that someone had followed her.""<br><br><b>Synonym:</b> vermuten / spüren / befürchten / erahnen, depending on context<br><br><b>English:</b> suspect / sense / have a feeling / have a premonition / guess<br><br><b>CEFR:</b> roughly B1–B2; <i>keine Ahnung</i> is already A2."
"ebenfalls","<b>Definition:</b> Likewise; in the same way; as well. It indicates that something said about one person or thing also applies to another. As a one-word reply to a greeting or wish, it means ""you too"" or ""same to you.""<br><br><b>Grammar:</b> Adverb; it is never declined. It usually stands in the middle of the sentence after the conjugated verb (<i>Sie war ebenfalls überrascht.</i>) but can begin a sentence for emphasis (<i>Ebenfalls anwesend war der Bürgermeister.</i>). The negative form is <i>ebenfalls nicht</i> (""not either / neither""): <i>Er kam ebenfalls nicht.</i> As a standalone reply, it is used as <i>Danke, ebenfalls!</i><br><br><b>Example:</b> <i>Der Täter trug eine dunkle Jacke; sein Komplize war ebenfalls dunkel gekleidet.</i> — ""The perpetrator wore a dark jacket; his accomplice was also dressed in dark clothing.""<br><br><b>Synonym:</b> auch / gleichfalls / genauso / ebenso, depending on context<br><br><b>English:</b> also / likewise / as well / too; as a reply: you too / same to you<br><br><b>CEFR:</b> roughly B1."
"etwas (Akkusativ) in etwas (Dativ) nachschlagen","<b>Definition:</b> To look up or check information in a reference source, such as a dictionary, handbook, or reference book. It commonly refers to checking the meaning, spelling, or details of a word or fact.<br><br><b>Grammar:</b> Strong, separable verb: <b>nachschlagen – schlug nach – hat nachgeschlagen</b>. The information being checked is the accusative object; the reference source is commonly introduced by <b>in + dative</b>: <b>ein Wort in einem Wörterbuch nachschlagen</b>, <b>ein Datum im Lexikon nachschlagen</b>. In a main clause, the prefix separates: <i>Ich schlage das Wort nach</i>. Infinitive with <b>zu</b>: <b>nachzuschlagen</b>.<br><br><b>Example:</b> <i>Wenn du das Wort nicht kennst, kannst du es im Wörterbuch nachschlagen.</i> — “If you don’t know the word, you can look it up in the dictionary.” Another example: <i>Sie schlug die genaue Adresse im Telefonbuch nach.</i> — “She looked up the exact address in the phone book.”<br><br><b>Synonym:</b> <b>in einem Wörterbuch / Nachschlagewerk suchen / etwas recherchieren</b> depending on context<br><br><b>English:</b> <b>look up / check in a reference book</b> · <b>French:</b> <b>chercher dans un dictionnaire / consulter un ouvrage de référence</b> Useful nuance: <b>Nachschlagen</b> means consulting a reference source for specific information. <b>Recherchieren</b> usually means conducting broader research, while <b>suchen</b> is the general verb “to search.”<br><br><b>CEFR:</b> roughly <b>B1</b>."
"das Gutachten","<b>Definition:</b> An expert report, assessment, or formal written opinion that evaluates a matter and presents findings, often for a court, authority, company, university, or other institution. It may concern legal, medical, technical, financial, or academic questions.<br><br><b>Grammar:</b> Neuter noun: <b>das Gutachten</b>; plural: <b>die Gutachten</b>. Common constructions include <b>ein Gutachten erstellen/verfassen</b> (“to prepare/write an expert report”), <b>ein Gutachten einholen</b> (“to obtain or commission an expert opinion”), and <b>ein Gutachten über etwas (Akkusativ)</b> or <b>zu etwas (Dativ)</b> (“a report on something”). The person who prepares it is <b>der Gutachter / die Gutachterin</b> (“expert, assessor, evaluator”).<br><br><b>Example:</b> <i>Das Gericht beauftragte einen Sachverständigen mit der Erstellung eines Gutachtens.</i> — “The court commissioned an expert to prepare a report.”<br><br><b>Synonym:</b> <b>die Expertise / die Stellungnahme / die Beurteilung</b> depending on context<br><br><b>English:</b> <b>expert report / expert opinion / assessment / evaluation</b> · <b>French:</b> <b>expertise / rapport d’expert / avis spécialisé / évaluation</b><br><br><b>CEFR:</b> roughly <b>B2–C1</b>."
"etwas (Akkusativ) besetzen","<b>Definition:</b> To occupy or take control of a place; to fill a position, seat, or vacancy; or to choose actors for the roles in a film, play, or production. It can also mean to occupy a place as a protest or military action.<br><br><b>Grammar:</b> Weak, inseparable verb: <b>etwas (Akkusativ) besetzen – besetzte – hat besetzt</b>. Common constructions include <b>einen Platz/einen Sitz besetzen</b> (“to occupy a seat”), <b>eine Stelle besetzen</b> (“to fill a position”), <b>ein Gebäude besetzen</b> (“to occupy a building”), and <b>eine Rolle mit jemandem (Dativ) besetzen</b> (“to cast a role with someone”). The related noun <b>die Besetzung</b> means “occupation,” “staffing,” or “cast,” depending on context.<br><br><b>Example:</b> <i>Bitte besetzen Sie die freien Plätze in der ersten Reihe.</i> — “Please take the available seats in the first row.”<br><br><b>Synonym:</b> <b>belegen / einnehmen / ausfüllen / blockieren</b> depending on context<br><br><b>English:</b> <b>occupy / fill / staff / cast / take a seat</b> · <b>French:</b> <b>occuper / pourvoir / affecter / distribuer les rôles</b><br><br><b>CEFR:</b> roughly <b>B1–B2</b>."
"das Scharmützel","<b>Definition:</b> A brief, usually small-scale fight or military engagement between opposing groups. Figuratively, it can describe a short and often sharp verbal, political, or media confrontation.<br><br><b>Grammar:</b> Neuter noun: <b>das Scharmützel</b>; plural: <b>die Scharmützel</b>. Common constructions include <b>ein Scharmützel mit jemandem (Dativ)</b> (“a skirmish with someone”), <b>in ein Scharmützel geraten</b> (“to get involved in a skirmish”), and <b>sich ein Scharmützel mit jemandem liefern</b> (“to engage in a clash with someone”).<br><br><b>Example:</b> <i>An der Grenze kam es zu einem kurzen Scharmützel zwischen den beiden Einheiten.</i> — “There was a brief skirmish between the two units at the border.”<br><br><b>Synonym:</b> <b>das Gefecht / die Auseinandersetzung / der Schlagabtausch</b> depending on context<br><br><b>English:</b> <b>skirmish / clash / spat / exchange</b> · <b>French:</b> <b>escarmouche / affrontement / altercation / joute</b><br><br><b>CEFR:</b> roughly <b>B2–C1</b>."
"jemandem (Dativ) etwas (Akkusativ) verordnen / etwas (Akkusativ) verordnen","<b>Definition:</b> To prescribe medication, treatment, rest, or another measure for someone; also, to officially order or impose a measure, rule, or course of action through a position of authority.<br><br><b>Grammar:</b> Weak, inseparable verb: <b>verordnen – verordnete – hat verordnet</b>. The standard construction is <b>jemandem (Dativ) etwas (Akkusativ) verordnen</b>: <i>einem Patienten ein Medikament verordnen</i>. The recipient can be omitted: <b>etwas (Akkusativ) verordnen</b>, as in <i>Bettruhe verordnen</i>. The verb is not inherently reflexive, but <b>sich (Dativ) etwas (Akkusativ) verordnen</b> means to prescribe or impose something on oneself: <i>Ich verordne mir eine Pause</i>. Related noun: <b>die Verordnung</b> (“prescription / regulation / ordinance”). Infinitive with <b>zu</b>: <b>zu verordnen</b>.<br><br><b>Example:</b> <i>Die Ärztin verordnete ihm ein Medikament und drei Tage Bettruhe.</i> — “The doctor prescribed him medication and three days of bed rest.”<br><br><b>Synonym:</b> <b>verschreiben / anordnen / vorschreiben</b> depending on context<br><br><b>English:</b> <b>prescribe / order / decree / impose</b> · <b>French:</b> <b>prescrire / ordonner / décréter / imposer</b><br><br><b>CEFR:</b> roughly <b>B2</b>."
"jemanden (Akkusativ) zu etwas (Dativ) zwingen","<b>Definition:</b> To force or compel someone to do something, often against their will, through pressure, threats, authority, or circumstances that leave them little choice. The subject can be a person or an external circumstance.<br><br><b>Grammar:</b> Strong, inseparable verb: <b>zwingen – zwang – hat gezwungen</b>. Present tense: <b>du zwingst, er/sie/es zwingt</b>. In <b>jemanden (Akkusativ) zu etwas (Dativ) zwingen</b>, the person forced is the accusative object and <b>zu + dative</b> introduces the action or outcome: <i>jemanden zum Rücktritt zwingen</i>. Alternatively, use <b>jemanden (Akkusativ) zwingen, etwas zu tun</b>: <i>jemanden zwingen, zurückzutreten</i>. Here, <b>zu</b> marks an infinitive and does not govern a noun's case. Reflexive: <b>sich (Akkusativ) zu etwas (Dativ) zwingen</b> or <b>sich (Akkusativ) zwingen, etwas zu tun</b> (“to force oneself to do something”). Related noun: <b>der Zwang</b> (“compulsion / coercion / constraint”).<br><br><b>Example:</b> <i>Niemand kann dich zu dieser Entscheidung zwingen.</i> — “Nobody can force you to make this decision.”<br><br><b>Synonym:</b> <b>nötigen / drängen / verpflichten</b> depending on context<br><br><b>English:</b> <b>force someone to do something / compel someone to do something</b> · <b>French:</b> <b>forcer quelqu’un à faire quelque chose / contraindre quelqu’un à quelque chose / obliger quelqu’un à faire quelque chose</b><br><br><b>CEFR:</b> roughly <b>B1–B2</b>."
"jemandem (Dativ) etwas (Akkusativ) auferlegen / sich (Dativ) etwas (Akkusativ) auferlegen","<b>Definition:</b> To impose an obligation, duty, restriction, burden, or penalty on someone. Reflexively, it means to impose a requirement or restriction on oneself, often as an act of discipline or restraint.<br><br><b>Grammar:</b> Weak, separable verb: <b>auferlegen – erlegte auf – hat auferlegt</b>. In <b>jemandem (Dativ) etwas (Akkusativ) auferlegen</b>, the recipient is dative and the obligation or burden is accusative: <i>jemandem eine Pflicht auferlegen</i>. The prefix separates in a main clause: <i>Die Behörde erlegt dem Unternehmen strenge Auflagen auf</i>. Infinitive with <b>zu</b>: <b>aufzuerlegen</b>. The past participle is <b>auferlegt</b>, without <b>ge</b>, because the base verb <b>erlegen</b> has the inseparable prefix <b>er-</b>. Reflexive <b>sich (Dativ) etwas (Akkusativ) auferlegen</b> uses a dative pronoun: <i>Ich erlege mir eine Beschränkung auf</i>.<br><br><b>Example:</b> <i>Die Behörde erlegte dem Unternehmen strenge Auflagen auf.</i> — “The authority imposed strict conditions on the company.”<br><br><b>Synonym:</b> <b>aufbürden / vorschreiben / abverlangen</b> depending on context<br><br><b>English:</b> <b>impose on / place an obligation on / impose on oneself</b> · <b>French:</b> <b>imposer quelque chose à quelqu’un / astreindre quelqu’un à quelque chose / s’imposer quelque chose</b><br><br><b>CEFR:</b> roughly <b>B2–C1</b>."
"jemandem (Dativ) von Nutzen (Dativ) sein / für jemanden/etwas (Akkusativ) von Nutzen (Dativ) sein","<b>Definition:</b> To be useful, helpful, or beneficial to someone or for a particular purpose. The expression describes something that provides practical help, value, or an advantage.<br><br><b>Grammar:</b> Fixed, non-reflexive expression with the irregular verb <b>sein – war – ist gewesen</b>. The noun is <b>der Nutzen</b> (“usefulness / benefit”); <b>von</b> governs the dative in <b>von Nutzen</b>. The person benefiting can be a dative complement: <b>jemandem (Dativ) von Nutzen sein</b>, as in <i>Das kann dir von Nutzen sein</i>. Alternatively, use <b>für jemanden/etwas (Akkusativ) von Nutzen sein</b>: <i>für die Forschung von Nutzen sein</i>. Common variations include <b>von großem Nutzen sein</b>, <b>von geringem Nutzen sein</b>, and <b>von keinem Nutzen sein</b>. Infinitive with <b>zu</b>: <b>von Nutzen zu sein</b>.<br><br><b>Example:</b> <i>Diese Informationen könnten dir bei der Vorbereitung von Nutzen sein.</i> — “This information could be useful to you during your preparations.”<br><br><b>Synonym:</b> <b>nützlich sein / hilfreich sein / jemandem nützen</b> depending on context<br><br><b>English:</b> <b>be useful / be of use / be beneficial</b> · <b>French:</b> <b>être utile / être d’une grande utilité / présenter un intérêt</b><br><br><b>CEFR:</b> roughly <b>B2</b>."
"auf etwas (Akkusativ) verzichten","<b>Definition:</b> To voluntarily give up, forgo, or do without something, or to renounce a claim, right, or entitlement, rather than have it taken away.<br><br><b>Grammar:</b> Weak, inseparable verb: <b>verzichten – verzichtete – hat verzichtet</b>. It governs <b>auf + Akkusativ</b> for the thing given up: <b>auf etwas (Akkusativ) verzichten</b>, as in <i>auf Fleisch verzichten</i>. It can be followed by an infinitive clause with <b>zu</b>: <b>auf etwas verzichten, um etwas zu tun</b>. Related noun: <b>der Verzicht (auf + Akkusativ)</b> (“renunciation / waiver”).<br><br><b>Example:</b> <i>Sie verzichtete auf Zucker in ihrem Kaffee.</i> — “She did without sugar in her coffee.” Another example: <i>Er verzichtete auf sein Erbe zugunsten seiner Schwester.</i> — “He renounced his inheritance in favor of his sister.”<br><br><b>Synonym:</b> <b>sich (Dativ) etwas versagen / etwas aufgeben / von etwas absehen</b> depending on context<br><br><b>English:</b> <b>do without / forgo / give up / renounce</b> · <b>French:</b> <b>renoncer à / se passer de</b> Useful nuance: <b>Verzichten</b> emphasizes a voluntary, deliberate decision to give something up, which distinguishes it from <b>aufgeben</b> (“to give up / abandon,” often after effort or under pressure) and from cases where something is simply taken away or lost.<br><br><b>CEFR:</b> roughly <b>B1–B2</b>."
"der Drang","<b>Definition:</b> A strong inner urge, impulse, or drive that pushes someone to do something, often felt as difficult to resist or suppress.<br><br><b>Grammar:</b> Masculine noun: <b>der Drang</b>; genitive: <b>des Dranges/Drangs</b>; the plural is rarely used. Common constructions include <b>der Drang nach etwas (Dativ)</b> (“the urge for something”), <b>der Drang, etwas zu tun</b> (“the urge to do something”), <b>einem Drang nachgeben</b> (“to give in to an urge”), and <b>einen Drang verspüren</b> (“to feel an urge”).<br><br><b>Example:</b> <i>Sie verspürte einen starken Drang, laut zu lachen.</i> — “She felt a strong urge to laugh out loud.” Another example: <i>Der Drang nach Freiheit trieb ihn zur Flucht.</i> — “The urge for freedom drove him to flee.”<br><br><b>Synonym:</b> <b>der Trieb / der Impuls / das Verlangen</b> depending on context<br><br><b>English:</b> <b>urge / impulse / drive</b> · <b>French:</b> <b>envie irrépressible / pulsion / besoin pressant</b> Useful nuance: <b>Drang</b> emphasizes an inner, often emotional or physical compulsion that is hard to resist, which distinguishes it from <b>Wunsch</b> (“wish”), a calmer and more deliberate desire. <b>Trieb</b> can sound more instinctual or biological, as in <b>Sexualtrieb</b>.<br><br><b>CEFR:</b> roughly <b>B2</b>."
"verspüren","<b>Definition:</b> To feel, perceive, or become aware of a sensation, feeling, urge, or physical/emotional state, often something arising internally.<br><br><b>Grammar:</b> Weak, inseparable verb: <b>verspüren – verspürte – hat verspürt</b>. It takes a direct accusative object: <b>etwas (Akkusativ) verspüren</b>, as in <i>Schmerz verspüren</i>, <i>Lust verspüren</i>, or <i>einen Drang verspüren</i>.<br><br><b>Example:</b> <i>Sie verspürte plötzlich Hunger.</i> — “She suddenly felt hungry.” Another example: <i>Er verspürte keine Lust, das Haus zu verlassen.</i> — “He felt no desire to leave the house.”<br><br><b>Synonym:</b> <b>fühlen / empfinden / spüren</b> depending on context<br><br><b>English:</b> <b>feel / sense / perceive</b> · <b>French:</b> <b>ressentir / éprouver</b> Useful nuance: <b>Verspüren</b> is somewhat more formal or literary than <b>spüren</b> and often appears in fixed collocations such as <b>Lust</b>, <b>Hunger</b>, <b>Drang</b>, or <b>Schmerz verspüren</b>. <b>Spüren</b> can also describe physically perceiving something external, such as <b>Wärme spüren</b>, while <b>verspüren</b> emphasizes a feeling or sensation arising within oneself.<br><br><b>CEFR:</b> roughly <b>B2</b>."
"nach etwas (Dativ) streben","<b>Definition:</b> To make a sustained, purposeful effort to attain, achieve, or move toward a goal, ideal, or state; to aspire to or pursue something.<br><br><b>Grammar:</b> Weak, inseparable verb: <b>streben – strebte – hat gestrebt</b>. It governs <b>nach + Dativ</b> for the goal pursued: <b>nach etwas (Dativ) streben</b>, as in <i>nach Erfolg streben</i>, <i>nach Perfektion streben</i>. Related noun: <b>das Streben (nach + Dativ)</b> (“striving / pursuit”); related adjective: <b>strebsam</b> (“ambitious / diligent”).<br><br><b>Example:</b> <i>Sie strebte danach, ihre Ziele zu erreichen.</i> — “She strove to achieve her goals.” Another example: <i>Viele Menschen streben nach Anerkennung.</i> — “Many people strive for recognition.”<br><br><b>Synonym:</b> <b>nach etwas trachten / sich um etwas bemühen / nach etwas verlangen</b> depending on context<br><br><b>English:</b> <b>strive for / aspire to / pursue</b> · <b>French:</b> <b>aspirer à / rechercher / tendre vers</b> Useful nuance: <b>Streben</b> emphasizes a sustained, goal-directed effort, often toward an abstract or distant goal such as <b>Erfolg</b>, <b>Macht</b>, or <b>Glück</b>. <b>Sich bemühen</b> focuses more on the effort itself than on the distant goal, while <b>trachten</b> can carry a stronger or sometimes negative connotation, as in <b>jemandem nach dem Leben trachten</b> (“to plot against someone’s life”).<br><br><b>CEFR:</b> roughly <b>B2</b>."
"erbärmlich","<b>Definition:</b> Pitifully poor, wretched, or contemptible in quality, condition, or behavior — bad enough to evoke pity or scorn. Used adverbially before another adjective, it can also intensify meaning to “terribly / extremely.”<br><br><b>Grammar:</b> Adjective, also used adverbially: <i>ein erbärmlicher Zustand</i>, <i>Das Wetter war erbärmlich kalt</i>. Declined before a noun according to case, gender, number, and determiner. Comparative: <b>erbärmlicher</b>; superlative: <b>am erbärmlichsten</b>.<br><br><b>Example:</b> <i>Die Wohnung befand sich in einem erbärmlichen Zustand.</i> — “The apartment was in a wretched state.” Another example: <i>Er hat erbärmlich schlecht gespielt.</i> — “He played terribly badly.”<br><br><b>Synonym:</b> <b>kläglich / jämmerlich / miserabel</b> depending on context<br><br><b>English:</b> <b>pitiful / wretched / miserable / terrible</b> · <b>French:</b> <b>pitoyable / lamentable / misérable</b> Useful nuance: <b>Erbärmlich</b> can describe genuine misery deserving of pity, as in <b>ein erbärmliches Schicksal</b> (“a pitiful fate”), or express strong moral contempt for behavior, as in <b>ein erbärmlicher Verrat</b> (“a contemptible betrayal”). As an intensifying adverb before another adjective, it means “terribly,” as in <b>erbärmlich kalt</b>.<br><br><b>CEFR:</b> roughly <b>B2</b>."
"unmerklich","<b>Definition:</b> So slight, slow, or subtle that it escapes notice — imperceptible, especially describing a gradual change or action that happens without being consciously perceived.<br><br><b>Grammar:</b> Adjective, also used adverbially: <i>eine unmerkliche Veränderung</i>, <i>Die Temperatur stieg unmerklich</i>. Declined before a noun according to case, gender, number, and determiner. Formed from <b>un-</b> + <b>merklich</b> (from <b>merken</b>, “to notice”).<br><br><b>Example:</b> <i>Die Landschaft veränderte sich unmerklich im Laufe der Jahre.</i> — “The landscape changed imperceptibly over the years.” Another example: <i>Er näherte sich unmerklich der Tür.</i> — “He approached the door without being noticed.”<br><br><b>Synonym:</b> <b>kaum wahrnehmbar / unauffällig / schleichend</b> depending on context<br><br><b>English:</b> <b>imperceptible / unnoticeable / barely noticeable</b> · <b>French:</b> <b>imperceptible / insensible</b> Useful nuance: <b>Unmerklich</b> emphasizes a change or action so gradual or subtle that it escapes notice, often used for slow processes such as temperature, aging, or shifts in mood. <b>Schleichend</b> also describes gradual change but often carries a negative or creeping connotation, as in <b>eine schleichende Krankheit</b>; <b>unauffällig</b> means “inconspicuous” more generally, without necessarily implying gradualness.<br><br><b>CEFR:</b> roughly <b>B2</b>."
"der Ehrgeiz","<b>Definition:</b> A strong desire to achieve success, recognition, power, or a particular goal; ambition, the drive to accomplish and excel.<br><br><b>Grammar:</b> Masculine noun: <b>der Ehrgeiz</b>; usually used only in the singular. Common constructions include <b>Ehrgeiz haben/entwickeln/zeigen</b> (“to have/develop/show ambition”), <b>jemandes Ehrgeiz wecken</b> (“to awaken someone’s ambition”), and <b>beruflicher Ehrgeiz</b> (“professional ambition”). Related adjective: <b>ehrgeizig</b> (“ambitious”).<br><br><b>Example:</b> <i>Ihr Ehrgeiz trieb sie dazu, immer mehr zu leisten.</i> — “Her ambition drove her to achieve more and more.” Another example: <i>Er verfolgt seine Ziele mit großem Ehrgeiz.</i> — “He pursues his goals with great ambition.”<br><br><b>Synonym:</b> <b>der Erfolgswille / das Streben nach Erfolg / die Zielstrebigkeit</b> depending on context<br><br><b>English:</b> <b>ambition / drive</b> · <b>French:</b> <b>ambition</b> Useful nuance: <b>Ehrgeiz</b> can be neutral or positive, describing healthy motivation, but in excess — as in <b>übertriebener Ehrgeiz</b> or <b>blinder Ehrgeiz</b> — it can suggest an unhealthy obsession with success at any cost. <b>Zielstrebigkeit</b> emphasizes determined, goal-directed persistence without necessarily implying a desire for recognition, whereas <b>Ehrgeiz</b> often includes a wish for status, praise, or superiority.<br><br><b>CEFR:</b> roughly <b>B1–B2</b>."
"die Gewöhnung","<b>Definition:</b> The process of becoming accustomed or habituated to something — gradual adaptation through repeated exposure until it feels normal, routine, or is no longer consciously noticed.<br><br><b>Grammar:</b> Feminine noun: <b>die Gewöhnung</b>; usually used only in the singular. Common constructions include <b>Gewöhnung an etwas (Akkusativ)</b> (""habituation to something""), <b>eine Phase der Gewöhnung</b> (""a period of adjustment""), and <b>aus reiner Gewöhnung</b> (""out of pure habit""). Related verb: <b>sich gewöhnen an</b> (""to get used to""); related adjective: <b>gewöhnlich</b> (""usual, ordinary"").<br><br><b>Example:</b> <i>Die Gewöhnung an das neue Klima dauerte mehrere Wochen.</i> — ""Getting used to the new climate took several weeks."" Another example: <i>Nach der Gewöhnung an den Lärm störte er sie nicht mehr.</i> — ""After becoming accustomed to the noise, it no longer bothered her.""<br><br><b>Synonym:</b> <b>die Anpassung / die Angewöhnung / die Habituation</b> depending on context<br><br><b>English:</b> <b>habituation / getting used to / adjustment</b> · <b>French:</b> <b>accoutumance / habituation</b> Useful nuance: <b>Gewöhnung</b> describes the neutral, often unconscious process of adaptation itself, whether to a place, a sound, a routine, or even a substance (as in <b>die Gewöhnung an ein Medikament</b>, ""developing a tolerance to a medication""). <b>Anpassung</b> is broader and can imply active, conscious adjustment (including to social or professional circumstances), whereas <b>Gewöhnung</b> leans toward the passive wearing-off of novelty or sensitivity over time.<br><br><b>CEFR:</b> roughly <b>B2</b>."
"das Bedürfnis","<b>Definition:</b> A felt need, want, or requirement — something a person needs or desires in order to feel satisfied, whether physical, emotional, or psychological.<br><br><b>Grammar:</b> Neuter noun: <b>das Bedürfnis</b>, plural <b>die Bedürfnisse</b>. Common constructions include <b>ein Bedürfnis nach etwas (Dativ)</b> (""a need for something""), <b>Bedürfnisse befriedigen/decken</b> (""to satisfy/meet needs""), and <b>menschliche Grundbedürfnisse</b> (""basic human needs""). Related verb: <b>bedürfen</b> (+ Genitiv, formal, ""to require"").<br><br><b>Example:</b> <i>Jeder Mensch hat das Bedürfnis nach Anerkennung.</i> — ""Every person has a need for recognition."" Another example: <i>Ihre Bedürfnisse wurden in der Beziehung nicht ausreichend berücksichtigt.</i> — ""Her needs weren't sufficiently taken into account in the relationship.""<br><br><b>Synonym:</b> <b>der Wunsch / das Verlangen / die Notwendigkeit</b> depending on context<br><br><b>English:</b> <b>need / want / requirement</b> · <b>French:</b> <b>besoin</b> Useful nuance: <b>Bedürfnis</b> typically refers to an inner, often emotional or psychological need (as in Maslow's <b>Bedürfnispyramide</b>, ""hierarchy of needs""), distinct from <b>Notwendigkeit</b>, which is more neutral and objective (""necessity""). <b>Verlangen</b> carries a stronger, more urgent or desiring connotation, closer to ""craving"" or ""longing,"" than the relatively calm, everyday <b>Bedürfnis</b>.<br><br><b>CEFR:</b> roughly <b>B1–B2</b>."
"der Ursprung","<b>Definition:</b> The point or source from which something originates — the origin, beginning, or root cause of something.<br><br><b>Grammar:</b> Masculine noun: <b>der Ursprung</b>, plural <b>die Ursprünge</b>. Common constructions include <b>seinen Ursprung haben in</b> (""to have its origin in""), <b>am Ursprung von etwas stehen</b> (""to be at the origin of something""), and <b>der Ursprung des Lebens/Universums</b> (""the origin of life/the universe""). Related adjective: <b>ursprünglich</b> (""original, initial"").<br><br><b>Example:</b> <i>Der Ursprung dieser Tradition liegt im Mittelalter.</i> — ""The origin of this tradition lies in the Middle Ages."" Another example: <i>Niemand kennt genau den Ursprung des Gerüchts.</i> — ""No one knows exactly the origin of the rumor.""<br><br><b>Synonym:</b> <b>die Quelle / der Ursache / die Herkunft</b> depending on context<br><br><b>English:</b> <b>origin / source / root</b> · <b>French:</b> <b>origine</b> Useful nuance: <b>Ursprung</b> emphasizes the historical or causal starting point of something — where it first arose — whereas <b>Quelle</b> is used more literally or metaphorically for an ongoing source (as in <b>eine Quelle von Informationen</b>, ""a source of information""). <b>Herkunft</b> leans toward origin in the sense of provenance or descent, such as a person's background or a product's country of origin.<br><br><b>CEFR:</b> roughly <b>B2</b>."
"das Verhängnis","<b>Definition:</b> A disastrous, fateful turn of events — ruin or doom brought about as if by an inescapable twist of fate, often the culmination of a chain of unfortunate circumstances.<br><br><b>Grammar:</b> Neuter noun: <b>das Verhängnis</b>, plural <b>die Verhängnisse</b> (rare, usually singular). Common constructions include <b>jemandem zum Verhängnis werden</b> (""to prove someone's undoing / to be someone's downfall""), and <b>ein Verhängnis nehmen seinen Lauf</b> (""a doom takes its course""). Related verb: <b>verhängen</b> (""to impose,"" as in a sentence or punishment, showing the root sense of something imposed from above/fate).<br><br><b>Example:</b> <i>Sein Leichtsinn wurde ihm zum Verhängnis.</i> — ""His recklessness proved his undoing."" Another example: <i>Die Affäre wurde für den Politiker zum Verhängnis.</i> — ""The affair became the politician's downfall.""<br><br><b>Synonym:</b> <b>das Unglück / das Unheil / der Untergang</b> depending on context<br><br><b>English:</b> <b>doom / fateful disaster / undoing / downfall</b> · <b>French:</b> <b>fatalité / perte</b> Useful nuance: <b>Verhängnis</b> carries a strong sense of fate or inevitability — the idiom <b>jemandem zum Verhängnis werden</b> implies that some flaw, decision, or event brings about someone's ruin as if it were destined. <b>Unglück</b> is more general misfortune, while <b>Untergang</b> stresses total downfall or collapse (of a person, empire, or system); <b>Verhängnis</b> sits between them, framing the ruin specifically as fate-driven and often traceable to a single fatal cause.<br><br><b>CEFR:</b> roughly <b>C1</b>."
"der Wirtskörper","<b>Definition:</b> The host organism or host body — a living being that harbors and sustains a parasite, virus, or other organism inside or on itself.<br><br><b>Grammar:</b> Masculine noun: <b>der Wirtskörper</b>, plural <b>die Wirtskörper</b>. Compound of <b>Wirt</b> (""host"") + <b>Körper</b> (""body""). Common constructions include <b>einen Wirtskörper befallen</b> (""to infest a host body""), and <b>sich im Wirtskörper vermehren</b> (""to multiply within the host body"").<br><br><b>Example:</b> <i>Der Parasit dringt in den Wirtskörper ein und ernährt sich von dessen Nährstoffen.</i> — ""The parasite penetrates the host body and feeds on its nutrients."" Another example: <i>Ohne einen geeigneten Wirtskörper kann sich das Virus nicht vermehren.</i> — ""Without a suitable host body, the virus cannot multiply.""<br><br><b>Synonym:</b> <b>der Wirt / der Wirtsorganismus</b> depending on context<br><br><b>English:</b> <b>host (organism/body)</b> · <b>French:</b> <b>hôte (organisme hôte)</b> Useful nuance: <b>Wirtskörper</b> is the more precise, biological/medical term emphasizing the physical body that sustains the parasite or pathogen, while <b>Wirt</b> alone is broader and can refer to the host organism in general (including in non-biological, everyday senses like ""host"" of a guest). In scientific or medical texts, <b>Wirtskörper</b> is preferred when stressing the bodily, physiological aspect of hosting.<br><br><b>CEFR:</b> roughly <b>C1</b> (technical/biological vocabulary)."
"bedauern","<b>Definition:</b> To feel or express regret, sorrow, or sympathy about something — to be sorry for a fact, action, or someone's misfortune.<br><br><b>Grammar:</b> Weak verb: <b>bedauern, bedauerte, hat bedauert</b>. Common constructions include <b>etwas bedauern</b> (""to regret something,"" + Akkusativ object), <b>jemanden bedauern</b> (""to feel sorry for someone""), and <b>Ich bedauere, dass...</b> (""I regret that...""). Noun form: <b>das Bedauern</b> (""regret"").<br><br><b>Example:</b> <i>Ich bedauere zutiefst, was passiert ist.</i> — ""I deeply regret what happened."" Another example: <i>Sie bedauerte ihn, weil er so einsam wirkte.</i> — ""She felt sorry for him because he seemed so lonely.""<br><br><b>Synonym:</b> <b>bereuen / beklagen / leidtun (jemandem)</b> depending on context<br><br><b>English:</b> <b>to regret / to deplore / to feel sorry for</b> · <b>French:</b> <b>regretter / plaindre</b> Useful nuance: <b>Bedauern</b> can express either regret over one's own actions/decisions (closer to <b>bereuen</b>, but milder and more formal) or sympathy/pity toward another person's situation (closer to <b>jemandem leidtun</b>). In formal or official contexts, <b>Wir bedauern, Ihnen mitteilen zu müssen...</b> (""We regret to inform you..."") is a common polite formula, distinct from the more personal, guilt-tinged <b>bereuen</b>.<br><br><b>CEFR:</b> roughly <b>B1–B2</b>."
"ausgeschöpft","<b>Definition:</b> Used up completely, exhausted, or fully utilized — depleted to the last available bit, whether referring to resources, possibilities, or one's own strength/patience.<br><br><b>Grammar:</b> Past participle of the weak verb <b>ausschöpfen, schöpfte aus, hat ausgeschöpft</b> (""to exhaust/draw out fully,"" literally ""to ladle out""). Used adjectivally as <b>ausgeschöpft</b> (""exhausted, used up""). Common constructions include <b>alle Möglichkeiten ausschöpfen</b> (""to exhaust all possibilities""), <b>sein Kontingent ist ausgeschöpft</b> (""their quota is used up""), and <b>das Budget ist ausgeschöpft</b> (""the budget is exhausted"").<br><br><b>Example:</b> <i>Alle rechtlichen Mittel wurden bereits ausgeschöpft.</i> — ""All legal remedies have already been exhausted."" Another example: <i>Nach dem Marathon war ihre Kraft völlig ausgeschöpft.</i> — ""After the marathon, her strength was completely spent.""<br><br><b>Synonym:</b> <b>erschöpft / aufgebraucht / verbraucht</b> depending on context<br><br><b>English:</b> <b>exhausted / used up / fully utilized</b> · <b>French:</b> <b>épuisé</b> Useful nuance: <b>ausgeschöpft</b> carries the specific connotation of drawing out or using up a limited, quantifiable resource or allowance to its very last bit (as if ladling a container empty, from <b>schöpfen</b>, ""to scoop/ladle"") — distinct from <b>erschöpft</b>, which more commonly describes personal physical or mental exhaustion. It's especially common in bureaucratic, legal, and financial contexts (quotas, budgets, legal remedies, capacities) to signal that nothing further remains available.<br><br><b>CEFR:</b> roughly <b>B2–C1</b>."
"grausam","<b>Definition:</b> Causing suffering or pain intentionally and without mercy; extremely cruel, brutal, or merciless in nature or actions.<br><br><b>Grammar:</b> Adjective: <b>grausam</b>, comparative <b>grausamer</b>, superlative <b>am grausamsten</b>. Common constructions include <b>eine grausame Tat</b> (""a cruel act""), <b>grausam sein zu jemandem</b> (""to be cruel to someone""). Noun form: <b>die Grausamkeit</b> (""cruelty"").<br><br><b>Example:</b> <i>Der Diktator regierte mit grausamer Härte.</i> — ""The dictator ruled with cruel severity."" Another example: <i>Es war grausam, wie sie mit den Tieren umgingen.</i> — ""It was cruel how they treated the animals.""<br><br><b>Synonym:</b> <b>brutal / gnadenlos / unbarmherzig</b> depending on context<br><br><b>English:</b> <b>cruel / brutal / vicious</b> · <b>French:</b> <b>cruel</b> Useful nuance: <b>grausam</b> emphasizes the deliberate infliction of suffering, often with an undertone of cold indifference or even enjoyment on the part of the perpetrator. It differs from <b>brutal</b>, which stresses raw, physical violence or force, and from <b>gnadenlos</b> (""merciless""), which focuses specifically on the absence of mercy or leniency rather than the infliction of pain itself.<br><br><b>CEFR:</b> roughly <b>B1–B2</b>."
"armselig","<b>Definition:</b> Pitifully poor, meager, or wretched in quality or circumstance — so lacking or inadequate as to evoke pity or contempt.<br><br><b>Grammar:</b> Adjective: <b>armselig</b>, comparative <b>armseliger</b>, superlative <b>am armseligsten</b>. Compound of <b>arm</b> (""poor"") + <b>selig</b> (""blessed,"" used ironically here). Common constructions include <b>eine armselige Ausrede</b> (""a pathetic excuse""), <b>unter armseligen Bedingungen leben</b> (""to live in wretched conditions""), and <b>ein armseliger Anblick</b> (""a pitiful sight"").<br><br><b>Example:</b> <i>Die Hütte bot nur eine armselige Unterkunft.</i> — ""The hut offered only wretched shelter."" Another example: <i>Seine Entschuldigung war armselig und wenig überzeugend.</i> — ""His apology was pathetic and unconvincing.""<br><br><b>Synonym:</b> <b>erbärmlich / kläglich / jämmerlich</b> depending on context<br><br><b>English:</b> <b>wretched / pitiful / paltry / miserable</b> · <b>French:</b> <b>misérable / pitoyable</b> Useful nuance: <b>armselig</b> often carries a double edge of pity and contempt at once — describing something so lacking or inadequate that it provokes sympathy, while also being used dismissively (<b>eine armselige Ausrede</b>, a ""lame"" excuse). It differs from plain <b>arm</b> (simply ""poor,"" lacking money) by adding a qualitative judgment of wretchedness or inadequacy, not just material lack.<br><br><b>CEFR:</b> roughly <b>B2–C1</b>."
"ringen mit etwas","<b>Definition:</b> To struggle intensely or wrestle with something — to grapple mentally or emotionally with a difficult problem, decision, or feeling.<br><br><b>Grammar:</b> Strong verb: <b>ringen, rang, hat gerungen</b>, used with <b>mit</b> + Dativ for the thing struggled with. Related constructions include <b>um etwas ringen</b> (""to struggle for something,"" e.g. <b>um Worte ringen</b>, ""to struggle for words"") and <b>nach Atem ringen</b> (""to gasp/struggle for breath"").<br><br><b>Example:</b> <i>Er ringt seit Wochen mit dieser schwierigen Entscheidung.</i> — ""He has been wrestling with this difficult decision for weeks."" Another example: <i>Sie rang mit ihren Gefühlen, bevor sie antwortete.</i> — ""She struggled with her feelings before answering.""<br><br><b>Synonym:</b> <b>kämpfen mit / sich auseinandersetzen mit / sich abmühen mit</b> depending on context<br><br><b>English:</b> <b>to wrestle/struggle with something</b> · <b>French:</b> <b>lutter avec / se débattre avec</b> Useful nuance: <b>ringen mit</b> frames the struggle as internal or abstract — grappling with a decision, one's conscience, or emotions — distinct from <b>kämpfen gegen</b>, which implies fighting against an external opponent or obstacle. The verb's literal sense of physical wrestling carries over metaphorically, suggesting a strenuous, often prolonged and effortful inner conflict rather than a quick resolution.<br><br><b>CEFR:</b> roughly <b>B2–C1</b>."
"Drumherum","<b>Definition:</b> The surrounding circumstances, trappings, or peripheral fuss around a central matter or event — everything that accompanies but is not the essential core of a thing.<br><br><b>Grammar:</b> Neuter noun: <b>das Drumherum</b>, plural rarely used. Derived from the adverb <b>drumherum</b> (= <b>darum herum</b>, ""around it""). Common constructions include <b>das ganze Drumherum</b> (""the whole trappings/fuss""), <b>ohne viel Drumherum</b> (""without much fuss""), and <b>das Drumherum einer Feier</b> (""the trappings surrounding a celebration"").<br><br><b>Example:</b> <i>Die Hochzeit selbst war kurz, aber das Drumherum war aufwendig organisiert.</i> — ""The wedding itself was short, but everything surrounding it was elaborately organized."" Another example: <i>Mir geht es nur um die Sache selbst, nicht um das ganze Drumherum.</i> — ""I only care about the matter itself, not all the surrounding fuss.""<br><br><b>Synonym:</b> <b>das Beiwerk / das Drumrum</b> (colloquial variant) <b>/ die Umstände</b><br><br><b>English:</b> <b>the surroundings / trappings / peripheral fuss / the whole package around something</b> · <b>French:</b> <b>les à-côtés / le décorum</b> Useful nuance: <b>Drumherum</b> specifically contrasts the peripheral or ancillary elements of an event or situation with its actual core or substance — often used with a slightly dismissive tone (<b>das ganze Drumherum</b>) to suggest unnecessary fuss or decoration surrounding the essential matter. It differs from <b>Umgebung</b> (physical surroundings/environment) by being abstract and event/situation-focused rather than spatial.<br><br><b>CEFR:</b> roughly <b>B2–C1</b>."
"Genügsamkeit","<b>Definition:</b> The quality of being easily satisfied and undemanding — contentment with little, and a modest, frugal attitude toward one's needs and desires, without craving more.<br><br><b>Grammar:</b> Feminine noun: <b>die Genügsamkeit</b>, no plural (abstract quality). Derived from the adjective <b>genügsam</b> (""easily satisfied, frugal, undemanding""), itself from <b>genügen</b> (""to suffice"") + the suffix <b>-sam</b>. Note the umlaut: the correct spelling is <b>Genügsamkeit</b>, not ""Genugsamkeit."" Common constructions include <b>seine Genügsamkeit bewahren</b> (""to preserve one's frugality/contentment"") and <b>in Genügsamkeit leben</b> (""to live modestly/frugally"").<br><br><b>Example:</b> <i>Trotz seines Reichtums lebte er in bemerkenswerter Genügsamkeit.</i> — ""Despite his wealth, he lived with remarkable contentment with little."" Another example: <i>Ihre Genügsamkeit machte es ihr leicht, auch mit wenig Geld zufrieden zu sein.</i> — ""Her frugality made it easy for her to be satisfied even with little money.""<br><br><b>Synonym:</b> <b>die Bescheidenheit / die Anspruchslosigkeit / die Zufriedenheit mit wenig</b><br><br><b>English:</b> <b>contentment with little / frugality / modesty of needs / undemandingness</b> · <b>French:</b> <b>la frugalité / la modération / le contentement de peu</b> Useful nuance: <b>Genügsamkeit</b> differs from <b>Bescheidenheit</b> (modesty, often about self-presentation or humility) by focusing specifically on material or experiential needs — the disposition to require little and be satisfied with what one has, rather than humility about one's own worth or achievements. It carries a mildly virtuous connotation, often associated with simplicity of lifestyle or resistance to consumerism, though it can occasionally sound like restrained resignation depending on context.<br><br><b>CEFR:</b> roughly <b>C1</b>."
"Verzicht","<b>Definition:</b> The act of voluntarily giving up, forgoing, or renouncing something one could have or is entitled to — a deliberate relinquishment or abstention.<br><br><b>Grammar:</b> Masculine noun: <b>der Verzicht</b>, plural <b>die Verzichte</b> (rarely used). Derived from the verb <b>verzichten auf etwas</b> (""to renounce/forgo/waive something,"" Akkusativ). The noun itself takes the same preposition: <b>der Verzicht auf etwas</b>. Related compound: <b>die Verzichtserklärung</b> (""declaration of waiver"").<br><br><b>Example:</b> <i>Der Verzicht auf Fleisch fällt ihm nicht leicht.</i> — ""Giving up meat isn't easy for him."" Another example: <i>Sein Verzicht auf das Erbe überraschte die ganze Familie.</i> — ""His renunciation of the inheritance surprised the whole family.""<br><br><b>Synonym:</b> <b>die Entsagung / das Aufgeben / die Abstinenz</b> (in narrower contexts)<br><br><b>English:</b> <b>renunciation / relinquishment / waiver / forgoing / giving up</b> · <b>French:</b> <b>le renoncement / la renonciation</b> Useful nuance: <b>Verzicht</b> implies a deliberate, often effortful choice to forgo something one could have or is entitled to, distinct from simply lacking it. It appears frequently in contexts of self-discipline, sacrifice, or legal waiver, carrying a connotation of voluntary restraint rather than mere absence — related to but more active/decisive than [[Genügsamkeit]], which describes an ongoing disposition rather than a single act of giving something up.<br><br><b>CEFR:</b> roughly <b>B2–C1</b>."
"bescheiden","<b>Definition:</b> Modest, humble, unpretentious — not claiming or demanding much for oneself in manner or lifestyle; can also describe an amount or circumstance as modest or meager.<br><br><b>Grammar:</b> Adjective: <b>bescheiden</b>, regular inflection (<b>bescheidener, am bescheidensten</b>). Root of the noun <b>die Bescheidenheit</b>. Note the homonym: <b>bescheiden</b> is also the past participle of the separate, more formal/bureaucratic verb <b>bescheiden</b> (""to notify someone officially of a decision""), as in <b>jemanden ablehnend bescheiden</b>.<br><br><b>Example:</b> <i>Sie lebt sehr bescheiden, obwohl sie viel Geld verdient.</i> — ""She lives very modestly, even though she earns a lot of money."" Another example: <i>Er antwortete bescheiden, er habe nur seine Pflicht getan.</i> — ""He replied modestly that he had only done his duty.""<br><br><b>Synonym:</b> <b>einfach / anspruchslos / zurückhaltend</b> (for personality/manner) <b>/ gering</b> (for quantity)<br><br><b>English:</b> <b>modest / humble / unpretentious; (of an amount) modest/meager</b> · <b>French:</b> <b>modeste / humble</b> Useful nuance: <b>bescheiden</b> primarily describes a personal disposition — not seeking attention, luxury, or credit — but readily extends to quantities or circumstances (<b>ein bescheidenes Gehalt</b>, ""a modest/meager salary""), where it can edge toward ""meager"" rather than ""praiseworthily humble,"" with context deciding whether the tone is virtuous restraint or plain insufficiency. It differs from [[Genügsamkeit]]/<b>genügsam</b>, which emphasizes contentment with little rather than manner of self-presentation.<br><br><b>CEFR:</b> roughly <b>B1–B2</b>."
"Bestechung","<b>Definition:</b> The act of offering or giving money, favors, or other incentives to corruptly influence someone's actions or decisions — bribery.<br><br><b>Grammar:</b> Feminine noun: <b>die Bestechung</b>, plural <b>die Bestechungen</b>. Derived from the strong verb <b>bestechen</b> (""to bribe"": <b>bestechen, bestach, hat bestochen</b>). Common compounds: <b>das Bestechungsgeld</b> (""bribe money""), <b>der Bestechungsversuch</b> (""attempted bribery""), <b>die Bestechlichkeit</b> (""corruptibility,"" the trait of being bribable).<br><br><b>Example:</b> <i>Der Beamte wurde wegen Bestechung angeklagt.</i> — ""The official was charged with bribery."" Another example: <i>Die Firma versuchte, den Auftrag durch Bestechung zu gewinnen.</i> — ""The company tried to win the contract through bribery.""<br><br><b>Synonym:</b> <b>die Korruption / die Schmiergeldzahlung</b><br><br><b>English:</b> <b>bribery / corruption (via bribe)</b> · <b>French:</b> <b>la corruption / le pot-de-vin</b> Useful nuance: <b>Bestechung</b> denotes the specific transactional act of bribing — offering or giving the illicit incentive — whereas <b>Bestechlichkeit</b> describes the character trait or vulnerability of being corruptible. It is common in legal and journalistic contexts (<b>der Bestechungsskandal</b>, ""bribery scandal"") and pairs naturally with the broader term <b>Korruption</b>, which covers systemic corruption rather than a single transactional act.<br><br><b>CEFR:</b> roughly <b>B2–C1</b>."
"Versuchung","<b>Definition:</b> An enticement or urge to do something, especially something wrong, unwise, or against one's better judgment — temptation.<br><br><b>Grammar:</b> Feminine noun: <b>die Versuchung</b>, plural <b>die Versuchungen</b>. Related to the verb <b>versuchen</b> (""to try/attempt""), in an older sense also ""to tempt"" (<b>jemanden versuchen</b>). Common constructions: <b>in Versuchung geraten/kommen</b> (""to be tempted,"" literally ""to fall into temptation""), <b>jemanden in Versuchung führen/bringen</b> (""to lead someone into temptation""), <b>einer Versuchung widerstehen</b> (""to resist a temptation"").<br><br><b>Example:</b> <i>Sie geriet in Versuchung, den letzten Kuchen zu essen.</i> — ""She was tempted to eat the last piece of cake."" Another example: <i>Er konnte der Versuchung nicht widerstehen und kaufte die teuren Schuhe.</i> — ""He couldn't resist the temptation and bought the expensive shoes.""<br><br><b>Synonym:</b> <b>die Anfechtung / der Reiz / die Verlockung</b><br><br><b>English:</b> <b>temptation</b> · <b>French:</b> <b>la tentation</b> Useful nuance: <b>Versuchung</b> famously appears in the Lord's Prayer (<b>Führe uns nicht in Versuchung</b>, ""Lead us not into temptation""), giving it a mild moral/ethical weight beyond casual desire, though it is used just as often for everyday temptations (food, purchases). It contrasts with [[Verzicht]]: <b>Versuchung</b> is the pull or enticement itself, prior to any choice, while <b>Verzicht</b> is the deliberate act of resisting or renouncing what one is drawn to.<br><br><b>CEFR:</b> roughly <b>B1–B2</b>."
"angreifbar","<b>Definition:</b> Vulnerable, attackable, or open to attack — exposed to being challenged, criticized, or assailed, whether physically, militarily, or in argument.<br><br><b>Grammar:</b> Adjective formed from <b>angreifen</b> (""to attack"") + the suffix <b>-bar</b> (denoting capability, ""able to be attacked""). Regular inflection: <b>angreifbar, angreifbarer, am angreifbarsten</b>. Negated form: <b>unangreifbar</b> (""unassailable, invulnerable"").<br><br><b>Example:</b> <i>Seine Argumentation war an mehreren Stellen angreifbar.</i> — ""His argumentation was vulnerable/open to attack at several points."" Another example: <i>Die Stadt war von der Seeseite aus leicht angreifbar.</i> — ""The city was easily attackable from the sea side.""<br><br><b>Synonym:</b> <b>verwundbar / verletzlich / anfechtbar</b> (for arguments/positions)<br><br><b>English:</b> <b>vulnerable / attackable / open to attack (or criticism) / assailable</b> · <b>French:</b> <b>vulnérable / attaquable</b> Useful nuance: <b>angreifbar</b> extends readily from the literal military/physical sense (a position, city, or border that can be attacked) to the abstract sense of an argument, reputation, or position with exploitable weaknesses. It differs from <b>verwundbar</b> (vulnerable to harm generally, more about susceptibility to injury or damage) by specifically implying a target that invites active challenge or attack — common in debate and rhetoric contexts, e.g. <b>eine angreifbare Position</b>.<br><br><b>CEFR:</b> roughly <b>B2–C1</b>."
"selbstgenügsam","<b>Definition:</b> Self-sufficient or self-contented — needing little from others or from outside oneself, satisfied by one's own resources or company (sometimes with a mild connotation of smug self-satisfaction).<br><br><b>Grammar:</b> Compound adjective: <b>selbst</b> (""self"") + <b>genügsam</b> (see [[Genügsamkeit]], ""easily satisfied, frugal""). Regular inflection: <b>selbstgenügsam, selbstgenügsamer, am selbstgenügsamsten</b>. Related noun: <b>die Selbstgenügsamkeit</b>.<br><br><b>Example:</b> <i>Als Kind war er sehr selbstgenügsam und spielte stundenlang allein.</i> — ""As a child he was very self-sufficient and played alone for hours."" Another example: <i>Manche Kritiker warfen dem Philosophen einen selbstgenügsamen Systementwurf vor.</i> — ""Some critics accused the philosopher of a self-satisfied/self-contained system design.""<br><br><b>Synonym:</b> <b>autark / unabhängig / selbstzufrieden</b> (leans more pejorative, ""complacent"")<br><br><b>English:</b> <b>self-sufficient / self-contented / (pejoratively) self-satisfied, smug</b> · <b>French:</b> <b>autosuffisant / suffisant</b> (pejorative sense) Useful nuance: <b>selbstgenügsam</b> ranges from the neutral-to-positive ""contentedly needing little from others"" (echoing [[Genügsamkeit]]) to a more critical ""smugly self-satisfied, closed off to outside input"" — especially when applied to systems of thought, institutions, or people seen as complacently insular. In philosophical or academic critique it often leans negative, implying isolation from external correction; describing a child or a simple lifestyle, it leans neutral or positive.<br><br><b>CEFR:</b> roughly <b>C1–C2</b>."
"verringern","<b>Definition:</b> To make something smaller in amount, degree, or extent — to reduce or decrease something (also used reflexively, <b>sich verringern</b>, ""to decrease/diminish"").<br><br><b>Grammar:</b> Weak, regular verb: <b>verringern, verringerte, hat verringert</b>. Transitive (<b>etwas verringern</b>) and reflexive (<b>sich verringern</b>, used intransitively for something decreasing on its own). Related noun: <b>die Verringerung</b>.<br><br><b>Example:</b> <i>Die Firma will die Produktionskosten verringern.</i> — ""The company wants to reduce production costs."" Another example: <i>Der Abstand zwischen den beiden Läufern verringerte sich stetig.</i> — ""The distance between the two runners kept decreasing.""<br><br><b>Synonym:</b> <b>reduzieren / vermindern / mindern / senken</b> (specifically for rates/prices)<br><br><b>English:</b> <b>to reduce / to decrease / to diminish</b> · <b>French:</b> <b>réduire / diminuer</b> Useful nuance: <b>verringern</b> is a fairly neutral, general-purpose verb for making something smaller in quantity or degree — costs, distances, risks, numbers. It contrasts with <b>senken</b>, which is more restricted to measurable, often numerical decreases (prices, temperatures, rates) and implies a deliberate downward push, whereas <b>verringern</b> covers reduction more broadly, including gradual or unintentional decreases.<br><br><b>CEFR:</b> roughly <b>B1–B2</b>."
"erstaunlich","<b>Definition:</b> Causing surprise or wonder; remarkable to a degree that provokes astonishment — often because something is unexpectedly large, good, fast, or unusual.<br><br><b>Grammar:</b> Adjective, also used adverbially: <i>ein erstaunliches Ergebnis</i>, <i>Das ist erstaunlich schnell gegangen</i>. Regular inflection: <b>erstaunlich, erstaunlicher, am erstaunlichsten</b>. Related verb: <b>erstaunen</b> (""to astonish / to be astonished""); related noun: <b>das Erstaunen</b> (""astonishment"").<br><br><b>Example:</b> <i>Es ist erstaunlich, wie schnell sich die Situation verändert hat.</i> — ""It's astonishing how quickly the situation has changed."" Another example: <i>Sie hat erstaunliche Fortschritte in kurzer Zeit gemacht.</i> — ""She has made astonishing progress in a short time.""<br><br><b>Synonym:</b> <b>erstaunlich: verblüffend / bemerkenswert / überraschend</b> depending on context<br><br><b>English:</b> <b>astonishing / amazing / remarkable / surprising</b> · <b>French:</b> <b>étonnant / surprenant / stupéfiant</b> Useful nuance: <b>erstaunlich</b> leans toward pleasant or neutral surprise at something impressive or unexpected, similar to ""amazing/remarkable."" <b>Verblüffend</b> is stronger, closer to ""stunning/baffling,"" and can carry a sense of momentary confusion, while <b>überraschend</b> simply means ""surprising"" without necessarily implying admiration.<br><br><b>CEFR:</b> roughly <b>B1–B2</b>."
"sich (Dativ) Mühe geben","<b>Definition:</b> To make an effort, to try hard — to put deliberate effort into doing something well, often used as encouragement or a mild reproach when the effort was lacking.<br><br><b>Grammar:</b> Fixed reflexive expression with <b>geben</b>: <b>sich (Dativ) Mühe geben – gab sich Mühe – hat sich Mühe gegeben</b>. Often followed by <b>mit + Dativ</b> (<i>sich Mühe geben mit etwas</i>) or <b>zu + Infinitiv</b> (<i>sich Mühe geben, etwas zu tun</i>). Related noun: <b>die Mühe</b> (""effort, trouble""); related verb: <b>sich bemühen</b>.<br><br><b>Example:</b> <i>Gib dir Mühe, das ist wichtig!</i> — ""Make an effort, this is important!"" Another example: <i>Sie hat sich große Mühe gegeben, allen Gästen ein gutes Essen zu servieren.</i> — ""She made a great effort to serve all the guests a good meal.""<br><br><b>Synonym:</b> <b>sich anstrengen / sich bemühen / sich abmühen</b> depending on context<br><br><b>English:</b> <b>to make an effort / to try hard</b> · <b>French:</b> <b>faire des efforts / se donner du mal</b> Useful nuance: <b>sich Mühe geben</b> is a common, everyday way to describe visible, deliberate effort, often with an implied comparison to a possible lack of effort — a teacher telling a student <i>Gib dir mehr Mühe!</i> (""Try harder!""). <b>Sich bemühen</b> is more formal/neutral and doesn't carry that implicit contrast as strongly.<br><br><b>CEFR:</b> roughly <b>B1</b>."
"äußerst","<b>Definition:</b> Used as an intensifying adverb before an adjective or another adverb, meaning ""extremely"" or ""to the highest degree."" As an adjective (<b>der/die/das äußerste</b>), it means ""outermost"" or ""utmost, extreme"" (a superlative of <b>äußer-</b>, ""outer"").<br><br><b>Grammar:</b> Adverb (invariable) before adjectives/adverbs: <i>äußerst wichtig</i>, <i>äußerst selten</i>. As an adjective it declines like a normal superlative before a noun: <i>im äußersten Fall</i> (""in the most extreme case""), <i>die äußerste Grenze</i> (""the outermost/utmost limit""). Related forms: <b>äußer-</b> (""outer""), <b>die Äußerung</b> (""statement, utterance,"" from the verb <b>äußern</b>, ""to express"").<br><br><b>Example:</b> <i>Die Verhandlungen sind äußerst kompliziert.</i> — ""The negotiations are extremely complicated."" Another example: <i>Das ist der äußerste Termin, den ich einhalten kann.</i> — ""That's the very last deadline I can meet.""<br><br><b>Synonym:</b> <b>äußerst (adv.): sehr / überaus / höchst / extrem</b> depending on context<br><br><b>English:</b> <b>extremely / utmost / outermost</b> · <b>French:</b> <b>extrêmement / le plus extrême, ultime</b> Useful nuance: As an intensifier, <b>äußerst</b> is more formal and emphatic than <b>sehr</b>, closer in register to <b>höchst</b> or <b>überaus</b> — commonly found in written or professional German rather than casual speech. Don't confuse it with <b>äußern</b> (""to express/utter"") or <b>äußerlich</b> (""external, superficial,"" as opposed to internal or essential).<br><br><b>CEFR:</b> roughly <b>B2</b>."
"etwas (Akkusativ) belegen (document/prove sense)","<b>Definition:</b> To prove or document something with evidence, such as sources, records, or references — to show that a fact or claim is verifiably attested somewhere (e.g., in letters, texts, or data). Distinct from the more common senses ""to reserve/book"" (<i>einen Platz belegen</i>), ""to cover/top"" (<i>ein Brot belegen</i>, ""to top a sandwich""), or ""to occupy"" (see [[besetzen]]/<i>belegen</i>, ""to take up space"").<br><br><b>Grammar:</b> Weak verb: <b>belegen – belegte – hat belegt</b>. Transitive: <b>etwas (Akkusativ) [mit etwas (Dativ)] belegen</b> (<i>eine These mit Beispielen belegen</i>, ""to support a thesis with examples""). Frequently used as the past participle/adjective <b>belegt</b> (""attested, documented""): <i>ein belegtes Wort</i> (""an attested word""), <i>in zahlreichen Briefen belegt</i> (""attested in numerous letters""). Related noun: <b>der Beleg</b> (""piece of evidence, proof, receipt"").<br><br><b>Example:</b> <i>Der Ausdruck ist bereits im 16. Jahrhundert belegt.</i> — ""The expression is already attested in the 16th century."" Another example: <i>Er konnte seine Behauptung durch Dokumente belegen.</i> — ""He was able to support his claim with documents.""<br><br><b>Synonym:</b> <b>nachweisen / dokumentieren / bezeugen / bestätigen</b> depending on context<br><br><b>English:</b> <b>to attest / to document / to prove / to support with evidence</b> · <b>French:</b> <b>attester / documenter / prouver</b> Useful nuance: In this sense, <b>belegen</b> emphasizes that something is verifiably recorded or evidenced somewhere specific (a source, a document, a corpus), which is why it's common in philology and historical linguistics (<i>ein belegtes Wort</i> vs. a reconstructed or unattested one). <b>Nachweisen</b> is close in meaning but leans more toward formally proving or establishing a fact, while <b>bezeugen</b> emphasizes testimony or witness.<br><br><b>CEFR:</b> roughly <b>B2–C1</b>."
"das Leidwesen","<b>Definition:</b> Regret or distress felt about something, almost exclusively used in the fixed phrase <b>zu jemandes Leidwesen</b> (""to someone's regret / much to someone's dismay"").<br><br><b>Grammar:</b> Neuter noun, essentially only used in the fixed prepositional phrase <b>zu jemandes (Dativ) Leidwesen</b> or <b>zu meinem/seinem/ihrem etc. Leidwesen</b>. Rarely appears outside this construction. Related words: <b>das Leid</b> (""suffering, sorrow""), <b>leider</b> (""unfortunately"").<br><br><b>Example:</b> <i>Zu ihrem großen Leidwesen musste sie die Reise absagen.</i> — ""Much to her regret, she had to cancel the trip."" Another example: <i>Der Laden hat, zu unserem Leidwesen, schon geschlossen.</i> — ""The shop has, to our regret, already closed.""<br><br><b>Synonym:</b> <b>zu jemandes Leidwesen: zu jemandes Bedauern / leider für jemanden</b> depending on context<br><br><b>English:</b> <b>to someone's regret / much to someone's dismay</b> · <b>French:</b> <b>au grand regret de quelqu'un / au grand dam de quelqu'un</b> Useful nuance: <b>Zu jemandes Leidwesen</b> is a somewhat formal, literary way of expressing regret about a situation, more elevated in register than simply saying <b>leider</b> (""unfortunately""). It's often used with an intensifier like <b>groß</b> (<i>zu ihrem großen Leidwesen</i>) for emphasis.<br><br><b>CEFR:</b> roughly <b>C1</b>."
"drängen","<b>Definition:</b> To push, press, or urge — physically pushing/crowding (e.g., a crowd pressing forward), or figuratively urging/pressuring someone to do something or urging that something be done quickly. Also used reflexively (<b>sich drängen</b>, ""to crowd/push one's way"") and impersonally to express urgency (<b>die Zeit drängt</b>, ""time is pressing"").<br><br><b>Grammar:</b> Weak verb: <b>drängen – drängte – hat gedrängt</b>. Transitive with <b>zu + Dativ</b> or infinitive clause: <b>jemanden zu etwas drängen</b> / <b>jemanden drängen, etwas zu tun</b> (""to urge/pressure someone to do something""). Reflexive: <b>sich durch die Menge drängen</b> (""to push through the crowd""). Impersonal/intransitive: <b>die Zeit drängt</b>, <b>das Problem drängt</b> (""the problem is pressing/urgent""). Related noun: <b>der Drang</b> (""urge, impulse""); related adjective: <b>drängend</b> (""urgent, pressing"").<br><br><b>Example:</b> <i>Die Journalisten drängten den Politiker, endlich Stellung zu beziehen.</i> — ""The journalists pressed the politician to finally take a position."" Another example: <i>Die Menge drängte sich vor dem Eingang.</i> — ""The crowd pushed/crowded in front of the entrance.""<br><br><b>Synonym:</b> <b>drängeln / bedrängen / nötigen / auf etwas dringen</b> depending on context<br><br><b>English:</b> <b>to push / to urge / to pressure / to press (for time)</b> · <b>French:</b> <b>pousser / presser / insister</b> Useful nuance: <b>Drängen</b> is generally less forceful than <b>zwingen</b> (""to force"") — it implies persistent pressure or urging rather than leaving no choice. Used impersonally (<b>die Zeit drängt</b>), it conveys urgency without any human agent doing the pushing.<br><br><b>CEFR:</b> roughly <b>B2</b>."
"jemanden anstacheln","<b>Definition:</b> To incite, spur on, or goad someone into action or a stronger emotional/competitive state — often used for stirring someone up to compete, fight, or act rashly, sometimes with a negative connotation of provoking someone into doing something reckless.<br><br><b>Grammar:</b> Separable weak verb: <b>anstacheln – stachelte an – hat angestachelt</b>. Transitive: <b>jemanden [zu etwas] anstacheln</b> (<i>jemanden zum Wettbewerb anstacheln</i>, ""to spur someone on to compete""). Related noun: <b>der Stachel</b> (""thorn, spike, sting"" — the literal root image of ""prodding with a spike"").<br><br><b>Example:</b> <i>Der Trainer stachelte die Mannschaft mit provokanten Worten an.</i> — ""The coach spurred on the team with provocative words."" Another example: <i>Die Menge stachelte die beiden Streithähne noch weiter an.</i> — ""The crowd egged the two quarrelers on even further.""<br><br><b>Synonym:</b> <b>anspornen / aufhetzen / antreiben / anfeuern</b> depending on context<br><br><b>English:</b> <b>to incite / to spur on / to egg on / to goad</b> · <b>French:</b> <b>inciter / aiguillonner / exciter</b> Useful nuance: <b>Anstacheln</b> carries a more provocative, often negative undertone than the neutral <b>anspornen</b> (""to motivate/encourage""), closer to <b>aufhetzen</b> (""to incite/stir up,"" e.g., to violence) but usually less severe — it's common for describing a crowd, rival, or provocateur stirring someone into rash or aggressive action.<br><br><b>CEFR:</b> roughly <b>C1</b>."
"die Überquerung","<b>Definition:</b> The act of crossing something, typically a road, river, border, or other expanse — the noun form of the verb <b>überqueren</b> (""to cross"").<br><br><b>Grammar:</b> Feminine noun: <b>die Überquerung</b>; plural: <b>die Überquerungen</b>. Derived from the weak verb <b>überqueren – überquerte – hat überquert</b> (<i>die Straße überqueren</i>, ""to cross the street""). Often used with <b>von</b> or as a compound: <b>die Überquerung der Straße</b>, <b>die Straßenüberquerung</b>.<br><br><b>Example:</b> <i>Die Überquerung der Grenze verlief ohne Zwischenfälle.</i> — ""The crossing of the border went off without incident."" Another example: <i>An dieser Stelle ist die Überquerung der Straße besonders gefährlich.</i> — ""At this spot, crossing the street is especially dangerous.""<br><br><b>Synonym:</b> <b>das Überqueren / der Übergang / die Durchquerung</b> (for crossing an area/territory) depending on context<br><br><b>English:</b> <b>crossing (noun)</b> · <b>French:</b> <b>la traversée</b> Useful nuance: <b>Überquerung</b> specifically denotes crossing over something (a line, a road, a river, from one side to the other), while <b>Durchquerung</b> denotes crossing through an area or territory (e.g., <b>die Durchquerung der Wüste</b>, ""crossing the desert"").<br><br><b>CEFR:</b> roughly <b>B2</b>."
"leiden (unter etwas Dativ)","<b>Definition:</b> To suffer, to endure pain, hardship, or distress — often used with <b>unter + Dativ</b> to specify the cause of the suffering (a burden, condition, or circumstance), or with <b>an + Dativ</b> for an illness. The form <b>litt</b> is the simple past (Präteritum) of <b>leiden</b>.<br><br><b>Grammar:</b> Strong verb: <b>leiden – litt – hat gelitten</b>. Intransitive with prepositions: <b>unter etwas (Dativ) leiden</b> (suffering caused by a burden or situation: <i>unter der Hitze leiden</i>), <b>an etwas (Dativ) leiden</b> (suffering from an illness: <i>an einer Krankheit leiden</i>). Related noun: <b>das Leid</b> (""suffering, sorrow""); related adjective: <b>leidend</b> (""suffering, ailing"").<br><br><b>Example:</b> <i>Die Brücke litt unter dem Gewicht des schweren Verkehrs.</i> — ""The bridge suffered/strained under the weight of the heavy traffic."" Another example: <i>Er litt jahrelang an einer seltenen Krankheit.</i> — ""He suffered from a rare illness for years.""<br><br><b>Synonym:</b> <b>unter etwas leiden: sich quälen mit / zu kämpfen haben mit / geplagt sein von</b> depending on context<br><br><b>English:</b> <b>to suffer (from/under)</b> · <b>French:</b> <b>souffrir de</b> Useful nuance: <b>Unter etwas leiden</b> usually points to an external burden or circumstance causing distress (heat, pressure, someone's behavior, weight), whereas <b>an etwas leiden</b> is the standard construction for medical conditions and illnesses.<br><br><b>CEFR:</b> roughly <b>B1</b>."
"der Tross","<b>Definition:</b> A baggage train or supply train accompanying an army; more broadly, an entourage or retinue of people and equipment following and supporting someone or something, sometimes with a mildly burdensome connotation (a cumbersome trailing group).<br><br><b>Grammar:</b> Masculine noun: <b>der Tross</b>; plural: <b>die Trosse</b>. Historically military (<b>der Tross eines Heeres</b>, ""an army's baggage train""), now often used figuratively for a large accompanying group (<b>der Tross der Journalisten</b>, ""the entourage of journalists"").<br><br><b>Example:</b> <i>Der Feldherr litt unter dem Gewicht seines Trosses.</i> — ""The general suffered/was slowed under the weight of his baggage train."" Another example: <i>Dem Popstar folgte ein ganzer Tross von Assistenten und Fotografen.</i> — ""A whole entourage of assistants and photographers followed the pop star.""<br><br><b>Synonym:</b> <b>das Gefolge / die Begleitmannschaft / der Nachschub-Tross</b> depending on context<br><br><b>English:</b> <b>baggage train / entourage / retinue</b> · <b>French:</b> <b>le train (des équipages) / la suite</b> Useful nuance: <b>Tross</b> originally denoted the non-combatant supply and equipment train following an army; in modern usage it's often applied figuratively, sometimes with a faintly negative or ironic tone, to a large, cumbersome group of followers or hangers-on.<br><br><b>CEFR:</b> roughly <b>C1</b>."
"der Anspruch","<b>Definition:</b> A claim or entitlement to something (often legal or contractual), a demand or requirement, or, in the plural, elevated standards or expectations one has of oneself or something. Related to the adjective <b>anspruchsvoll</b> (see [[anspruchsvoll]], ""demanding, sophisticated"").<br><br><b>Grammar:</b> Masculine noun: <b>der Anspruch</b>; plural: <b>die Ansprüche</b>. Common construction: <b>Anspruch auf etwas (Akkusativ) haben</b> (""to be entitled to something""), <b>Anspruch auf etwas erheben</b> (""to make a claim to something""), <b>hohe Ansprüche stellen/haben</b> (""to have high standards/expectations""). Related verb: <b>etwas (Akkusativ) beanspruchen</b> (""to claim something"").<br><br><b>Example:</b> <i>Sie hat Anspruch auf eine Entschädigung.</i> — ""She is entitled to compensation."" Another example: <i>Er stellt hohe Ansprüche an sich selbst.</i> — ""He sets high standards for himself.""<br><br><b>Synonym:</b> <b>das Recht (auf etwas) / die Forderung / die Erwartung</b> depending on context<br><br><b>English:</b> <b>claim / entitlement / demand / (plural) standards</b> · <b>French:</b> <b>droit / prétention / exigence</b> Useful nuance: <b>Anspruch</b> in the singular usually refers to a concrete legal or contractual entitlement (<b>Anspruch auf Urlaub</b>, ""entitlement to vacation""), while in the plural (<b>Ansprüche</b>) it commonly shifts to mean the standards, expectations, or demands someone holds — as reflected in the adjective <b>anspruchsvoll</b>.<br><br><b>CEFR:</b> roughly <b>B2</b>."
"übergroß","<b>Definition:</b> Excessively large or oversized; used both literally (bigger than the usual or expected size) and figuratively for something present to an excessive, disproportionate degree, such as caution, fear, or pride.<br><br><b>Grammar:</b> Compound adjective: <b>über-</b> (""over-, excessive"") + <b>groß</b> (""big""). Regular inflection before a noun: <b>übergroß, übergroßer/-e/-es, am übergrößten</b>. Related words: <b>die Übergröße</b> (""oversize,"" e.g., for clothing), <b>übermäßig</b> (""excessive, immoderate"").<br><br><b>Example:</b> <i>Seine übergroße Vorsicht machte ihn im Beruf fast handlungsunfähig.</i> — ""His excessive caution made him almost incapable of acting in his profession."" Another example: <i>Im Museum steht eine übergroße Statue des Königs.</i> — ""In the museum stands an oversized statue of the king.""<br><br><b>Synonym:</b> <b>übermäßig / überaus groß / überdimensioniert (literal) / übertrieben (figurative)</b> depending on context<br><br><b>English:</b> <b>oversized / excessive</b> · <b>French:</b> <b>excessif / surdimensionné / démesuré</b> Useful nuance: <b>Übergroß</b> works both concretely (a literal larger-than-normal size, like <b>Übergröße</b> in clothing) and abstractly, where it describes a quality or emotion taken to an excessive, often counterproductive degree — similar to <b>übermäßig</b>, but <b>übergroß</b> more directly evokes the image of something having grown beyond its proper size.<br><br><b>CEFR:</b> roughly <b>B2–C1</b>."
"vorrücken","<b>Definition:</b> To move forward, to advance — often used for troops advancing on a position, but also generally for anything moving ahead in space, time, or rank (e.g., time advancing, or someone advancing to a higher position). <b>Vorrückten</b> is the simple past (Präteritum), 3rd person plural, of <b>vorrücken</b>.<br><br><b>Grammar:</b> Separable weak verb, conjugated with <b>sein</b>: <b>vorrücken – rückte vor – ist vorgerückt</b>. Intransitive: <b>die Truppen rückten vor</b> (""the troops advanced""). Can take <b>auf/gegen etwas (Akkusativ)</b> for the target (<i>auf die Stadt vorrücken</i>, ""to advance on the city""). Related noun: <b>das Vorrücken</b> (""the advance"").<br><br><b>Example:</b> <i>Die Truppen rückten langsam auf die Stadt vor.</i> — ""The troops slowly advanced on the city."" Another example: <i>Die Zeit ist schon weit vorgerückt.</i> — ""The time has already advanced/grown quite late.""<br><br><b>Synonym:</b> <b>vorstoßen / vorwärtskommen / vordringen</b> (military/spatial); <b>aufsteigen</b> (rank) depending on context<br><br><b>English:</b> <b>to advance / to move forward</b> · <b>French:</b> <b>avancer / progresser</b> Useful nuance: <b>Vorrücken</b> is especially associated with military advances (troops, front lines) but extends naturally to time (<i>die vorgerückte Stunde</i>, ""the late/advanced hour"") and to advancing in rank or seniority, distinguishing it from the more general <b>vorwärtskommen</b> (""to make progress, get ahead"").<br><br><b>CEFR:</b> roughly <b>B2</b>."
"innehalten","<b>Definition:</b> To pause, to stop briefly in the middle of an action or movement — often implying a moment of reflection, hesitation, or attentiveness rather than simply coming to a halt.<br><br><b>Grammar:</b> Separable strong verb: <b>innehalten – hielt inne – hat innegehalten</b>. Usually intransitive, sometimes with <b>mit + Dativ</b> (<i>mit der Arbeit innehalten</i>, ""to pause in one's work"") or <b>in + Dativ</b> (<i>im Gehen innehalten</i>, ""to pause while walking"").<br><br><b>Example:</b> <i>Er hielt kurz inne, bevor er weitersprach.</i> — ""He paused briefly before continuing to speak."" Another example: <i>Sie hielt beim Lesen des Briefes plötzlich inne.</i> — ""She suddenly paused while reading the letter.""<br><br><b>Synonym:</b> <b>kurz anhalten / eine Pause machen / verharren</b> depending on context<br><br><b>English:</b> <b>to pause / to stop briefly</b> · <b>French:</b> <b>s'arrêter (un instant) / marquer une pause</b> Useful nuance: <b>Innehalten</b> implies a deliberate or reflective pause — often a moment of hesitation, thought, or attentiveness — distinguishing it from <b>anhalten</b> (""to stop/halt""), which is more neutral and can describe any kind of stopping, including mechanical or involuntary.<br><br><b>CEFR:</b> roughly <b>B2</b>."
"jemandem einen Schlag versetzen","<b>Definition:</b> To deal or land someone a blow — literally a physical strike, or figuratively a severe setback, shock, or misfortune inflicted on someone.<br><br><b>Grammar:</b> Fixed idiom with <b>versetzen</b> (""to deal, administer"" — among its other meanings, ""to transfer, pawn"") + <b>der Schlag</b> (""blow, strike; also: stroke, as in a medical stroke""). Construction: <b>jemandem (Dativ) einen Schlag versetzen</b>. Intensified with adjectives: <i>einen schweren/harten Schlag versetzen</i> (""to deal a severe/hard blow"").<br><br><b>Example:</b> <i>Die Nachricht versetzte der Familie einen schweren Schlag.</i> — ""The news dealt the family a severe blow."" Another example: <i>Der Boxer versetzte seinem Gegner einen kräftigen Schlag.</i> — ""The boxer landed a powerful blow on his opponent.""<br><br><b>Synonym:</b> <b>jemanden hart treffen / jemandem zusetzen / einen Hieb versetzen</b> depending on context<br><br><b>English:</b> <b>to deal/land someone a blow</b> · <b>French:</b> <b>porter un coup à quelqu'un</b> Useful nuance: This idiom works equally well for a literal physical strike (boxing, combat) and a figurative, often severe setback or shock (bad news, a military defeat, financial loss) — the intensifying adjective (<b>schwer</b>, <b>schwerer</b>, <b>hart</b>) signals how serious the blow is.<br><br><b>CEFR:</b> roughly <b>B2–C1</b>."
"sich weigern","<b>Definition:</b> To refuse — to decline to do something, often despite pressure, request, or expectation to do it.<br><br><b>Grammar:</b> Reflexive weak verb: <b>sich weigern – weigerte sich – hat sich geweigert</b>. Followed by <b>zu + Infinitiv</b>: <b>sich weigern, etwas zu tun</b>. Related noun: <b>die Weigerung</b> (""refusal""); related verb: <b>verweigern</b> (""to refuse/deny,"" typically transitive: <i>jemandem etwas verweigern</i>, ""to deny someone something"").<br><br><b>Example:</b> <i>Er weigerte sich, den Vertrag zu unterschreiben.</i> — ""He refused to sign the contract."" Another example: <i>Die Angestellten weigerten sich, unter diesen Bedingungen weiterzuarbeiten.</i> — ""The employees refused to keep working under these conditions.""<br><br><b>Synonym:</b> <b>ablehnen / verweigern / nicht bereit sein, etwas zu tun</b> depending on context<br><br><b>English:</b> <b>to refuse</b> · <b>French:</b> <b>refuser (de faire quelque chose)</b> Useful nuance: <b>Sich weigern</b> emphasizes an active, often stated refusal to act, always followed by <b>zu + infinitive</b>. <b>Verweigern</b> is transitive and focuses on withholding or denying something specific (a service, permission, obedience) — <i>den Gehorsam verweigern</i> (""to refuse obedience"").<br><br><b>CEFR:</b> roughly <b>B1</b>."
"nachsetzen","<b>Definition:</b> To pursue or chase after someone, especially a retreating or fleeing enemy — a specifically military/tactical sense of following up on an advantage rather than a general word for ""to chase.""<br><br><b>Grammar:</b> Separable weak verb, conjugated with <b>sein</b> or <b>haben</b> depending on region/usage (commonly <b>haben</b>): <b>nachsetzen – setzte nach – hat nachgesetzt</b>. Used with a dative object (<b>jemandem nachsetzen</b>, ""to pursue someone"") or absolutely/intransitively, as in <i>sofort nachzusetzen</i> (""to pursue immediately""). Related to <b>nachjagen</b> and <b>verfolgen</b>, both closer to general ""to chase/pursue.""<br><br><b>Example:</b> <i>Die Kavallerie setzte dem fliehenden Feind nach.</i> — ""The cavalry pursued the fleeing enemy."" Another example: <i>Nach dem Sieg zögerte der General, sofort nachzusetzen.</i> — ""After the victory, the general hesitated to pursue immediately.""<br><br><b>Synonym:</b> <b>verfolgen / nachjagen / hinterherjagen</b> depending on context<br><br><b>English:</b> <b>to pursue (a retreating enemy) / to follow up (an advantage)</b> · <b>French:</b> <b>poursuivre (l'ennemi en fuite)</b> Useful nuance: <b>Nachsetzen</b> is narrower than <b>verfolgen</b>, which can mean ""to pursue/follow"" in almost any sense (including abstract, like pursuing a goal). <b>Nachsetzen</b> is specifically tied to the military/tactical context of chasing down a defeated or retreating opponent to press an advantage.<br><br><b>CEFR:</b> roughly <b>C1</b>."
